A,0.3268905580043793,0.7398340702056885,0.37268418073654175,0.7048577070236206,0.40319201350212097,0.6407185792922974,0.41665366291999817,0.5815773606300354,0.4252275228500366,0.5369491577148438,0.35978055000305176,0.5620439052581787,0.37047919631004333,0.49506860971450806,0.3747819662094116,0.4536088705062866,0.3770855963230133,0.4185316562652588,0.3261275887489319,0.5585538744926453,0.31883344054222107,0.4828930199146271,0.3138287663459778,0.43376588821411133,0.3081118166446686,0.39473116397857666,0.2980673313140869,0.5708323121070862,0.28428369760513306,0.5028282999992371,0.27773717045783997,0.45816588401794434,0.2725306451320648,0.4209262728691101,0.2746904790401459,0.5966173410415649,0.2570117115974426,0.5457408428192139,0.24736541509628296,0.5108792185783386,0.24037760496139526,0.4793688952922821
A,0.32669737935066223,0.7425379753112793,0.37212181091308594,0.7071874737739563,0.4028545618057251,0.6424471735954285,0.41686734557151794,0.5831807255744934,0.4260571002960205,0.5392751693725586,0.3588152825832367,0.5616414546966553,0.3700149953365326,0.4941062331199646,0.3747831881046295,0.4527829885482788,0.37746936082839966,0.418719619512558,0.32621002197265625,0.5587285757064819,0.3194632828235626,0.4807816743850708,0.3142462968826294,0.431744247674942,0.3083944320678711,0.3934934735298157,0.29920685291290283,0.571418046951294,0.2845052182674408,0.5041314959526062,0.2785813510417938,0.45921680331230164,0.27457672357559204,0.4226778447628021,0.27583879232406616,0.5970772504806519,0.25713202357292175,0.5464577674865723,0.24709053337574005,0.5110524892807007,0.23996573686599731,0.4786839485168457
A,0.3247821033000946,0.7471805810928345,0.3711142838001251,0.7103493809700012,0.403053879737854,0.64521324634552,0.4222593307495117,0.5879284143447876,0.43751707673072815,0.5478894114494324,0.35652127861976624,0.5633636713027954,0.36933133006095886,0.49759912490844727,0.3740602731704712,0.45674368739128113,0.37616533041000366,0.42297837138175964,0.32390448451042175,0.5590664148330688,0.3186259865760803,0.48464322090148926,0.31417927145957947,0.4398057162761688,0.30835282802581787,0.4052889943122864,0.29646095633506775,0.5705767869949341,0.2817333936691284,0.5053768157958984,0.2735987603664398,0.4656653106212616,0.26668888330459595,0.4325407147407532,0.27298593521118164,0.5956910848617554,0.25235363841056824,0.5479804277420044,0.23950213193893433,0.515631377696991,0.22937138378620148,0.4846125543117523
A,0.3249048888683319,0.7478159666061401,0.3713313043117523,0.7102208137512207,0.4030659794807434,0.6444001793861389,0.42202499508857727,0.5872714519500732,0.4371059238910675,0.5471901297569275,0.3566933870315552,0.5640299320220947,0.36937445402145386,0.49798402190208435,0.3742336928844452,0.45670217275619507,0.37645694613456726,0.42256033420562744,0.32396841049194336,0.559627890586853,0.31870588660240173,0.4855120778083801,0.31419458985328674,0.44049233198165894,0.30836400389671326,0.40581732988357544,0.29640692472457886,0.5706987977027893,0.2815863788127899,0.5054010152816772,0.2736457288265228,0.46547067165374756,0.2668530344963074,0.43242302536964417,0.272991418838501,0.5952447056770325,0.2524857819080353,0.5468467473983765,0.23954281210899353,0.5139795541763306,0.22909344732761383,0.48273777961730957
A,0.3258761465549469,0.7483977675437927,0.3718299865722656,0.7127905488014221,0.4036460816860199,0.6493567824363708,0.42463988065719604,0.5940811038017273,0.44321778416633606,0.5554722547531128,0.3556975722312927,0.5632979273796082,0.36556148529052734,0.49762725830078125,0.3694359064102173,0.4556000232696533,0.3704723119735718,0.41922444105148315,0.32193082571029663,0.5588736534118652,0.31412699818611145,0.48425212502479553,0.3082125782966614,0.43889904022216797,0.3012937605381012,0.40248560905456543,0.2933807969093323,0.5710137486457825,0.27770695090293884,0.5037498474121094,0.2686072289943695,0.46274474263191223,0.2608465254306793,0.42751744389533997,0.2688755393028259,0.5967583656311035,0.24568785727024078,0.5461368560791016,0.23096239566802979,0.5131338834762573,0.21929436922073364,0.4811171889305115
A,0.32668524980545044,0.7491114139556885,0.37210723757743835,0.7135567665100098,0.4039263129234314,0.6499639749526978,0.4251514673233032,0.5943523049354553,0.4433095157146454,0.5556933283805847,0.3547423183917999,0.5641456842422485,0.36554041504859924,0.4982008934020996,0.3696277141571045,0.4561843276023865,0.3707229197025299,0.42065057158470154,0.3213673532009125,0.5594295263290405,0.31375354528427124,0.4836844801902771,0.3077121675014496,0.438247948884964,0.30055609345436096,0.4026556611061096,0.2932007312774658,0.5713751316070557,0.27739813923835754,0.5041946768760681,0.2681713104248047,0.46315622329711914,0.26024243235588074,0.42823469638824463,0.2689436376094818,0.5973036289215088,0.2460818588733673,0.5477462410926819,0.23152995109558105,0.5152864456176758,0.21991729736328125,0.48424050211906433
A,0.3232264220714569,0.7516344785690308,0.37013036012649536,0.7137007713317871,0.4006650447845459,0.6480267643928528,0.4229077994823456,0.592866837978363,0.4443569481372833,0.5574795007705688,0.3494274616241455,0.5625867247581482,0.36042773723602295,0.4952775835990906,0.3647356331348419,0.45290112495422363,0.3658638298511505,0.41650229692459106,0.3158304989337921,0.5584776401519775,0.3080124855041504,0.48291489481925964,0.3026820719242096,0.43603038787841797,0.2953605055809021,0.3982029855251312,0.2876473665237427,0.5709545016288757,0.26937878131866455,0.5056248903274536,0.25954583287239075,0.46550190448760986,0.2510444223880768,0.43030303716659546,0.2641991376876831,0.5973917841911316,0.23886233568191528,0.5509585738182068,0.22407102584838867,0.5209911465644836,0.21279560029506683,0.4919273555278778
A,0.32227542996406555,0.7491326332092285,0.36995729804039,0.7126973271369934,0.4007108509540558,0.6481900811195374,0.4227956533432007,0.5931190848350525,0.4443429708480835,0.5582771897315979,0.34857305884361267,0.5637158751487732,0.36091962456703186,0.4961898624897003,0.3655758798122406,0.4531170725822449,0.36683008074760437,0.4171895384788513,0.3153904676437378,0.558322012424469,0.30915510654449463,0.4799964427947998,0.30340340733528137,0.43275827169418335,0.2959114909172058,0.39576664566993713,0.2873314917087555,0.5696181654930115,0.27119940519332886,0.5020359754562378,0.26192721724510193,0.4613419771194458,0.2536546587944031,0.42690515518188477,0.26297029852867126,0.5954890847206116,0.23718677461147308,0.5487833619117737,0.2213273048400879,0.5178316235542297,0.20860879123210907,0.48805633187294006
A,0.32166147232055664,0.750019907951355,0.369436651468277,0.7133239507675171,0.40056222677230835,0.6483922004699707,0.4229620099067688,0.593539834022522,0.44467097520828247,0.559137225151062,0.3481719493865967,0.5634226202964783,0.36109331250190735,0.49571678042411804,0.3659459948539734,0.45282936096191406,0.3673931956291199,0.41697871685028076,0.3151010572910309,0.5583649277687073,0.3091450333595276,0.48017746210098267,0.3037290573120117,0.4329853355884552,0.2965414524078369,0.395819753408432,0.28711628913879395,0.5698970556259155,0.27140501141548157,0.5025715231895447,0.26227867603302,0.4619441628456116,0.25405627489089966,0.42740598320961,0.2627674341201782,0.5960959196090698,0.23727022111415863,0.5493752956390381,0.2214834988117218,0.5185548663139343,0.20869845151901245,0.48901891708374023
A,0.3218790888786316,0.7492736577987671,0.36982542276382446,0.7125957012176514,0.401589572429657,0.6488585472106934,0.42515435814857483,0.5951616764068604,0.4474272131919861,0.5618537068367004,0.34856653213500977,0.5627115368843079,0.3621198534965515,0.49539482593536377,0.3672058880329132,0.45291680097579956,0.36894720792770386,0.41715916991233826,0.31548020243644714,0.5582980513572693,0.3097904920578003,0.48062196373939514,0.30534476041793823,0.43352216482162476,0.2992517948150635,0.3964064419269562,0.28745418787002563,0.5703383088111877,0.272294282913208,0.5026472210884094,0.26376253366470337,0.46090638637542725,0.2560872733592987,0.425481915473938,0.2629961371421814,0.5962995290756226,0.23881511390209198,0.5492689609527588,0.22425799071788788,0.5181103944778442,0.21261203289031982,0.4887048304080963
A,0.32257381081581116,0.7490123510360718,0.37051159143447876,0.7120182514190674,0.40167728066444397,0.6478456854820251,0.4253791868686676,0.5943096876144409,0.4474385678768158,0.5609750747680664,0.3490661382675171,0.5625234842300415,0.36197489500045776,0.49515822529792786,0.36709779500961304,0.4524690806865692,0.36878249049186707,0.4165648818016052,0.3162001967430115,0.5579099655151367,0.3105129301548004,0.4807175397872925,0.30567455291748047,0.43399864435195923,0.2990495264530182,0.39706552028656006,0.28822681307792664,0.5697753429412842,0.2725512683391571,0.5019619464874268,0.26360270380973816,0.4604978561401367,0.2555968165397644,0.4252168834209442,0.2639158368110657,0.5956907272338867,0.23879161477088928,0.5486586689949036,0.22342610359191895,0.5175995230674744,0.21117602288722992,0.48829641938209534
A,0.32359713315963745,0.7487779259681702,0.3712262213230133,0.7120234370231628,0.40264514088630676,0.6490817666053772,0.42611074447631836,0.5961337685585022,0.4490159749984741,0.5640333294868469,0.34970784187316895,0.5636903047561646,0.3627645671367645,0.49603548645973206,0.36779215931892395,0.4532566964626312,0.36944159865379333,0.41771167516708374,0.3169499635696411,0.5589684844017029,0.31090426445007324,0.48015427589416504,0.30620115995407104,0.43280935287475586,0.2998342514038086,0.3958292007446289,0.2890717685222626,0.5705932974815369,0.2727746367454529,0.502048909664154,0.26387301087379456,0.4605244994163513,0.2561573386192322,0.42544519901275635,0.264643132686615,0.596544623374939,0.23944182693958282,0.5498284697532654,0.22433774173259735,0.5188477039337158,0.2125110626220703,0.4893417954444885
A,0.32388538122177124,0.7489542961120605,0.37133821845054626,0.7119354605674744,0.40278828144073486,0.6488595604896545,0.42636004090309143,0.596153199672699,0.4491446614265442,0.5639169812202454,0.3498169183731079,0.5633804202079773,0.36286744475364685,0.4956895112991333,0.3679508566856384,0.45304372906684875,0.3696274757385254,0.4175647795200348,0.31689491868019104,0.558862566947937,0.3110983967781067,0.4801962971687317,0.3063220977783203,0.4329147934913635,0.29981446266174316,0.3961198031902313,0.28885719180107117,0.5706482529640198,0.27271729707717896,0.5021202564239502,0.26376694440841675,0.4609765410423279,0.25596901774406433,0.42634278535842896,0.26432421803474426,0.5967077016830444,0.23936623334884644,0.5497248768806458,0.22428224980831146,0.5188205242156982,0.21249136328697205,0.489420086145401
A,0.3232293725013733,0.7499036192893982,0.3714578151702881,0.7143614292144775,0.40309980511665344,0.6514307856559753,0.42609041929244995,0.5994499921798706,0.44867709279060364,0.5680571794509888,0.3506847620010376,0.563892126083374,0.3631044924259186,0.49627363681793213,0.36784523725509644,0.45369386672973633,0.3692050278186798,0.41768643260002136,0.3175869286060333,0.5591946244239807,0.3115711808204651,0.4811124801635742,0.3068241477012634,0.434073269367218,0.30041009187698364,0.3971019387245178,0.289469838142395,0.5709919929504395,0.2734619975090027,0.502739667892456,0.26436948776245117,0.4614865183830261,0.25618213415145874,0.42643892765045166,0.26474493741989136,0.5970417857170105,0.23910105228424072,0.5492000579833984,0.22336366772651672,0.5179352760314941,0.21082404255867004,0.48773398995399475
A,0.32289308309555054,0.7500243186950684,0.3710945248603821,0.7142965793609619,0.4027080237865448,0.651319146156311,0.42591235041618347,0.5997540950775146,0.44831401109695435,0.5683780908584595,0.35088449716567993,0.5638218522071838,0.36322587728500366,0.4962207078933716,0.36803263425827026,0.45357558131217957,0.3694262206554413,0.41745343804359436,0.31778448820114136,0.5592069029808044,0.3117853105068207,0.48100751638412476,0.3068414628505707,0.4339507818222046,0.3000424802303314,0.3970518708229065,0.2896786034107208,0.5711467266082764,0.273690402507782,0.5028557777404785,0.26445111632347107,0.46182572841644287,0.2559448480606079,0.42701542377471924,0.2648853361606598,0.5974154472351074,0.23920607566833496,0.5494838953018188,0.22348695993423462,0.5184580683708191,0.2108423262834549,0.4885503053665161
A,0.326598584651947,0.7511283159255981,0.37376371026039124,0.7168045043945312,0.40353894233703613,0.6543543934822083,0.4251005947589874,0.6031233072280884,0.44713324308395386,0.5724490880966187,0.3506605923175812,0.5651248097419739,0.3618318736553192,0.4979700446128845,0.3669460415840149,0.45594358444213867,0.3688593804836273,0.4205853044986725,0.318691611289978,0.559805691242218,0.3121093213558197,0.4810839593410492,0.3069700300693512,0.4336581826210022,0.2999339699745178,0.3965364694595337,0.29201996326446533,0.5707830190658569,0.2756832242012024,0.5008516311645508,0.26669707894325256,0.45790618658065796,0.2584780156612396,0.4214351177215576,0.2691124677658081,0.596107006072998,0.24315831065177917,0.5478932857513428,0.22744183242321014,0.5156867504119873,0.21489055454730988,0.4851997494697571
A,0.328136682510376,0.7510493397712708,0.37481269240379333,0.7162516713142395,0.4040142595767975,0.6540091633796692,0.425153911113739,0.6025221347808838,0.4471249580383301,0.5714446306228638,0.3505955636501312,0.5652145743370056,0.3618200719356537,0.4978712201118469,0.367040753364563,0.4560699462890625,0.3689619302749634,0.4206693768501282,0.31882259249687195,0.5600265264511108,0.312122642993927,0.48092329502105713,0.3070564866065979,0.433601975440979,0.3001110553741455,0.3964897394180298,0.2922693192958832,0.5709385871887207,0.2760320007801056,0.50121009349823,0.26699042320251465,0.45821425318717957,0.2586587369441986,0.421697199344635,0.26927638053894043,0.5960964560508728,0.24344567954540253,0.5476195812225342,0.22784031927585602,0.5154204368591309,0.21537020802497864,0.4848959147930145
A,0.33510082960128784,0.7386577129364014,0.35828205943107605,0.722823441028595,0.3604167699813843,0.6821495294570923,0.3632020354270935,0.6483882665634155,0.3700200915336609,0.6195931434631348,0.3081243634223938,0.6020588874816895,0.29540765285491943,0.5368610620498657,0.30117490887641907,0.489349901676178,0.31247198581695557,0.4550167918205261,0.3121141791343689,0.5984395742416382,0.30782416462898254,0.5352275967597961,0.31725409626960754,0.499924898147583,0.3277011811733246,0.47979485988616943,0.3225787281990051,0.6053640842437744,0.355773001909256,0.5559085011482239,0.379189133644104,0.5730833411216736,0.38903388381004333,0.6022410988807678,0.3380758464336395,0.6203832626342773,0.373565137386322,0.5854865908622742,0.3902412950992584,0.6024410128593445,0.39610135555267334,0.6302258968353271
A,0.32937848567962646,0.7394981980323792,0.35540905594825745,0.7180153727531433,0.3585369288921356,0.6752851605415344,0.3605533242225647,0.6437476873397827,0.36623573303222656,0.6177008748054504,0.30473318696022034,0.5956454277038574,0.29268118739128113,0.529619574546814,0.29839685559272766,0.48346441984176636,0.30763480067253113,0.450271874666214,0.3063470125198364,0.5940960049629211,0.3083917796611786,0.5314444303512573,0.3187631666660309,0.4986298084259033,0.3280722200870514,0.47925472259521484,0.3150121569633484,0.6028421521186829,0.3546067178249359,0.5568894743919373,0.3756929934024811,0.5774626135826111,0.38403141498565674,0.6035851836204529,0.32895809412002563,0.6186201572418213,0.3683888912200928,0.5890518426895142,0.38294002413749695,0.6063662767410278,0.38655152916908264,0.6291679739952087
A,0.33532583713531494,0.7435372471809387,0.37045547366142273,0.6900730133056641,0.3788391947746277,0.6314449906349182,0.3822154402732849,0.5899991989135742,0.3874286413192749,0.5592515468597412,0.314358651638031,0.5647333860397339,0.34678417444229126,0.5236968994140625,0.3747185170650482,0.5387202501296997,0.38308605551719666,0.5590076446533203,0.30253157019615173,0.5740025639533997,0.34643083810806274,0.5354636311531067,0.37338384985923767,0.5558112859725952,0.3781276345252991,0.5772705078125,0.2990264892578125,0.5919926762580872,0.350939005613327,0.565464198589325,0.3706848621368408,0.5895722508430481,0.36940237879753113,0.6105548143386841,0.30195367336273193,0.6163485646247864,0.3511890470981598,0.6014969944953918,0.3663223385810852,0.6211437582969666,0.3656277060508728,0.6384666562080383
A,0.3327780067920685,0.743406355381012,0.36619865894317627,0.6941194534301758,0.3755054473876953,0.6363124251365662,0.3796505928039551,0.5934974551200867,0.38566988706588745,0.5612714886665344,0.3123190402984619,0.5681394338607788,0.34447482228279114,0.527216911315918,0.37123623490333557,0.5402042269706726,0.3793249726295471,0.558476448059082,0.302234023809433,0.5780909061431885,0.34785038232803345,0.5423585176467896,0.37285274267196655,0.5606484413146973,0.3770565390586853,0.5818523168563843,0.30034351348876953,0.5955724120140076,0.3522052466869354,0.5682023763656616,0.37069228291511536,0.5897402167320251,0.37075352668762207,0.6119301915168762,0.3039884865283966,0.6190381050109863,0.35079413652420044,0.5983331799507141,0.36590468883514404,0.6150246858596802,0.36747583746910095,0.6328904032707214
A,0.33713090419769287,0.7455864548683167,0.3760890066623688,0.7128555774688721,0.4025079011917114,0.6494743824005127,0.4170205891132355,0.5972459316253662,0.42580854892730713,0.5532360076904297,0.370768666267395,0.5996606349945068,0.38477110862731934,0.5558595657348633,0.40090546011924744,0.5303497910499573,0.4153643548488617,0.5100618004798889,0.34957101941108704,0.5887581706047058,0.3585507869720459,0.5391753911972046,0.3717242181301117,0.5132330656051636,0.38636526465415955,0.49435967206954956,0.32758960127830505,0.5869909524917603,0.334256649017334,0.5357229709625244,0.345377653837204,0.5074383616447449,0.3583061695098877,0.48399972915649414,0.30601775646209717,0.5933037400245667,0.3117971420288086,0.5450484156608582,0.3190901577472687,0.5180877447128296,0.3281064033508301,0.49680382013320923
A,0.3352341055870056,0.7453805208206177,0.3740968108177185,0.7137516736984253,0.4007183015346527,0.6503315567970276,0.41536474227905273,0.5986345410346985,0.4222545325756073,0.5560566782951355,0.36762362718582153,0.5982598662376404,0.38200414180755615,0.552537202835083,0.39782702922821045,0.5285621881484985,0.4135684072971344,0.5110365152359009,0.3452537953853607,0.5902477502822876,0.35385826230049133,0.5402500629425049,0.3660062253475189,0.513512909412384,0.3807251751422882,0.49458613991737366,0.32325875759124756,0.5905412435531616,0.32869866490364075,0.5375444889068604,0.33896511793136597,0.5087858438491821,0.35295844078063965,0.48805147409439087,0.30239009857177734,0.5986570715904236,0.30771341919898987,0.5501353740692139,0.3139694929122925,0.5207953453063965,0.3236187696456909,0.49869805574417114
A,0.3092866539955139,0.716168999671936,0.3561238646507263,0.6905289888381958,0.38829344511032104,0.6349829435348511,0.4045978784561157,0.5832280516624451,0.4147144854068756,0.5407667756080627,0.36517542600631714,0.5767436623573303,0.3803909122943878,0.5149785876274109,0.3890889883041382,0.473347544670105,0.3963393270969391,0.4393004775047302,0.33559462428092957,0.5659874677658081,0.34140434861183167,0.4987429678440094,0.345946729183197,0.451165109872818,0.35051047801971436,0.4125736355781555,0.30707067251205444,0.5675882697105408,0.3064925968647003,0.5030248761177063,0.3085516095161438,0.45712441205978394,0.3110475242137909,0.42022109031677246,0.28048160672187805,0.5804586410522461,0.2728818655014038,0.5276840329170227,0.26830652356147766,0.49018049240112305,0.2650403380393982,0.45883452892303467
A,0.3039531409740448,0.7247750759124756,0.3490784466266632,0.6924013495445251,0.38432028889656067,0.6353119611740112,0.40678906440734863,0.5864472985267639,0.4246177673339844,0.5472368001937866,0.34587711095809937,0.572601318359375,0.3614138066768646,0.5127198100090027,0.3705703020095825,0.4744287133216858,0.37758493423461914,0.4421836733818054,0.31640559434890747,0.5647806525230408,0.3149987459182739,0.5013255476951599,0.3157692551612854,0.45767807960510254,0.3166266977787018,0.41960644721984863,0.28954124450683594,0.5688220858573914,0.28468701243400574,0.5032923221588135,0.2837681770324707,0.45860612392425537,0.2836877405643463,0.4195098876953125,0.2676651179790497,0.5818679332733154,0.26125916838645935,0.5291588306427002,0.2582777440547943,0.493046373128891,0.25764280557632446,0.4604005813598633
A,0.30845770239830017,0.723007321357727,0.35261070728302,0.6925216317176819,0.3848491907119751,0.6338043212890625,0.4058495759963989,0.5848738551139832,0.4241727888584137,0.5471863150596619,0.34053337574005127,0.5692464709281921,0.35562318563461304,0.5097135305404663,0.3653487265110016,0.47170642018318176,0.37348195910453796,0.44010603427886963,0.31119582056999207,0.5622333288192749,0.3071562349796295,0.498800128698349,0.30576005578041077,0.4539794921875,0.3046678304672241,0.41638123989105225,0.2863839268684387,0.5664477348327637,0.2781091034412384,0.5030032992362976,0.27550631761550903,0.4594818651676178,0.273613303899765,0.4226158857345581,0.26767629384994507,0.5798154473304749,0.25975170731544495,0.5276579260826111,0.25565841794013977,0.4913536310195923,0.25373685359954834,0.45837676525115967
A,0.28823259472846985,0.7392685413360596,0.3353971242904663,0.7099186182022095,0.3733534514904022,0.6534830331802368,0.39835575222969055,0.6045278310775757,0.41808438301086426,0.5672492980957031,0.34833449125289917,0.5797460079193115,0.37303006649017334,0.5330673456192017,0.3888583779335022,0.5144327878952026,0.40092939138412476,0.5041576027870178,0.3239011764526367,0.563306450843811,0.3400608003139496,0.4963630139827728,0.35623523592948914,0.47571492195129395,0.37057822942733765,0.4691559672355652,0.2975289821624756,0.5579776763916016,0.30431652069091797,0.4889737069606781,0.3175698220729828,0.4546951949596405,0.3331066966056824,0.4331374764442444,0.27093398571014404,0.5646514296531677,0.26715806126594543,0.5109168887138367,0.2723599672317505,0.48125386238098145,0.2826450765132904,0.4606857895851135
A,0.28792810440063477,0.740662693977356,0.33943599462509155,0.7090076804161072,0.3771997392177582,0.655796229839325,0.39730340242385864,0.6061989068984985,0.4128887355327606,0.5676624178886414,0.3598272204399109,0.5874195098876953,0.3802926540374756,0.5379502177238464,0.3921675384044647,0.5122119784355164,0.40223318338394165,0.49209776520729065,0.33266595005989075,0.572345495223999,0.34199732542037964,0.508306622505188,0.35053956508636475,0.47013846039772034,0.3587194085121155,0.44001853466033936,0.3051759898662567,0.5698930025100708,0.3088288903236389,0.5116546154022217,0.31773853302001953,0.4795421361923218,0.32880064845085144,0.4542245864868164,0.27635952830314636,0.5801048278808594,0.2658466100692749,0.5282272696495056,0.2640945315361023,0.49313119053840637,0.26661649346351624,0.46172699332237244
A,0.2900252640247345,0.7374876141548157,0.341060072183609,0.7071972489356995,0.3791619837284088,0.6552250981330872,0.39799413084983826,0.6062222123146057,0.412759006023407,0.567111074924469,0.3587299585342407,0.5882658958435059,0.3787081241607666,0.5385202765464783,0.3912944793701172,0.5126639008522034,0.40232041478157043,0.4933459758758545,0.3315618932247162,0.5736493468284607,0.3414855897426605,0.5098885297775269,0.3506932556629181,0.4713708162307739,0.3594467043876648,0.4410402178764343,0.30379176139831543,0.5711214542388916,0.30742567777633667,0.5115799903869629,0.3163059651851654,0.4786822199821472,0.3271567225456238,0.4537420868873596,0.27484795451164246,0.5811448097229004,0.2657788395881653,0.5291581749916077,0.26553159952163696,0.4949752688407898,0.26903361082077026,0.4649048447608948
A,0.3042880594730377,0.7507724165916443,0.34896042943000793,0.7158926129341125,0.38620463013648987,0.6616490483283997,0.4119604527950287,0.6175121068954468,0.42942014336586,0.5773583650588989,0.3460064232349396,0.5828071236610413,0.35152027010917664,0.5231519937515259,0.3599393963813782,0.49347618222236633,0.3703501224517822,0.4731309413909912,0.3197416067123413,0.5795763731002808,0.3188374936580658,0.5110430121421814,0.32298025488853455,0.46795031428337097,0.3290863037109375,0.4335436224937439,0.29568547010421753,0.5891919136047363,0.2907220721244812,0.5247230529785156,0.29242292046546936,0.4834527373313904,0.2976280152797699,0.4501703381538391,0.2744414806365967,0.6108753681182861,0.265265554189682,0.5636040568351746,0.2633841335773468,0.5322110652923584,0.26452332735061646,0.5054316520690918
A,0.3077104091644287,0.7521729469299316,0.34898650646209717,0.7174797654151917,0.3843730092048645,0.6610022783279419,0.41010332107543945,0.6165254712104797,0.4292960464954376,0.5785433053970337,0.3435386121273041,0.5835659503936768,0.3471413850784302,0.5221467614173889,0.35490262508392334,0.4913049042224884,0.36595186591148376,0.46895724534988403,0.319785475730896,0.5827780365943909,0.31771600246429443,0.5144981145858765,0.3203555941581726,0.4703999161720276,0.32633429765701294,0.4348553419113159,0.2976284325122833,0.595515251159668,0.29173436760902405,0.5307518243789673,0.2937365174293518,0.4899865984916687,0.30035993456840515,0.4562409222126007,0.27654600143432617,0.6204366087913513,0.26860418915748596,0.5765421390533447,0.2683213949203491,0.5481420159339905,0.27084997296333313,0.5236293077468872
A,0.27238109707832336,0.7628743052482605,0.3052729070186615,0.7015758752822876,0.3334415853023529,0.6377567648887634,0.3603353798389435,0.5976941585540771,0.3820725679397583,0.574118435382843,0.3009587526321411,0.5760194063186646,0.33622080087661743,0.5316612720489502,0.3680591285228729,0.5341219902038574,0.38696974515914917,0.5472585558891296,0.2971341907978058,0.5938171744346619,0.3505516052246094,0.5622775554656982,0.37899214029312134,0.5690438747406006,0.392652690410614,0.5818789005279541,0.2961505353450775,0.6224246025085449,0.3619929850101471,0.622308611869812,0.36787551641464233,0.6403226256370544,0.3577994406223297,0.6520835757255554,0.29904621839523315,0.6587322354316711,0.35471808910369873,0.6624522805213928,0.354139119386673,0.67723548412323,0.3391892910003662,0.6863877177238464
A,0.28738340735435486,0.7774160504341125,0.3380604386329651,0.7596443891525269,0.3794909417629242,0.713285505771637,0.4115537405014038,0.6673764586448669,0.4367128610610962,0.6297131180763245,0.3505794107913971,0.6098546385765076,0.3747539818286896,0.5395198464393616,0.3907540440559387,0.49846237897872925,0.4037895202636719,0.4653525948524475,0.31662529706954956,0.5932598114013672,0.3269844949245453,0.5072870850563049,0.33424142003059387,0.45153021812438965,0.33855441212654114,0.41003745794296265,0.28366178274154663,0.5960038304328918,0.2847899794578552,0.5151472687721252,0.2873292863368988,0.46227723360061646,0.29056504368782043,0.4212896227836609,0.25228607654571533,0.6156136393547058,0.24123355746269226,0.5534685850143433,0.23502855002880096,0.5118356943130493,0.23159992694854736,0.47713249921798706
A,0.28364405035972595,0.7876527309417725,0.33683422207832336,0.7653874158859253,0.37851643562316895,0.7166883945465088,0.4097880721092224,0.6694134473800659,0.4359018802642822,0.6299580335617065,0.3482922911643982,0.6120040416717529,0.3732866942882538,0.5425881743431091,0.3908019959926605,0.5017762184143066,0.4055965840816498,0.4686623811721802,0.315685510635376,0.5946629047393799,0.32627660036087036,0.5060620307922363,0.33300545811653137,0.45000284910202026,0.3368225693702698,0.40761685371398926,0.2835920453071594,0.5963836312294006,0.2842791676521301,0.5146644115447998,0.28655338287353516,0.4611269533634186,0.2895554304122925,0.4186707139015198,0.252356618642807,0.6153258681297302,0.2409905195236206,0.551289975643158,0.23533090949058533,0.5087018013000488,0.23218771815299988,0.4723700284957886
A,0.27721014618873596,0.7795552015304565,0.3347335755825043,0.7562830448150635,0.3779290020465851,0.7005100250244141,0.4065634608268738,0.646419107913971,0.43240949511528015,0.6085516214370728,0.3466528058052063,0.5976901650428772,0.37494218349456787,0.5319544076919556,0.39174994826316833,0.4898048937320709,0.4044824540615082,0.45425891876220703,0.31356534361839294,0.5805757641792297,0.3265139162540436,0.49371153116226196,0.3340362012386322,0.4398252069950104,0.33809778094291687,0.3961760401725769,0.2811969220638275,0.5828000903129578,0.28447413444519043,0.5010187029838562,0.28846168518066406,0.448713481426239,0.2924937903881073,0.4046185612678528,0.24900151789188385,0.6006046533584595,0.24232585728168488,0.5351932644844055,0.23944339156150818,0.4933274984359741,0.23848554491996765,0.45593637228012085
A,0.2748568058013916,0.7789417505264282,0.3322979211807251,0.7556822299957275,0.37669089436531067,0.7011845111846924,0.40582573413848877,0.6479044556617737,0.4318174719810486,0.6102057695388794,0.34643206000328064,0.5948627591133118,0.37476232647895813,0.529492199420929,0.391671359539032,0.4890636205673218,0.40490683913230896,0.45513975620269775,0.3140537738800049,0.5778595805168152,0.3278653621673584,0.4929544925689697,0.3351147472858429,0.43949952721595764,0.33866411447525024,0.39667654037475586,0.28235432505607605,0.5804465413093567,0.28484833240509033,0.4997788071632385,0.28853559494018555,0.44891953468322754,0.29222363233566284,0.40664082765579224,0.2508520483970642,0.598918080329895,0.2433633953332901,0.5351571440696716,0.23968011140823364,0.4931323528289795,0.23775745928287506,0.4553672671318054
A,0.27183797955513,0.7611104249954224,0.330826073884964,0.7370386123657227,0.3753475546836853,0.6820518374443054,0.40191662311553955,0.6274288892745972,0.4272536039352417,0.5886537432670593,0.34796062111854553,0.585126519203186,0.3776681125164032,0.5197861790657043,0.3951355814933777,0.4775777757167816,0.40852195024490356,0.4419713020324707,0.3152198791503906,0.5672228932380676,0.33108219504356384,0.48095569014549255,0.3399530351161957,0.42675480246543884,0.3452192544937134,0.3820263743400574,0.28288784623146057,0.5688996315002441,0.28797343373298645,0.48700496554374695,0.29247772693634033,0.43529003858566284,0.29716426134109497,0.392035573720932,0.25011104345321655,0.5856890678405762,0.24352842569351196,0.5205398797988892,0.24071498215198517,0.4765703082084656,0.2399311363697052,0.43623214960098267
A,0.2719235420227051,0.7600051164627075,0.330060213804245,0.7364201545715332,0.37477976083755493,0.6815622448921204,0.4029209613800049,0.6258631944656372,0.42717602849006653,0.5831400156021118,0.3474615216255188,0.5825722217559814,0.3760666251182556,0.5174528956413269,0.392554372549057,0.47431546449661255,0.4052426815032959,0.437542200088501,0.3154989778995514,0.5645646452903748,0.32838982343673706,0.47978270053863525,0.33542197942733765,0.4255172908306122,0.3400654196739197,0.37976211309432983,0.28354641795158386,0.565200686454773,0.286661297082901,0.48615002632141113,0.29014158248901367,0.4360732436180115,0.29414066672325134,0.3941005766391754,0.25091683864593506,0.5806183815002441,0.24220530688762665,0.5177550911903381,0.2380780428647995,0.47540658712387085,0.23608550429344177,0.4370349645614624
A,0.27225470542907715,0.7595273852348328,0.3304308354854584,0.7360407710075378,0.37509623169898987,0.6815679669380188,0.40291330218315125,0.6257980465888977,0.4272201657295227,0.5830270051956177,0.34712427854537964,0.5825908780097961,0.3758528232574463,0.5175351500511169,0.39241090416908264,0.4744246304035187,0.40514883399009705,0.4375128149986267,0.3151789605617523,0.5647404193878174,0.3283371925354004,0.48024195432662964,0.33544889092445374,0.4259038269519806,0.3401274085044861,0.3800897002220154,0.28330373764038086,0.5654903054237366,0.28659310936927795,0.48638081550598145,0.29009711742401123,0.4361022710800171,0.29411375522613525,0.39403972029685974,0.2508017420768738,0.5810037851333618,0.24209053814411163,0.517883837223053,0.23807623982429504,0.47533905506134033,0.2362106591463089,0.43682006001472473
A,0.2727201282978058,0.760428786277771,0.33031395077705383,0.7369802594184875,0.37537291646003723,0.6818107962608337,0.4036135673522949,0.6264171004295349,0.4273964762687683,0.5844550132751465,0.34712865948677063,0.582885205745697,0.3763164281845093,0.5194540023803711,0.3936430811882019,0.4777708649635315,0.40697580575942993,0.4430409371852875,0.31578272581100464,0.5650445818901062,0.3301660418510437,0.4828524589538574,0.3375702500343323,0.43071630597114563,0.34203723073005676,0.38809606432914734,0.2843755781650543,0.5657524466514587,0.28836724162101746,0.4869115650653839,0.290860652923584,0.4379182755947113,0.29363617300987244,0.397537499666214,0.2521691918373108,0.5818299651145935,0.2421557903289795,0.5197081565856934,0.23735332489013672,0.4779229760169983,0.23491021990776062,0.440203458070755
A,0.27256840467453003,0.7604418396949768,0.33019307255744934,0.7371275424957275,0.3752017617225647,0.6817269325256348,0.403462290763855,0.6262438297271729,0.42746829986572266,0.5843935012817383,0.34703296422958374,0.5830474495887756,0.3764245808124542,0.5196413397789001,0.39352232217788696,0.4777999818325043,0.406534343957901,0.4426409900188446,0.31561601161956787,0.5652475357055664,0.33000895380973816,0.4828181564807892,0.3375152051448822,0.43042582273483276,0.34208858013153076,0.38727083802223206,0.2842884063720703,0.5661054253578186,0.2880766987800598,0.48756611347198486,0.29081231355667114,0.4386863708496094,0.29390963912010193,0.39802128076553345,0.25232410430908203,0.5821643471717834,0.24254964292049408,0.5205097198486328,0.237860769033432,0.4791928827762604,0.23556816577911377,0.4415932595729828
A,0.27362507581710815,0.7612252235412598,0.3308041989803314,0.7361428141593933,0.37553516030311584,0.6800091862678528,0.4039364159107208,0.625615119934082,0.42814239859580994,0.5844541788101196,0.3474483788013458,0.581861138343811,0.3767596483230591,0.5189010500907898,0.3941512405872345,0.47792911529541016,0.4074498414993286,0.44371914863586426,0.3162342309951782,0.564907968044281,0.331299364566803,0.4836682677268982,0.3392781913280487,0.43253397941589355,0.34435462951660156,0.3900216519832611,0.2849988341331482,0.566201388835907,0.2897937595844269,0.48822519183158875,0.29324793815612793,0.4393985867500305,0.2970532178878784,0.3983931541442871,0.2528204321861267,0.5824053883552551,0.2435482144355774,0.5207669138908386,0.23901519179344177,0.4796023368835449,0.23681870102882385,0.4418259263038635
A,0.2737465798854828,0.7614783644676208,0.3307221233844757,0.7362905740737915,0.37554603815078735,0.6798710227012634,0.4040512442588806,0.6253101825714111,0.42823368310928345,0.5841596722602844,0.34750375151634216,0.5818731784820557,0.37686195969581604,0.5188844203948975,0.39420217275619507,0.47790491580963135,0.4074285924434662,0.44376814365386963,0.31619954109191895,0.5648629665374756,0.3311101794242859,0.48343729972839355,0.3391585350036621,0.43227875232696533,0.34431108832359314,0.3898339867591858,0.28494662046432495,0.5661900639533997,0.2895653247833252,0.48803260922431946,0.2932126224040985,0.4393213391304016,0.2971997857093811,0.398497998714447,0.25290364027023315,0.5823964476585388,0.2434276044368744,0.5203167200088501,0.23879337310791016,0.4790216386318207,0.23651793599128723,0.44106847047805786
A,0.2718021273612976,0.7587884068489075,0.32879942655563354,0.734431803226471,0.37345150113105774,0.6766470074653625,0.4024018347263336,0.620009183883667,0.42754754424095154,0.5792381763458252,0.34833019971847534,0.5784779191017151,0.3776140809059143,0.5148360729217529,0.39453667402267456,0.4732304811477661,0.40736833214759827,0.43751049041748047,0.316765695810318,0.561478853225708,0.33147287368774414,0.47958263754844666,0.33867380023002625,0.4269765317440033,0.3430553674697876,0.3819407820701599,0.28510206937789917,0.5634949207305908,0.29017361998558044,0.48535698652267456,0.29350605607032776,0.4359658658504486,0.29695409536361694,0.39397019147872925,0.25211241841316223,0.5806724429130554,0.24229681491851807,0.5192684531211853,0.23735617101192474,0.47790396213531494,0.2348322868347168,0.4393739700317383
A,0.27276936173439026,0.7576335668563843,0.32992351055145264,0.7348983287811279,0.3747938573360443,0.6792157292366028,0.4026821553707123,0.6219871044158936,0.42828071117401123,0.5805803537368774,0.3480933606624603,0.5781055092811584,0.37770941853523254,0.5138580203056335,0.3948385715484619,0.4723758399486542,0.40766921639442444,0.4368155598640442,0.31665942072868347,0.5611793398857117,0.33234432339668274,0.4801452159881592,0.33983314037323,0.4284049868583679,0.34409651160240173,0.38432371616363525,0.2852175831794739,0.5627144575119019,0.29036030173301697,0.4848010241985321,0.2933153808116913,0.4357464015483856,0.29613155126571655,0.3940141797065735,0.2525596618652344,0.5793865919113159,0.2421056032180786,0.5181714296340942,0.23646539449691772,0.47698915004730225,0.2330162078142166,0.43875372409820557
A,0.2733926475048065,0.7573887705802917,0.3304315507411957,0.7341304421424866,0.37509381771087646,0.6782277226448059,0.4030159115791321,0.6211965680122375,0.42825251817703247,0.5797340273857117,0.34815841913223267,0.5778804421424866,0.37765127420425415,0.5136022567749023,0.3948616683483124,0.47212979197502136,0.4077962040901184,0.43669363856315613,0.31671613454818726,0.5611305832862854,0.33233264088630676,0.479915976524353,0.3398348391056061,0.4279966950416565,0.34416189789772034,0.3838171064853668,0.28522154688835144,0.5626111626625061,0.29034683108329773,0.48460036516189575,0.2933744192123413,0.43549707531929016,0.29633623361587524,0.3938542604446411,0.25246331095695496,0.5791606903076172,0.24212320148944855,0.5180407166481018,0.23662015795707703,0.47702038288116455,0.23341915011405945,0.4389002323150635
A,0.2747461199760437,0.760077714920044,0.3326280117034912,0.7357125878334045,0.3778199553489685,0.6790391802787781,0.4058702290058136,0.6236330270767212,0.4287315011024475,0.5820424556732178,0.34967654943466187,0.5792748332023621,0.37923645973205566,0.5157207250595093,0.3965819776058197,0.47460436820983887,0.40954864025115967,0.4397035241127014,0.31798890233039856,0.5628818869590759,0.3331702947616577,0.4805704355239868,0.34061869978904724,0.42818310856819153,0.3448173999786377,0.38451844453811646,0.2861684560775757,0.5646544098854065,0.29091060161590576,0.48555728793144226,0.2936881184577942,0.43606501817703247,0.296818345785141,0.39434587955474854,0.25288182497024536,0.5815584659576416,0.24187391996383667,0.5202311277389526,0.23627451062202454,0.4787941575050354,0.23351803421974182,0.44027411937713623
A,0.27545782923698425,0.7600772380828857,0.3329373896121979,0.7357979416847229,0.37797078490257263,0.6789363026618958,0.40627479553222656,0.6234167814254761,0.42981839179992676,0.5824347138404846,0.3496355414390564,0.5799309015274048,0.37874528765678406,0.5160647630691528,0.3961223363876343,0.475107342004776,0.40928786993026733,0.4403902292251587,0.31780850887298584,0.5635985136032104,0.332612544298172,0.48069435358047485,0.3401089906692505,0.42828768491744995,0.34457048773765564,0.38442665338516235,0.28601258993148804,0.5655671954154968,0.2904958128929138,0.48645487427711487,0.29328787326812744,0.4368283748626709,0.2964598536491394,0.3948410153388977,0.25284188985824585,0.5825003385543823,0.24189819395542145,0.5207589268684387,0.23622751235961914,0.4788658618927002,0.23331809043884277,0.43965649604797363
A,0.2765250504016876,0.7629434466362,0.3334401547908783,0.7381781339645386,0.37793946266174316,0.6793609261512756,0.40634408593177795,0.6233334541320801,0.42938175797462463,0.5825725197792053,0.34860455989837646,0.5808783173561096,0.3772200644016266,0.5139899253845215,0.3938577175140381,0.4717260003089905,0.40672269463539124,0.43596839904785156,0.31641167402267456,0.5646917223930359,0.3296552300453186,0.47988125681877136,0.3367924392223358,0.4258602559566498,0.3410065174102783,0.3815453052520752,0.28488388657569885,0.5674933195114136,0.28922757506370544,0.48833057284355164,0.2932513654232025,0.43830007314682007,0.2973315715789795,0.39597511291503906,0.2528926730155945,0.5858558416366577,0.24236221611499786,0.5264407396316528,0.23688215017318726,0.4859860837459564,0.23362889885902405,0.4486348330974579
A,0.27600932121276855,0.7635842561721802,0.3327685296535492,0.7387961745262146,0.3770533800125122,0.6794052720069885,0.40568411350250244,0.6229243874549866,0.4294871687889099,0.5824264287948608,0.34855279326438904,0.5810521245002747,0.3771446645259857,0.514299213886261,0.393930047750473,0.4722248911857605,0.40714696049690247,0.4368551969528198,0.3168753385543823,0.5648380517959595,0.3299512267112732,0.4802188575267792,0.33725854754447937,0.4260448217391968,0.3417849838733673,0.3816773295402527,0.2855648100376129,0.5675185322761536,0.2894294857978821,0.4881969094276428,0.29348450899124146,0.4382414221763611,0.2978697419166565,0.39593589305877686,0.25354695320129395,0.5858163237571716,0.24261784553527832,0.5271801948547363,0.23701125383377075,0.4872407913208008,0.2337273806333542,0.44997334480285645
A,0.30950474739074707,0.7483740448951721,0.36143550276756287,0.7282721996307373,0.40148764848709106,0.6833955645561218,0.43319982290267944,0.6374788880348206,0.46278008818626404,0.6047670841217041,0.37593087553977966,0.5832895040512085,0.4049815833568573,0.5189191699028015,0.42142483592033386,0.4769887626171112,0.43336498737335205,0.44175559282302856,0.3442259728908539,0.567103922367096,0.3573641777038574,0.4849739074707031,0.36377114057540894,0.432864785194397,0.36674559116363525,0.3905301094055176,0.3127117156982422,0.5692973732948303,0.3151763081550598,0.49197453260421753,0.317839115858078,0.44259053468704224,0.3204967677593231,0.40300261974334717,0.2814218997955322,0.5874771475791931,0.26713553071022034,0.5266704559326172,0.26037654280662537,0.48474428057670593,0.2564070522785187,0.4470462203025818
A,0.30859851837158203,0.753219485282898,0.360639750957489,0.7317216396331787,0.39988744258880615,0.6852328777313232,0.4315059781074524,0.6389991641044617,0.4618954062461853,0.6052650809288025,0.3746868669986725,0.583645761013031,0.4032900929450989,0.5190402865409851,0.4199579060077667,0.47765475511550903,0.43241971731185913,0.44219261407852173,0.3428269326686859,0.5679356455802917,0.35611477494239807,0.4845309257507324,0.36344191431999207,0.43172305822372437,0.36701416969299316,0.38853517174720764,0.3116426169872284,0.5716681480407715,0.3124723434448242,0.4940643310546875,0.3157748281955719,0.443567156791687,0.3196167051792145,0.40230754017829895,0.280877947807312,0.5915524363517761,0.2666551172733307,0.52994704246521,0.26066866517066956,0.48709356784820557,0.25791314244270325,0.44791924953460693
A,0.3053143620491028,0.7442257404327393,0.3592630922794342,0.7184206247329712,0.4035153090953827,0.6641139984130859,0.43653547763824463,0.6187170743942261,0.4663049876689911,0.5933255553245544,0.3741382956504822,0.5686604976654053,0.40170443058013916,0.5049299597740173,0.41599979996681213,0.4651673436164856,0.4259808659553528,0.43115079402923584,0.34172675013542175,0.5552870631217957,0.3552846312522888,0.4754839539527893,0.3610628843307495,0.42719268798828125,0.36317041516304016,0.38801345229148865,0.3102962076663971,0.5584508776664734,0.31271710991859436,0.4841110110282898,0.3158436119556427,0.43839186429977417,0.31873661279678345,0.40075570344924927,0.2786217927932739,0.575435221195221,0.2681591212749481,0.5164759755134583,0.2623734176158905,0.4781399965286255,0.25937187671661377,0.4423409402370453
A,0.3049122393131256,0.7434213161468506,0.35899075865745544,0.7181824445724487,0.4032387435436249,0.6647902131080627,0.43680500984191895,0.6190510392189026,0.46607381105422974,0.5931635499000549,0.37380945682525635,0.5681542754173279,0.4013473689556122,0.5045778751373291,0.41581088304519653,0.4646216630935669,0.42577099800109863,0.43110883235931396,0.3413977026939392,0.5542993545532227,0.35505759716033936,0.4748103618621826,0.3610045909881592,0.426394522190094,0.362906277179718,0.3882729709148407,0.31002503633499146,0.557225227355957,0.31277135014533997,0.48218706250190735,0.3157365024089813,0.4367715120315552,0.3182552456855774,0.4000453054904938,0.2785940170288086,0.5745332837104797,0.2683703899383545,0.516109824180603,0.26283028721809387,0.4774681329727173,0.2600056529045105,0.4418283998966217
A,0.30536124110221863,0.7406281232833862,0.3593185544013977,0.7150009870529175,0.40348199009895325,0.6599682569503784,0.4362679123878479,0.613307774066925,0.4664474427700043,0.590190589427948,0.372685968875885,0.5610896348953247,0.39906489849090576,0.49997735023498535,0.4128400385379791,0.46028631925582886,0.4223121106624603,0.4270328879356384,0.3401045799255371,0.5478019118309021,0.3526162803173065,0.4716518223285675,0.3578589856624603,0.42485469579696655,0.35947248339653015,0.3874731659889221,0.30923283100128174,0.5512580275535583,0.3117210268974304,0.4789133071899414,0.3142947554588318,0.43538105487823486,0.3164648413658142,0.3996896743774414,0.27841293811798096,0.5689480304718018,0.2676663398742676,0.5125858187675476,0.2621271312236786,0.47512346506118774,0.25951576232910156,0.4401974678039551
A,0.3052402138710022,0.741446852684021,0.3592708110809326,0.7164312601089478,0.40262332558631897,0.6615498661994934,0.4350825846195221,0.6143534183502197,0.4654991626739502,0.5912935733795166,0.37237074971199036,0.5614102482795715,0.3992656171321869,0.5005626082420349,0.41356608271598816,0.46096837520599365,0.42314863204956055,0.42814916372299194,0.34052374958992004,0.5475327372550964,0.3535751402378082,0.4711921215057373,0.35923415422439575,0.42434602975845337,0.3610156774520874,0.3875959813594818,0.30980727076530457,0.5505079030990601,0.31246745586395264,0.4776604175567627,0.3152029812335968,0.4339790344238281,0.3174474537372589,0.398790180683136,0.2786470353603363,0.568211019039154,0.2673761546611786,0.5114983916282654,0.2616632580757141,0.47395288944244385,0.2589050829410553,0.4392774701118469
A,0.3065680265426636,0.7384634017944336,0.3597927391529083,0.7135292887687683,0.4027537405490875,0.6594197154045105,0.43569710850715637,0.6128312945365906,0.46563681960105896,0.5907877087593079,0.3717699646949768,0.5613548755645752,0.39898714423179626,0.5006959438323975,0.4129888117313385,0.4615336060523987,0.42230647802352905,0.4284256398677826,0.3402002155780792,0.54755699634552,0.35343053936958313,0.47113341093063354,0.3588535785675049,0.4247003197669983,0.3605775833129883,0.3877667188644409,0.309856653213501,0.5502956509590149,0.31334903836250305,0.47755587100982666,0.31592175364494324,0.43437719345092773,0.3179909288883209,0.39902734756469727,0.2790449857711792,0.5675613880157471,0.26713883876800537,0.5122907757759094,0.26124653220176697,0.4757060706615448,0.2584095597267151,0.4415396451950073
A,0.30694127082824707,0.7372270822525024,0.3601417541503906,0.7128063440322876,0.4028204083442688,0.6598091125488281,0.43533527851104736,0.6134341955184937,0.46460339426994324,0.5905991196632385,0.37169045209884644,0.5614249110221863,0.398802787065506,0.5004874467849731,0.4127214252948761,0.46131157875061035,0.4219210743904114,0.4281456768512726,0.340350478887558,0.5477040410041809,0.35330554842948914,0.47141557931900024,0.35856208205223083,0.42482200264930725,0.36009764671325684,0.3878505229949951,0.309935599565506,0.5505193471908569,0.31315121054649353,0.47806909680366516,0.31553196907043457,0.4346555173397064,0.3173927068710327,0.39900386333465576,0.2789725661277771,0.5677983164787292,0.26709383726119995,0.5127999782562256,0.26107487082481384,0.476196825504303,0.258076936006546,0.441886842250824
A,0.3074006140232086,0.7390642166137695,0.36079907417297363,0.7155349254608154,0.40370237827301025,0.6622313261032104,0.4380728006362915,0.6174342632293701,0.4675520062446594,0.5930265188217163,0.3726012408733368,0.5625303387641907,0.39862537384033203,0.5016176700592041,0.4125314950942993,0.4632338285446167,0.4219231605529785,0.43074965476989746,0.34123921394348145,0.5479636192321777,0.35386985540390015,0.47133663296699524,0.35925987362861633,0.42531532049179077,0.3608664870262146,0.3890444040298462,0.31047672033309937,0.55043625831604,0.31374335289001465,0.4776252508163452,0.315393328666687,0.4347412884235382,0.31645432114601135,0.3997059464454651,0.2792428135871887,0.5678499341011047,0.2676456868648529,0.5130502581596375,0.2609127163887024,0.4774255156517029,0.256815105676651,0.4446325898170471
A,0.30772262811660767,0.7396191358566284,0.361549437046051,0.7162901163101196,0.40427616238594055,0.6628473401069641,0.4375486969947815,0.6173895001411438,0.4663882553577423,0.5924456715583801,0.37224075198173523,0.5623511672019958,0.3984592854976654,0.5017328262329102,0.41270163655281067,0.4634772837162018,0.4224840998649597,0.43106210231781006,0.3406921327114105,0.5479057431221008,0.35345903038978577,0.4711330235004425,0.35898953676223755,0.4251142740249634,0.36089882254600525,0.38901883363723755,0.31003719568252563,0.5505085587501526,0.31348514556884766,0.47767138481140137,0.31538671255111694,0.4347238540649414,0.31673958897590637,0.39947623014450073,0.278928279876709,0.5680624842643738,0.26735919713974,0.513134777545929,0.2608430087566376,0.47759175300598145,0.2571004033088684,0.4447009861469269
A,0.30876997113227844,0.7442632913589478,0.36223748326301575,0.7197708487510681,0.40513157844543457,0.6670224070549011,0.4398488402366638,0.6220782995223999,0.4700545370578766,0.5959504246711731,0.37496981024742126,0.5659938454627991,0.4021235704421997,0.5044770836830139,0.4161304831504822,0.46508651971817017,0.42548421025276184,0.43149450421333313,0.3432151675224304,0.5513937473297119,0.35501137375831604,0.47456422448158264,0.36029523611068726,0.42832571268081665,0.36216264963150024,0.3912239670753479,0.31218892335891724,0.5539022088050842,0.3156454265117645,0.4813249111175537,0.3175046145915985,0.43819159269332886,0.3190310597419739,0.40216612815856934,0.28067338466644287,0.571435272693634,0.2682831585407257,0.5170984268188477,0.26165443658828735,0.4813666343688965,0.25785309076309204,0.4478933811187744
A,0.3093162477016449,0.7447834014892578,0.36288318037986755,0.7200770378112793,0.40577223896980286,0.6666927933692932,0.439431369304657,0.6218124032020569,0.46931955218315125,0.5967310667037964,0.37518808245658875,0.5657923221588135,0.4021614193916321,0.5046432018280029,0.4158276915550232,0.46545103192329407,0.4247030019760132,0.432300865650177,0.3433747887611389,0.5516419410705566,0.3556114435195923,0.4742889404296875,0.3612065613269806,0.42777830362319946,0.36309027671813965,0.3910866975784302,0.3125660717487335,0.5545932054519653,0.3155362904071808,0.4819365441799164,0.3175891637802124,0.43834221363067627,0.3191712200641632,0.40221938490867615,0.28125593066215515,0.5722969174385071,0.2689583897590637,0.5179667472839355,0.26208367943763733,0.4824337065219879,0.2580417990684509,0.44914332032203674
A,0.308002769947052,0.7462278604507446,0.36245298385620117,0.7227903008460999,0.40640807151794434,0.6685515642166138,0.4416397511959076,0.6237859129905701,0.47154390811920166,0.5993413925170898,0.37576019763946533,0.5669646859169006,0.4024890959262848,0.5064767599105835,0.41609129309654236,0.4677586257457733,0.42506057024002075,0.43500542640686035,0.34366661310195923,0.5519180297851562,0.35619115829467773,0.47492101788520813,0.36161521077156067,0.4284365475177765,0.3637301027774811,0.39148396253585815,0.31231600046157837,0.5545443296432495,0.31626442074775696,0.4813549518585205,0.3182236850261688,0.4383370876312256,0.3200242221355438,0.4023052155971527,0.2806653678417206,0.57279372215271,0.2678687870502472,0.5199403762817383,0.2600674629211426,0.48503759503364563,0.2551979422569275,0.45228177309036255
A,0.30596742033958435,0.7468245029449463,0.36093318462371826,0.7240550518035889,0.4059515595436096,0.6690666079521179,0.441448450088501,0.6238822340965271,0.47178277373313904,0.6005433797836304,0.374833345413208,0.5672972202301025,0.401856392621994,0.5061799883842468,0.4154566526412964,0.4669475555419922,0.4242733418941498,0.43434375524520874,0.3430387079715729,0.5526552200317383,0.35597553849220276,0.474976122379303,0.36118602752685547,0.4278566539287567,0.3630879521369934,0.39082157611846924,0.31182149052619934,0.5556605458259583,0.31562936305999756,0.482208788394928,0.31737419962882996,0.4390762448310852,0.31913572549819946,0.40320539474487305,0.2798877954483032,0.5741243362426758,0.2648891806602478,0.5215380787849426,0.2552222013473511,0.4870070219039917,0.24886909127235413,0.4547451436519623
A,0.3050723969936371,0.7475625276565552,0.3601326048374176,0.7242351174354553,0.4053545892238617,0.6694918870925903,0.44129127264022827,0.624645471572876,0.4718468487262726,0.6010652184486389,0.3747442662715912,0.5679045915603638,0.4018191993236542,0.5065023303031921,0.41537177562713623,0.46719375252723694,0.42418017983436584,0.4343200922012329,0.3430447280406952,0.5531362295150757,0.3560616075992584,0.4752046465873718,0.3613441586494446,0.42791080474853516,0.3632569909095764,0.390815794467926,0.31186971068382263,0.5560314059257507,0.3158980906009674,0.48254817724227905,0.3175412118434906,0.4393388032913208,0.3190789222717285,0.4035307466983795,0.2799695134162903,0.5743725895881653,0.2651645243167877,0.5217337608337402,0.255441278219223,0.4871918261051178,0.2489069402217865,0.45494765043258667
A,0.30586832761764526,0.7477521896362305,0.3603217601776123,0.7248247861862183,0.4051401615142822,0.6706066131591797,0.44098564982414246,0.6258838176727295,0.4720335602760315,0.6039681434631348,0.37312281131744385,0.567566454410553,0.40012067556381226,0.5067800283432007,0.4139293134212494,0.4673715829849243,0.4231840968132019,0.4348541796207428,0.3409070372581482,0.5529532432556152,0.3532983362674713,0.4754810929298401,0.35793647170066833,0.42800042033195496,0.35946232080459595,0.3908809423446655,0.3097958266735077,0.5562416315078735,0.3133411705493927,0.4826022684574127,0.3145098090171814,0.4394114911556244,0.31594565510749817,0.40375563502311707,0.2783677875995636,0.5753870606422424,0.26323917508125305,0.523112416267395,0.2530418336391449,0.4888876974582672,0.24600517749786377,0.4572308659553528
A,0.3058106601238251,0.7477489709854126,0.35983389616012573,0.7250000238418579,0.4044123888015747,0.6709800362586975,0.440265417098999,0.6260093450546265,0.47137773036956787,0.6028813719749451,0.3722294270992279,0.5680361986160278,0.3996635675430298,0.5070674419403076,0.4138219952583313,0.4683160185813904,0.423495352268219,0.4359740614891052,0.3404262661933899,0.5531278848648071,0.35298219323158264,0.4750147759914398,0.3582461476325989,0.4276840090751648,0.36052706837654114,0.39050382375717163,0.3093630373477936,0.5563367009162903,0.31347963213920593,0.48348599672317505,0.3153995871543884,0.44028428196907043,0.3173750936985016,0.40429410338401794,0.27779656648635864,0.5753449201583862,0.26325368881225586,0.5235494375228882,0.25326240062713623,0.48938724398612976,0.24618500471115112,0.4572702646255493
A,0.30597901344299316,0.7517088651657104,0.3606281578540802,0.7271350026130676,0.4049972891807556,0.6719637513160706,0.44009995460510254,0.6258013844490051,0.4704757630825043,0.6014420390129089,0.3715030550956726,0.5720379948616028,0.398654580116272,0.5078980922698975,0.4127473831176758,0.4668542742729187,0.4225262403488159,0.4322029948234558,0.3397720158100128,0.5576955676078796,0.35102954506874084,0.4771776795387268,0.35597729682922363,0.42772865295410156,0.3579217195510864,0.38783973455429077,0.30904582142829895,0.5610897541046143,0.3124556243419647,0.4849414527416229,0.315040647983551,0.43901827931404114,0.31761685013771057,0.40004056692123413,0.27781540155410767,0.5803783535957336,0.26313525438308716,0.5267055034637451,0.25431978702545166,0.491415798664093,0.2483592927455902,0.458423912525177
A,0.3063647150993347,0.7522580027580261,0.3610139489173889,0.7272506952285767,0.40523561835289,0.6719967126846313,0.4399499297142029,0.6258320808410645,0.47058290243148804,0.601896345615387,0.3714469075202942,0.5722658038139343,0.3982888460159302,0.5082964301109314,0.41225841641426086,0.46717968583106995,0.4220317602157593,0.43216800689697266,0.339780330657959,0.5580688714981079,0.35051196813583374,0.4780269265174866,0.355403333902359,0.42834073305130005,0.3574167788028717,0.38809508085250854,0.3093351125717163,0.5615816712379456,0.3123762607574463,0.48576653003692627,0.31470805406570435,0.4395650029182434,0.3169979155063629,0.400298535823822,0.2785487174987793,0.5807843804359436,0.2642176151275635,0.5271739959716797,0.25568199157714844,0.49141016602516174,0.24988707900047302,0.45785319805145264
A,0.2150133103132248,0.9637324810028076,0.2504747807979584,0.9333874583244324,0.2781616747379303,0.8864388465881348,0.30388474464416504,0.8500251173973083,0.32763224840164185,0.8180036544799805,0.2280063033103943,0.8023152947425842,0.2284153550863266,0.736547589302063,0.23199599981307983,0.6961544752120972,0.2363792061805725,0.6622611284255981,0.19971902668476105,0.8054395318031311,0.19123518466949463,0.7335903644561768,0.18780271708965302,0.684421181678772,0.18504242599010468,0.6458841562271118,0.17641974985599518,0.8261094689369202,0.16088712215423584,0.7625409364700317,0.15479734539985657,0.7191063165664673,0.15254123508930206,0.6818175315856934,0.15767094492912292,0.861251950263977,0.13846595585346222,0.8191237449645996,0.12947052717208862,0.7875386476516724,0.12455815821886063,0.7569577693939209
A,0.37443041801452637,1.0058209896087646,0.36722472310066223,0.9521270394325256,0.38010895252227783,0.9082967042922974,0.39629316329956055,0.866513729095459,0.4049028754234314,0.8267687559127808,0.44665732979774475,0.9253837466239929,0.4785585105419159,0.870766282081604,0.4989781081676483,0.8395004272460938,0.5156344771385193,0.817025363445282,0.465530663728714,0.9545602798461914,0.5113054513931274,0.910646915435791,0.5388641357421875,0.881894052028656,0.559424638748169,0.8612604141235352,0.4735927879810333,0.9815468788146973,0.5185030102729797,0.948942244052887,0.5433589220046997,0.923762321472168,0.5622860789299011,0.9025716185569763,0.47437867522239685,1.004315972328186,0.5141391754150391,0.9925440549850464,0.5378327965736389,0.9826327562332153,0.557358980178833,0.972049355506897
A,0.3710392415523529,1.0134363174438477,0.3639984726905823,0.959277331829071,0.3789724111557007,0.9124023914337158,0.39889776706695557,0.8679990768432617,0.40740302205085754,0.8268402814865112,0.4448957145214081,0.9259454011917114,0.4781319499015808,0.8724142909049988,0.49874210357666016,0.8408636450767517,0.5158617496490479,0.8176619410514832,0.46474263072013855,0.9538297057151794,0.5105205774307251,0.9108824729919434,0.5384801626205444,0.8821977972984314,0.5600189566612244,0.8611947894096375,0.4733690321445465,0.9800990223884583,0.5179876685142517,0.9470431208610535,0.5429598689079285,0.9225767850875854,0.5610844492912292,0.9026069045066833,0.47523853182792664,1.002692699432373,0.5147513747215271,0.9887258410453796,0.5383822321891785,0.9778981804847717,0.5574538707733154,0.967129111289978
A,0.37103646993637085,1.0201133489608765,0.3637844920158386,0.9626305103302002,0.37834298610687256,0.9126431941986084,0.39881691336631775,0.8642365336418152,0.4076635241508484,0.819024920463562,0.4430832862854004,0.9277406334877014,0.4773522615432739,0.8720707297325134,0.4984375834465027,0.8394428491592407,0.5159945487976074,0.8164806365966797,0.4637703597545624,0.9558393955230713,0.5100270509719849,0.91114741563797,0.5371059775352478,0.881374180316925,0.5576574802398682,0.8598034977912903,0.47362199425697327,0.9813324809074402,0.5189756751060486,0.9477773308753967,0.5435713529586792,0.9225373864173889,0.5615512728691101,0.9017655849456787,0.47599709033966064,1.0025588274002075,0.5149579644203186,0.9884319305419922,0.5382226705551147,0.9779208302497864,0.5569697022438049,0.9673894643783569
A,0.3705492615699768,1.026597023010254,0.3622487783432007,0.9671955108642578,0.3764033913612366,0.9158068895339966,0.39655178785324097,0.8668762445449829,0.40602806210517883,0.8218145966529846,0.4429820775985718,0.9290996789932251,0.4779784679412842,0.871787428855896,0.4985974431037903,0.8394672274589539,0.5160654187202454,0.81695556640625,0.46272504329681396,0.9577128887176514,0.5097639560699463,0.9106622934341431,0.5370311737060547,0.8809418082237244,0.5571306943893433,0.8602109551429749,0.4716385006904602,0.984060525894165,0.5176888704299927,0.9492833614349365,0.5431300401687622,0.9229277968406677,0.5616291761398315,0.9018762111663818,0.4737270176410675,1.006500482559204,0.5130589008331299,0.9907181262969971,0.5367090106010437,0.978892982006073,0.5559916496276855,0.967420756816864
A,0.3658289909362793,1.015886902809143,0.3610531985759735,0.9596776962280273,0.3774305582046509,0.9107632040977478,0.39727386832237244,0.8633095026016235,0.4068014919757843,0.8194761276245117,0.44446998834609985,0.9250102639198303,0.4784367084503174,0.8695446252822876,0.49838653206825256,0.8383868932723999,0.5153936147689819,0.8163759112358093,0.4639345109462738,0.9532707333564758,0.5093740224838257,0.9084234237670898,0.5360607504844666,0.8802648186683655,0.5562312602996826,0.8603026866912842,0.4722757637500763,0.9795663356781006,0.5179541707038879,0.9461225271224976,0.5425673723220825,0.9211769700050354,0.5611308217048645,0.9004806876182556,0.4740793704986572,1.0024248361587524,0.5141233205795288,0.9885444641113281,0.5380147695541382,0.9772944450378418,0.5582838654518127,0.9655582904815674
A,0.36381155252456665,1.0209344625473022,0.35984593629837036,0.9628379344940186,0.37752360105514526,0.9120994210243225,0.3987746238708496,0.8639709949493408,0.40807223320007324,0.8186827898025513,0.44324710965156555,0.9282267093658447,0.47797518968582153,0.8740735650062561,0.4988633096218109,0.8425679206848145,0.5165678262710571,0.8201786279678345,0.463102787733078,0.956316351890564,0.5084142684936523,0.9114018082618713,0.5355885028839111,0.8828296065330505,0.5561848878860474,0.8622825145721436,0.4721393585205078,0.9827237129211426,0.5179396867752075,0.9478209018707275,0.5430998802185059,0.9218326210975647,0.5615260601043701,0.9003264904022217,0.47421813011169434,1.0060244798660278,0.5146597623825073,0.991843044757843,0.5384340882301331,0.9805508255958557,0.5578365325927734,0.9688699245452881
A,0.36479389667510986,1.0206743478775024,0.3603711724281311,0.9632011651992798,0.3767003118991852,0.9124367237091064,0.3983913064002991,0.8641483187675476,0.408570796251297,0.818550169467926,0.4434031546115875,0.9268900752067566,0.4784327745437622,0.8719726800918579,0.4988628327846527,0.8408502340316772,0.516270637512207,0.8184965252876282,0.46315303444862366,0.955318808555603,0.5085911750793457,0.908941388130188,0.5348749756813049,0.8794783353805542,0.5548465847969055,0.8577139377593994,0.47184163331985474,0.9818556308746338,0.5179126858711243,0.9473389387130737,0.5431075096130371,0.9216132760047913,0.5618537664413452,0.9000790119171143,0.47368288040161133,1.0049712657928467,0.5139988660812378,0.9897164702415466,0.5379096269607544,0.978502094745636,0.5577524900436401,0.967269778251648
A,0.3647008538246155,1.020790457725525,0.35999295115470886,0.9627223610877991,0.37651026248931885,0.9130474328994751,0.3978486955165863,0.8660293817520142,0.4072329103946686,0.821151852607727,0.44278934597969055,0.9258634448051453,0.478368878364563,0.8710030317306519,0.49893227219581604,0.8395425081253052,0.5161453485488892,0.8169360160827637,0.4626007676124573,0.954521656036377,0.5086215734481812,0.909480631351471,0.5345904231071472,0.8807395696640015,0.5540905594825745,0.8597314357757568,0.4714868664741516,0.9812451601028442,0.5180618762969971,0.9479669332504272,0.5431442856788635,0.9226793646812439,0.5618084073066711,0.9015296697616577,0.4733496904373169,1.0041413307189941,0.513367235660553,0.9898887276649475,0.5371759533882141,0.9789242744445801,0.5569868087768555,0.967840850353241
A,0.3641106188297272,1.0185484886169434,0.3599283695220947,0.9622941613197327,0.3764056861400604,0.9129000902175903,0.39760860800743103,0.865247905254364,0.4073750674724579,0.8201369047164917,0.44330093264579773,0.9259728789329529,0.4785032868385315,0.871189534664154,0.4993029236793518,0.8397976756095886,0.516923725605011,0.817365288734436,0.46301600337028503,0.9540605545043945,0.5089212656021118,0.9096415042877197,0.5356804132461548,0.8815017342567444,0.5557155013084412,0.8611059188842773,0.4716895818710327,0.9805036783218384,0.5178545713424683,0.9475796222686768,0.542766273021698,0.9229145050048828,0.5613671541213989,0.902271568775177,0.4734930992126465,1.0036128759384155,0.5133709907531738,0.9894806146621704,0.536965012550354,0.9788839817047119,0.5566255450248718,0.9683492183685303
A,0.3640448749065399,1.0178582668304443,0.3604087829589844,0.9617511630058289,0.3764047622680664,0.9127123951911926,0.39710763096809387,0.8658574223518372,0.40725642442703247,0.821171760559082,0.4423278272151947,0.9284506440162659,0.4777024984359741,0.8723196387290955,0.49806541204452515,0.8406213521957397,0.515616238117218,0.8181719183921814,0.4613628089427948,0.9569798707962036,0.5092802047729492,0.9110926389694214,0.5369881391525269,0.8829806447029114,0.557569146156311,0.8628866672515869,0.4696424603462219,0.9836386442184448,0.5164685249328613,0.9485394358634949,0.541716992855072,0.9241783618927002,0.5602477788925171,0.9041149616241455,0.4715001881122589,1.0073338747024536,0.5123317837715149,0.9915691018104553,0.5361922383308411,0.9799354672431946,0.555810272693634,0.9685081243515015
A,0.3638777732849121,1.0207080841064453,0.3602600693702698,0.9632466435432434,0.3761828541755676,0.9127159714698792,0.39716899394989014,0.864109456539154,0.40785062313079834,0.8183823823928833,0.44218236207962036,0.9301024675369263,0.4781718850135803,0.8742462396621704,0.4986568093299866,0.8426466584205627,0.5161778926849365,0.8199083209037781,0.46099621057510376,0.9585118889808655,0.5096210837364197,0.9111657738685608,0.537864089012146,0.8821275234222412,0.5588060617446899,0.8613373041152954,0.46927410364151,0.9855917692184448,0.5167233347892761,0.9486973285675049,0.5425414443016052,0.9235967397689819,0.5611854791641235,0.9033001065254211,0.47132235765457153,1.0101021528244019,0.5125613808631897,0.9927180409431458,0.5367926359176636,0.9801996350288391,0.5567632913589478,0.9683125615119934
A,0.36455026268959045,1.0197268724441528,0.3609994053840637,0.9619284272193909,0.37663733959198,0.9119653701782227,0.3981943726539612,0.8639456033706665,0.4086916148662567,0.8188343644142151,0.440657377243042,0.9313024282455444,0.47743090987205505,0.8732540011405945,0.4980880320072174,0.8410961031913757,0.5159403681755066,0.8181517124176025,0.4599323570728302,0.9598968029022217,0.5095048546791077,0.9128678441047668,0.5375373363494873,0.8844417929649353,0.5582985877990723,0.8642582893371582,0.46845653653144836,0.9852602481842041,0.5165969729423523,0.9494067430496216,0.5423964262008667,0.9242594242095947,0.5609601736068726,0.9038753509521484,0.47040557861328125,1.0066719055175781,0.5120090246200562,0.9901947975158691,0.53629070520401,0.97854083776474,0.5562161803245544,0.9673750996589661
A,0.36758264899253845,1.0259701013565063,0.36013123393058777,0.9669119119644165,0.3744398057460785,0.9132722616195679,0.39800703525543213,0.8638794422149658,0.40935686230659485,0.8187720775604248,0.43452027440071106,0.929590106010437,0.4730978310108185,0.8730718493461609,0.4958100914955139,0.8415448665618896,0.5145626068115234,0.8202264904975891,0.4570411443710327,0.9571835994720459,0.5073737502098083,0.9130337834358215,0.5356191396713257,0.8862974047660828,0.5565146207809448,0.8677922487258911,0.4692167341709137,0.9821935892105103,0.5182607769966125,0.9481064677238464,0.5437259674072266,0.9237624406814575,0.5625458359718323,0.9037701487541199,0.47359347343444824,1.0037862062454224,0.5142709016799927,0.9899380207061768,0.5383294820785522,0.9795341491699219,0.5581470727920532,0.9690804481506348
A,0.3618614673614502,1.007766604423523,0.35937798023223877,0.9492005109786987,0.3755539655685425,0.8980720043182373,0.3972637355327606,0.854191243648529,0.4128868877887726,0.8156965970993042,0.4295015037059784,0.9060314893722534,0.47513073682785034,0.8647112846374512,0.5016891956329346,0.8445572257041931,0.5232673287391663,0.8320180177688599,0.4486443102359772,0.9392852187156677,0.4999633729457855,0.9129409193992615,0.5294229984283447,0.8970497846603394,0.5520540475845337,0.8868827819824219,0.45920395851135254,0.9696207642555237,0.5079637765884399,0.948227047920227,0.5351312160491943,0.9297851324081421,0.5564525723457336,0.9146451950073242,0.4633822441101074,0.9953943490982056,0.5043960213661194,0.9873027205467224,0.5299292206764221,0.9784402847290039,0.552069902420044,0.9692944884300232
A,0.3520480692386627,0.9828179478645325,0.35733649134635925,0.928927481174469,0.3816850185394287,0.8819226026535034,0.4062463343143463,0.8505236506462097,0.42372021079063416,0.8228373527526855,0.4259239733219147,0.8901755809783936,0.4740331172943115,0.8708603978157043,0.5011011958122253,0.8661350011825562,0.5212548971176147,0.8652090430259705,0.4384016692638397,0.9226973652839661,0.48877766728401184,0.9084859490394592,0.5173768997192383,0.9037529826164246,0.5393936038017273,0.902160108089447,0.444271057844162,0.9552381038665771,0.4897140562534332,0.9458065629005432,0.5162973999977112,0.9411108493804932,0.5366219282150269,0.9387874603271484,0.44471198320388794,0.9836468696594238,0.4807586967945099,0.9755287766456604,0.5026329159736633,0.968936562538147,0.5198500752449036,0.9640781283378601
A,0.26433613896369934,0.8965644240379333,0.3039489984512329,0.8748180866241455,0.33197087049484253,0.8218846321105957,0.35233214497566223,0.7787537574768066,0.3705599308013916,0.7481538653373718,0.2981418967247009,0.7437394857406616,0.30429258942604065,0.6726323962211609,0.3100035488605499,0.6266478300094604,0.3155430257320404,0.5926960706710815,0.2719578444957733,0.7423772811889648,0.2680995762348175,0.6661896705627441,0.2668795883655548,0.6137098073959351,0.26548296213150024,0.5741955041885376,0.24915915727615356,0.754761815071106,0.23898322880268097,0.6847822070121765,0.23365895450115204,0.6365451216697693,0.23022767901420593,0.5981691479682922,0.22936996817588806,0.7772188186645508,0.21594613790512085,0.7276714444160461,0.2080114632844925,0.6927839517593384,0.20281080901622772,0.6628957986831665
A,0.2518523335456848,0.8898113965988159,0.29686808586120605,0.8630661964416504,0.3335520625114441,0.8097385764122009,0.36213910579681396,0.7694515585899353,0.38622525334358215,0.7419263124465942,0.2965470850467682,0.7220695614814758,0.3041991889476776,0.65252685546875,0.3093547224998474,0.6092522144317627,0.3137829601764679,0.5738869309425354,0.26684606075286865,0.7182036638259888,0.2593294680118561,0.6405149102210999,0.25408220291137695,0.590259850025177,0.2489309310913086,0.5507718920707703,0.2409217208623886,0.7301818132400513,0.22637350857257843,0.6606388092041016,0.21743419766426086,0.6153108477592468,0.2109575867652893,0.5769640803337097,0.21819815039634705,0.7560032606124878,0.197017103433609,0.7070638537406921,0.1831846833229065,0.6743177771568298,0.17293840646743774,0.6427352428436279
A,0.24270832538604736,0.8841010332107544,0.2900044322013855,0.8555331230163574,0.33074232935905457,0.8018587827682495,0.3622380495071411,0.7624338269233704,0.3881341814994812,0.7392054200172424,0.2944202423095703,0.7114315629005432,0.30589038133621216,0.6432690024375916,0.3119206428527832,0.6005484461784363,0.31646037101745605,0.565141499042511,0.2640674412250519,0.7041078805923462,0.2640298008918762,0.6245917677879333,0.2647295892238617,0.5741860866546631,0.26423379778862,0.5335811376571655,0.23604339361190796,0.7121189832687378,0.2269798070192337,0.6394376754760742,0.22259476780891418,0.593257486820221,0.21989142894744873,0.5544520616531372,0.2096361517906189,0.7337237596511841,0.19406577944755554,0.6785796880722046,0.18428245186805725,0.6425923705101013,0.1775851845741272,0.6081461906433105
A,0.23959241807460785,0.8788793087005615,0.28757497668266296,0.8494408130645752,0.3310118615627289,0.7949443459510803,0.3639717698097229,0.7561407685279846,0.39070069789886475,0.7355000376701355,0.29238900542259216,0.7006868720054626,0.3068048655986786,0.6325557231903076,0.313767671585083,0.5903639197349548,0.31854888796806335,0.5550528764724731,0.2611818015575409,0.6924603581428528,0.2613566815853119,0.610161304473877,0.26140096783638,0.5595515966415405,0.25966203212738037,0.5190050601959229,0.23288431763648987,0.7003735303878784,0.22390905022621155,0.6268428564071655,0.2185136079788208,0.5797688364982605,0.2142239362001419,0.5395646095275879,0.2059130072593689,0.7227712273597717,0.18931102752685547,0.6686168313026428,0.17788094282150269,0.6322216987609863,0.16955696046352386,0.5965865850448608
A,0.2357238531112671,0.8766555786132812,0.28429606556892395,0.847227156162262,0.329489529132843,0.7923403978347778,0.3643176257610321,0.752521276473999,0.39203503727912903,0.7303873300552368,0.29155170917510986,0.6948094367980957,0.30790793895721436,0.6245360970497131,0.31552696228027344,0.5809242725372314,0.3206547796726227,0.5440198183059692,0.25963693857192993,0.6863293647766113,0.2600157558917999,0.6018866896629333,0.26025378704071045,0.5499782562255859,0.2584940195083618,0.509678840637207,0.230659618973732,0.6943542957305908,0.22143428027629852,0.6191036701202393,0.21617212891578674,0.5710797309875488,0.2120991349220276,0.5308986306190491,0.20307950675487518,0.7169511318206787,0.18500137329101562,0.6608928442001343,0.17291760444641113,0.6232788562774658,0.1641128659248352,0.5865445733070374
A,0.2303621917963028,0.8714192509651184,0.2806412875652313,0.8426670432090759,0.32833805680274963,0.7894911766052246,0.3649660050868988,0.7505491971969604,0.3945455551147461,0.7293741106987,0.29142165184020996,0.6889680027961731,0.3099977970123291,0.6189459562301636,0.31897199153900146,0.5756701827049255,0.3254408538341522,0.5384780168533325,0.2584077715873718,0.679344654083252,0.26073482632637024,0.5961527824401855,0.26225465536117554,0.5436815023422241,0.2617567777633667,0.5025435090065002,0.2282005101442337,0.6870070099830627,0.2197939157485962,0.612670361995697,0.21576839685440063,0.5643582344055176,0.21323150396347046,0.5233613848686218,0.19886700809001923,0.7092947363853455,0.18115219473838806,0.6534028053283691,0.16968441009521484,0.6162333488464355,0.1617823839187622,0.579467236995697
A,0.22877195477485657,0.87073814868927,0.27906402945518494,0.8416748046875,0.32648926973342896,0.7876533269882202,0.3643187880516052,0.7489706873893738,0.3947974741458893,0.7291015386581421,0.2902745008468628,0.6855613589286804,0.310388445854187,0.6151854991912842,0.3205098807811737,0.571218729019165,0.32772180438041687,0.5335791707038879,0.2565750479698181,0.675217866897583,0.25959500670433044,0.5915043354034424,0.26188987493515015,0.5391650199890137,0.2618981599807739,0.49814632534980774,0.22556544840335846,0.6825323104858398,0.21836279332637787,0.607283353805542,0.2151600420475006,0.5587605834007263,0.2130759060382843,0.5178184509277344,0.19570881128311157,0.7047953009605408,0.17830513417720795,0.6488246917724609,0.16721944510936737,0.6115630269050598,0.15956580638885498,0.5753726363182068
A,0.22546690702438354,0.8633469343185425,0.27626946568489075,0.8343429565429688,0.3249516785144806,0.7807132005691528,0.3626229166984558,0.7399338483810425,0.39331915974617004,0.7169110774993896,0.28572994470596313,0.6773039102554321,0.30745643377304077,0.6060451865196228,0.3180646598339081,0.5601761341094971,0.32523491978645325,0.52129727602005,0.2514871060848236,0.6666631102561951,0.25553131103515625,0.5806130170822144,0.2576020061969757,0.5273709297180176,0.2572154402732849,0.4862017035484314,0.21972134709358215,0.6740124225616455,0.21349042654037476,0.5972025394439697,0.2101014256477356,0.548895537853241,0.2075103521347046,0.5088427066802979,0.18833783268928528,0.6965354681015015,0.17210185527801514,0.6402698159217834,0.16125386953353882,0.6032242774963379,0.15354380011558533,0.5669502019882202
A,0.22561095654964447,0.86068195104599,0.27670523524284363,0.8310972452163696,0.32419633865356445,0.7783403992652893,0.36238712072372437,0.7386829257011414,0.3930447995662689,0.717498242855072,0.2848230004310608,0.672328531742096,0.3074171543121338,0.6009489893913269,0.31728047132492065,0.5557469129562378,0.3234139680862427,0.5170600414276123,0.2508451044559479,0.6622223854064941,0.25519123673439026,0.5770895481109619,0.2571435272693634,0.5240749716758728,0.2563250660896301,0.48320817947387695,0.21935535967350006,0.6704530715942383,0.21281439065933228,0.5938964486122131,0.20987775921821594,0.545264482498169,0.20767717063426971,0.5046072006225586,0.18865849077701569,0.6936361193656921,0.17021478712558746,0.6376166343688965,0.15894103050231934,0.6005971431732178,0.1512024700641632,0.5647446513175964
A,0.22482088208198547,0.8596680164337158,0.27668243646621704,0.8303991556167603,0.324706107378006,0.778332531452179,0.36271992325782776,0.738002359867096,0.39317354559898376,0.7154766917228699,0.2848195433616638,0.6714098453521729,0.3077535331249237,0.6001421213150024,0.3177153170108795,0.5549969673156738,0.3240729570388794,0.5161135196685791,0.2507241666316986,0.6605082750320435,0.25540170073509216,0.575153112411499,0.2569432556629181,0.521857500076294,0.2558637261390686,0.4802705645561218,0.21900804340839386,0.6682458519935608,0.21282418072223663,0.5919977426528931,0.21029596030712128,0.544143795967102,0.20856231451034546,0.5040934681892395,0.18767037987709045,0.6910691261291504,0.16946038603782654,0.6356752514839172,0.15853050351142883,0.599132776260376,0.15112462639808655,0.5639562606811523
A,0.22470295429229736,0.8584731221199036,0.2768445312976837,0.8294185400009155,0.32555216550827026,0.7780019044876099,0.36363697052001953,0.7375988960266113,0.39427804946899414,0.7146697044372559,0.2861845791339874,0.670158863067627,0.3090553283691406,0.5989387631416321,0.3188236355781555,0.5543190240859985,0.325013130903244,0.5161709785461426,0.25190529227256775,0.6594462990760803,0.2571690082550049,0.5738368034362793,0.25885245203971863,0.5206200480461121,0.2576465606689453,0.47921115159988403,0.22006265819072723,0.6672677397727966,0.21424081921577454,0.5906939506530762,0.21154305338859558,0.5427587628364563,0.20956885814666748,0.5025251507759094,0.1884998083114624,0.6900498867034912,0.17036518454551697,0.6348187327384949,0.15935513377189636,0.598370373249054,0.1519930511713028,0.5630720257759094
A,0.22478064894676208,0.8571627140045166,0.2771967947483063,0.8285073041915894,0.3263304829597473,0.777994692325592,0.36441487073898315,0.7380865812301636,0.3952590823173523,0.7152923941612244,0.2876499891281128,0.6697145104408264,0.3106197118759155,0.5983799695968628,0.3204444646835327,0.5533694624900818,0.32667630910873413,0.5149136781692505,0.25318071246147156,0.658803403377533,0.2586497366428375,0.5725929141044617,0.26053354144096375,0.5193025469779968,0.259651243686676,0.47770851850509644,0.2212708294391632,0.6666821837425232,0.21605679392814636,0.5896736979484558,0.21385252475738525,0.5413503646850586,0.21240116655826569,0.500796914100647,0.18973705172538757,0.6897003650665283,0.17161613702774048,0.6340066194534302,0.16049399971961975,0.5972427725791931,0.1528993844985962,0.5617430210113525
A,0.22570905089378357,0.856048583984375,0.27824413776397705,0.8274564743041992,0.3271681070327759,0.7756800651550293,0.36565178632736206,0.7358123660087585,0.3967036008834839,0.7143941521644592,0.2882581353187561,0.667405903339386,0.3118683695793152,0.5969168543815613,0.3219519257545471,0.5518823266029358,0.32829707860946655,0.5133856534957886,0.25377553701400757,0.6563764810562134,0.2595009207725525,0.570725679397583,0.26161447167396545,0.5174541473388672,0.2610047161579132,0.4759983420372009,0.22168125212192535,0.6643429398536682,0.21681275963783264,0.5869675874710083,0.21504057943820953,0.5388003587722778,0.21407252550125122,0.49863773584365845,0.1899580955505371,0.687616229057312,0.17158320546150208,0.6319493651390076,0.16069704294204712,0.5951092839241028,0.1536215841770172,0.55955970287323
A,0.2259189486503601,0.8554748296737671,0.2783660292625427,0.8264741897583008,0.3277495205402374,0.7741341590881348,0.3666628301143646,0.7340813279151917,0.3982383608818054,0.7126811146736145,0.2887435853481293,0.6665769815444946,0.3122517764568329,0.5953233242034912,0.32237809896469116,0.5499968528747559,0.32882779836654663,0.5112085938453674,0.2541294991970062,0.6555622816085815,0.2596327066421509,0.5696070194244385,0.26185840368270874,0.5160011649131775,0.2613973915576935,0.47408658266067505,0.221940279006958,0.6632949113845825,0.21701057255268097,0.5857259631156921,0.21499651670455933,0.5372411012649536,0.21369454264640808,0.4966987371444702,0.19019629061222076,0.6863913536071777,0.17213378846645355,0.6305879950523376,0.1610969603061676,0.5940964818000793,0.1535225361585617,0.5590412616729736
A,0.227341428399086,0.8511854410171509,0.28007572889328003,0.8226175308227539,0.3298317790031433,0.771502673625946,0.36956682801246643,0.7326549291610718,0.402248740196228,0.7115874290466309,0.29228127002716064,0.662683367729187,0.3148593306541443,0.592096209526062,0.3245188593864441,0.547201931476593,0.3306136727333069,0.5091038942337036,0.25719550251960754,0.6513267755508423,0.2627381384372711,0.5660276412963867,0.2647269666194916,0.5122959613800049,0.26416030526161194,0.47012704610824585,0.2247336506843567,0.6589685678482056,0.21943224966526031,0.581773042678833,0.2171027958393097,0.5331681966781616,0.21607926487922668,0.49222317337989807,0.19272655248641968,0.6820359230041504,0.17406442761421204,0.6260846853256226,0.16257813572883606,0.5886310338973999,0.1551763415336609,0.5524095892906189
A,0.22774922847747803,0.8506759405136108,0.2810095250606537,0.8231669664382935,0.33016055822372437,0.7716372609138489,0.36923879384994507,0.7317607998847961,0.40158942341804504,0.7102883458137512,0.2936021089553833,0.6613030433654785,0.3169679045677185,0.5908635854721069,0.32696104049682617,0.5458542704582214,0.33316972851753235,0.5075307488441467,0.2588256001472473,0.6493390798568726,0.264603853225708,0.5640575289726257,0.26662731170654297,0.511245608329773,0.26587963104248047,0.469571053981781,0.22639445960521698,0.6566970348358154,0.2217874377965927,0.5794191956520081,0.21990856528282166,0.5314102172851562,0.21888044476509094,0.49094152450561523,0.19439178705215454,0.6797287464141846,0.17542433738708496,0.6237572431564331,0.16381323337554932,0.5869299173355103,0.15602505207061768,0.5515704154968262
A,0.2281140387058258,0.8500109314918518,0.28138431906700134,0.8223994374275208,0.3306490182876587,0.7720418572425842,0.3699805736541748,0.7326288819313049,0.40234699845314026,0.7115546464920044,0.2944099009037018,0.6610674262046814,0.31772381067276,0.5903142690658569,0.32745909690856934,0.545068085193634,0.3336332142353058,0.5067701935768127,0.2595362961292267,0.6490638256072998,0.26555392146110535,0.5634798407554626,0.26784849166870117,0.5105122923851013,0.26752978563308716,0.4688498377799988,0.22688770294189453,0.6562727689743042,0.22237452864646912,0.5785409808158875,0.22061070799827576,0.5304239988327026,0.21986372768878937,0.4901530146598816,0.1947225034236908,0.6790387630462646,0.17572151124477386,0.6228976845741272,0.1642526388168335,0.5859550833702087,0.15679284930229187,0.5506858229637146
A,0.22849272191524506,0.8502081632614136,0.2820720970630646,0.8229479789733887,0.331309974193573,0.7718026041984558,0.370297908782959,0.7318264245986938,0.4025743007659912,0.7105659246444702,0.2941918671131134,0.6599971055984497,0.31800922751426697,0.5896743535995483,0.3280652165412903,0.5442880392074585,0.3342861235141754,0.5060011148452759,0.25953054428100586,0.6478354334831238,0.2658318281173706,0.5624918341636658,0.268264502286911,0.5094329714775085,0.2678956389427185,0.4679352939128876,0.227136492729187,0.6549773812294006,0.2225818932056427,0.5775432586669922,0.22090980410575867,0.5291910171508789,0.22004643082618713,0.48872432112693787,0.19529563188552856,0.6779033541679382,0.1762540340423584,0.622105062007904,0.16475766897201538,0.5849234461784363,0.1571502387523651,0.5495933294296265
A,0.22868876159191132,0.8497088551521301,0.28162920475006104,0.8226500153541565,0.33079126477241516,0.7706437110900879,0.36982011795043945,0.7301021814346313,0.40190389752388,0.7088825702667236,0.29411762952804565,0.6594942212104797,0.31799280643463135,0.5889926552772522,0.32792767882347107,0.5435918569564819,0.3341517448425293,0.5054658651351929,0.25961026549339294,0.6473037600517273,0.2658000886440277,0.5619221925735474,0.268252432346344,0.5089101791381836,0.267979234457016,0.4674034118652344,0.22735075652599335,0.6541756987571716,0.22261959314346313,0.5767365097999573,0.22074881196022034,0.5287078022956848,0.219760000705719,0.48839712142944336,0.1956016570329666,0.6767140030860901,0.17661231756210327,0.6210420727729797,0.1650349199771881,0.584108829498291,0.15735581517219543,0.548747181892395
A,0.22860248386859894,0.8485884666442871,0.2820296287536621,0.8220763206481934,0.33117160201072693,0.7709369659423828,0.37005287408828735,0.7305664420127869,0.40203574299812317,0.7091370224952698,0.2942282259464264,0.6595365405082703,0.31816214323043823,0.5890010595321655,0.32832038402557373,0.5434749126434326,0.33475562930107117,0.505174994468689,0.2595996856689453,0.6473233103752136,0.2657412886619568,0.5617121458053589,0.26811322569847107,0.5084741115570068,0.26791584491729736,0.4667138457298279,0.22714246809482574,0.6544012427330017,0.22253769636154175,0.5769147872924805,0.22077399492263794,0.5285316705703735,0.21995264291763306,0.4880242347717285,0.1951146274805069,0.6771076917648315,0.17604941129684448,0.6214128732681274,0.16460871696472168,0.5842797160148621,0.15714746713638306,0.548769474029541
A,0.22874556481838226,0.8481646776199341,0.2816201150417328,0.8203251361846924,0.3313652276992798,0.7679165005683899,0.37138837575912476,0.7270585894584656,0.4031326472759247,0.7055152654647827,0.292879194021225,0.6571249961853027,0.31701987981796265,0.5859127044677734,0.327140748500824,0.5402540564537048,0.333410382270813,0.5012600421905518,0.2584865689277649,0.6452438235282898,0.2644953727722168,0.5594465732574463,0.2668735384941101,0.5062319040298462,0.2664959728717804,0.46436840295791626,0.226547509431839,0.6521123051643372,0.22158683836460114,0.5754737854003906,0.21948254108428955,0.5267812013626099,0.21788665652275085,0.4860827922821045,0.19509842991828918,0.6747402548789978,0.1755826473236084,0.6195564866065979,0.16345718502998352,0.5827804207801819,0.15475383400917053,0.5478180646896362
A,0.2293718159198761,0.8486641049385071,0.2817574441432953,0.8201600313186646,0.3315286338329315,0.7682472467422485,0.3719598352909088,0.7275758385658264,0.40450596809387207,0.7063432335853577,0.29279255867004395,0.6576104760169983,0.31704381108283997,0.5859825611114502,0.32713553309440613,0.5402934551239014,0.33338284492492676,0.5017669200897217,0.2585010230541229,0.6458873152732849,0.26473888754844666,0.5593172311782837,0.26696401834487915,0.5058354735374451,0.26643162965774536,0.4639149308204651,0.22645875811576843,0.6526342034339905,0.22191566228866577,0.574827253818512,0.22009003162384033,0.5264617204666138,0.21886062622070312,0.4860185980796814,0.19460859894752502,0.6749738454818726,0.1749897599220276,0.6191951632499695,0.16316275298595428,0.5825299024581909,0.15496930480003357,0.5474967360496521
A,0.22993096709251404,0.8477497100830078,0.2821432650089264,0.8188808560371399,0.33172088861465454,0.7673260569572449,0.37131649255752563,0.7269627451896667,0.40330082178115845,0.7058407068252563,0.2928784489631653,0.6569747924804688,0.31726160645484924,0.585708737373352,0.3272610604763031,0.5402252674102783,0.33338677883148193,0.5022083520889282,0.2586800456047058,0.6454121470451355,0.26510632038116455,0.5587789416313171,0.26702335476875305,0.5056347846984863,0.2662574052810669,0.46450352668762207,0.22672760486602783,0.6522436141967773,0.22233551740646362,0.5738376379013062,0.2202814668416977,0.5260199308395386,0.2189369648694992,0.486429363489151,0.19487105309963226,0.6748653650283813,0.17508910596370697,0.6192358136177063,0.16321775317192078,0.5827500820159912,0.1550934910774231,0.5479947328567505
A,0.22945567965507507,0.847716212272644,0.28225523233413696,0.8195244073867798,0.33163079619407654,0.7677657008171082,0.3716679811477661,0.7269495129585266,0.4038005471229553,0.7053958177566528,0.2931964099407196,0.657603919506073,0.31725725531578064,0.5862246155738831,0.32738277316093445,0.5405248403549194,0.3336819112300873,0.5022076368331909,0.259019672870636,0.6455449461936951,0.26553773880004883,0.558966875076294,0.26729443669319153,0.505754828453064,0.26643991470336914,0.46418496966362,0.22681787610054016,0.6520963311195374,0.2223958820104599,0.574175238609314,0.22009409964084625,0.5262680053710938,0.21842439472675323,0.48651036620140076,0.19465282559394836,0.6745375990867615,0.17497660219669342,0.6190134286880493,0.16314449906349182,0.5827165246009827,0.1549842655658722,0.5481489896774292
A,0.229106605052948,0.8476202487945557,0.28222495317459106,0.8192976713180542,0.3318917453289032,0.7675078511238098,0.3716824948787689,0.7267091870307922,0.40368330478668213,0.7051647901535034,0.2929084599018097,0.6567357778549194,0.31721603870391846,0.5857385993003845,0.32726338505744934,0.54029381275177,0.333479106426239,0.5024219751358032,0.2585924565792084,0.6449424028396606,0.2649153172969818,0.5586296319961548,0.26703059673309326,0.5057021975517273,0.26646193861961365,0.4645223915576935,0.22651760280132294,0.6517894864082336,0.22206367552280426,0.5738344192504883,0.22000405192375183,0.525790274143219,0.21867868304252625,0.48576444387435913,0.19471600651741028,0.6745728254318237,0.17477208375930786,0.6193473935127258,0.16296473145484924,0.582724928855896,0.15487688779830933,0.5478241443634033
A,0.22901445627212524,0.8478397130966187,0.2815214991569519,0.8194831609725952,0.3312552273273468,0.7662973403930664,0.37139225006103516,0.7252532839775085,0.40346646308898926,0.7044333815574646,0.29233524203300476,0.6560127139091492,0.3164726197719574,0.5850447416305542,0.3266478180885315,0.5396162867546082,0.3331121504306793,0.5019664764404297,0.258140504360199,0.6445429921150208,0.26453518867492676,0.5587310791015625,0.266946941614151,0.5055750608444214,0.2668611705303192,0.46418482065200806,0.2262841761112213,0.6515066623687744,0.22185736894607544,0.573719322681427,0.21982336044311523,0.5257108807563782,0.2185591161251068,0.4857713580131531,0.19476699829101562,0.6743186712265015,0.17469531297683716,0.6191478967666626,0.1625279188156128,0.5825411081314087,0.15399567782878876,0.5477358102798462
A,0.22946996986865997,0.8475145697593689,0.28116756677627563,0.8182728886604309,0.3300100266933441,0.7651473879814148,0.37015581130981445,0.7242141366004944,0.40266308188438416,0.703118622303009,0.2915337085723877,0.6549324989318848,0.3153742849826813,0.5839190483093262,0.3254949450492859,0.5385425686836243,0.3321003317832947,0.5006188154220581,0.25747066736221313,0.6434746384620667,0.2634974718093872,0.557374119758606,0.2658328413963318,0.5040959119796753,0.2657635509967804,0.4624495804309845,0.22577685117721558,0.6508922576904297,0.22093892097473145,0.5732504725456238,0.2186722308397293,0.5248073935508728,0.21739605069160461,0.484271764755249,0.19455502927303314,0.6745163202285767,0.1743529736995697,0.6200422048568726,0.16224804520606995,0.5835307240486145,0.15393590927124023,0.548699676990509
A,0.22882559895515442,0.8468810319900513,0.28042978048324585,0.8174651265144348,0.3297886848449707,0.7640600800514221,0.3695504069328308,0.7227614521980286,0.40144574642181396,0.7017890214920044,0.29122403264045715,0.654501736164093,0.31480857729911804,0.583643913269043,0.32481399178504944,0.5382124185562134,0.33123597502708435,0.5004489421844482,0.25726184248924255,0.6431138515472412,0.2630816698074341,0.5568912029266357,0.26488184928894043,0.5035722851753235,0.26426807045936584,0.4618260860443115,0.2255435287952423,0.650448739528656,0.2206089198589325,0.5724990367889404,0.21786943078041077,0.5243627429008484,0.21605265140533447,0.4839038550853729,0.1940944641828537,0.6738093495368958,0.17349103093147278,0.6193530559539795,0.16084407269954681,0.5833584666252136,0.15183992683887482,0.5487685799598694
A,0.2283666431903839,0.8472406268119812,0.28040194511413574,0.8177965879440308,0.33001071214675903,0.7649710178375244,0.3693922162055969,0.7235803604125977,0.4009636640548706,0.7019407749176025,0.29104283452033997,0.6548408269882202,0.31477120518684387,0.584073543548584,0.32469213008880615,0.5386961102485657,0.33099365234375,0.5005874633789062,0.2570686936378479,0.6432390213012695,0.26312389969825745,0.5567420721054077,0.26483744382858276,0.5034394264221191,0.26403504610061646,0.46162205934524536,0.22533051669597626,0.6505869030952454,0.22052285075187683,0.5726356506347656,0.2176969051361084,0.5245367288589478,0.215608149766922,0.4841349720954895,0.19382962584495544,0.6740387678146362,0.17322741448879242,0.6194189786911011,0.16053110361099243,0.583308219909668,0.15141631662845612,0.5487804412841797
A,0.22783586382865906,0.8460594415664673,0.27988243103027344,0.8168518543243408,0.32908132672309875,0.7626323103904724,0.36824095249176025,0.7202944755554199,0.3989873230457306,0.6973556280136108,0.290492981672287,0.6540622711181641,0.31426820158958435,0.5833489298820496,0.324301153421402,0.5377599596977234,0.3305956721305847,0.49969881772994995,0.256585031747818,0.6423875689506531,0.2619222104549408,0.5555870532989502,0.26396051049232483,0.5022300481796265,0.26326897740364075,0.4605681002140045,0.22535187005996704,0.6496874690055847,0.21989604830741882,0.5714612007141113,0.2170051634311676,0.5225403308868408,0.21458931267261505,0.48151925206184387,0.19477379322052002,0.6732032299041748,0.17316506803035736,0.6188730597496033,0.15947774052619934,0.5826152563095093,0.14910933375358582,0.5479867458343506
A,0.24085859954357147,0.845375120639801,0.28620991110801697,0.7995136976242065,0.3204178214073181,0.7375425100326538,0.34667304158210754,0.6882363557815552,0.37152671813964844,0.6500474810600281,0.2686379551887512,0.6440817713737488,0.284304141998291,0.5750883221626282,0.3031229078769684,0.5390826463699341,0.32312554121017456,0.5127549767494202,0.2427002191543579,0.6427428722381592,0.237839475274086,0.5616170763969421,0.24653252959251404,0.5122379660606384,0.2585448622703552,0.4748656451702118,0.22147780656814575,0.6571623086929321,0.20688661932945251,0.5864945650100708,0.21241562068462372,0.540632963180542,0.2243538647890091,0.5040138959884644,0.20459391176700592,0.6847545504570007,0.18569837510585785,0.6311556100845337,0.1827426552772522,0.5970485806465149,0.18544666469097137,0.5695996880531311
A,0.2466975301504135,0.8446969389915466,0.282246470451355,0.7869000434875488,0.30198198556900024,0.7140383124351501,0.31925058364868164,0.6631627082824707,0.33218634128570557,0.6176248788833618,0.252867728471756,0.6476522088050842,0.253645122051239,0.5779768228530884,0.27311378717422485,0.5497884750366211,0.29349589347839355,0.5384807586669922,0.23389509320259094,0.6520776748657227,0.22285817563533783,0.5712482929229736,0.24586990475654602,0.5432094931602478,0.26997625827789307,0.5401067733764648,0.21653194725513458,0.667829155921936,0.20193620026111603,0.5855180621147156,0.22585171461105347,0.5608487129211426,0.25065839290618896,0.5583838820457458,0.20428229868412018,0.6919226050376892,0.20524397492408752,0.6368134617805481,0.22868135571479797,0.6187431812286377,0.2518872618675232,0.6162664890289307
A,0.22854459285736084,0.8487614989280701,0.2666531801223755,0.7599828839302063,0.27609676122665405,0.694593608379364,0.2848905026912689,0.6462553143501282,0.2952905595302582,0.6063179969787598,0.20406444370746613,0.6533046364784241,0.20311641693115234,0.5897166728973389,0.23053735494613647,0.5809372663497925,0.2515535056591034,0.5916662216186523,0.19173189997673035,0.6698641180992126,0.2017010599374771,0.6022947430610657,0.23219119012355804,0.5963425636291504,0.2526448369026184,0.6059255599975586,0.18912117183208466,0.6957079172134399,0.2089533656835556,0.6403868794441223,0.23976072669029236,0.6358402371406555,0.2603546679019928,0.6429479718208313,0.19325530529022217,0.7286573648452759,0.21062469482421875,0.6877824664115906,0.23487982153892517,0.6711819767951965,0.25325313210487366,0.6658259630203247
A,0.2263127863407135,0.8363291025161743,0.2559308707714081,0.7429555654525757,0.25541868805885315,0.6796914339065552,0.2621638774871826,0.6351261734962463,0.27109432220458984,0.6067126393318176,0.16555781662464142,0.664599597454071,0.2025945633649826,0.5786445140838623,0.23047375679016113,0.6075841188430786,0.23606529831886292,0.638487696647644,0.1652880162000656,0.6801534295082092,0.2215053141117096,0.5922104716300964,0.24535632133483887,0.629383385181427,0.24469901621341705,0.6598941087722778,0.1770952045917511,0.6947689056396484,0.2367744892835617,0.6253071427345276,0.25240474939346313,0.6589938402175903,0.24640269577503204,0.6863256692886353,0.19871552288532257,0.7091692090034485,0.24935968220233917,0.6628507971763611,0.26023638248443604,0.6855064034461975,0.2542061507701874,0.7051800489425659
A,0.2204369604587555,0.8383061289787292,0.24809902906417847,0.7422287464141846,0.2478545755147934,0.6828410625457764,0.25340932607650757,0.6381956338882446,0.2657405138015747,0.6104241609573364,0.15626907348632812,0.6625276207923889,0.2024277150630951,0.584601104259491,0.22109469771385193,0.6131381988525391,0.21937549114227295,0.6383019685745239,0.15699854493141174,0.6799777150154114,0.2191600501537323,0.5975049734115601,0.23564982414245605,0.632837176322937,0.22981277108192444,0.6557978987693787,0.17043370008468628,0.6955671310424805,0.23611138761043549,0.6270755529403687,0.24688929319381714,0.6591871380805969,0.2375989854335785,0.6818842887878418,0.19344675540924072,0.7093358635902405,0.24607223272323608,0.6620712876319885,0.25562408566474915,0.6857739686965942,0.24904856085777283,0.702738344669342
A,0.21903850138187408,0.8339056372642517,0.24374519288539886,0.7400014400482178,0.24115563929080963,0.678634524345398,0.23763379454612732,0.6313163638114929,0.2331690788269043,0.6018891930580139,0.15217089653015137,0.663081705570221,0.20142506062984467,0.5883783102035522,0.21885615587234497,0.6150825023651123,0.216057687997818,0.6379721760749817,0.15529873967170715,0.6814746260643005,0.21881990134716034,0.6014878153800964,0.23434554040431976,0.6340840458869934,0.2293052077293396,0.6555441617965698,0.16987840831279755,0.6980316638946533,0.23607508838176727,0.6306985020637512,0.24640482664108276,0.6600230932235718,0.23842811584472656,0.6802578568458557,0.19323977828025818,0.7130196690559387,0.2475069910287857,0.6637399196624756,0.25481075048446655,0.6871626973152161,0.2467501014471054,0.7043315172195435
A,0.21798062324523926,0.8324704170227051,0.2395199090242386,0.7433432936668396,0.24080631136894226,0.6820230484008789,0.24606020748615265,0.6413804292678833,0.25811734795570374,0.6243483424186707,0.15231072902679443,0.655991792678833,0.20874229073524475,0.5820357799530029,0.22342872619628906,0.6129840612411499,0.21608702838420868,0.6373964548110962,0.15681558847427368,0.6766204833984375,0.22804050147533417,0.6025881171226501,0.2385636568069458,0.6371028423309326,0.2280840128660202,0.6577958464622498,0.1735323816537857,0.6985026597976685,0.24323168396949768,0.6330732703208923,0.24861907958984375,0.6646031141281128,0.23573054373264313,0.68495774269104,0.19818651676177979,0.7197197079658508,0.2525531053543091,0.6726471185684204,0.25502026081085205,0.697733461856842,0.24194125831127167,0.7152858376502991
A,0.21479494869709015,0.8360186219215393,0.20646758377552032,0.7676756978034973,0.20475460588932037,0.6985095739364624,0.22012688219547272,0.6475391983985901,0.2412583976984024,0.6263150572776794,0.15847662091255188,0.6550893187522888,0.219506174325943,0.5844456553459167,0.23029248416423798,0.6141038537025452,0.21991413831710815,0.6378363966941833,0.1674339324235916,0.6762315630912781,0.24043111503124237,0.6080339550971985,0.24549221992492676,0.6396021842956543,0.23291826248168945,0.6589617729187012,0.18566404283046722,0.7016666531562805,0.25644418597221375,0.6399509906768799,0.2554984986782074,0.6701511144638062,0.2394871860742569,0.6876757144927979,0.20968414843082428,0.7284010052680969,0.2641955018043518,0.6805191040039062,0.26115185022354126,0.7053892016410828,0.2448708862066269,0.723271906375885
A,0.21377551555633545,0.8347323536872864,0.2067459523677826,0.7667755484580994,0.2043466717004776,0.6971420645713806,0.2177455723285675,0.6464232802391052,0.23752319812774658,0.6239038109779358,0.16082745790481567,0.6551399827003479,0.22242595255374908,0.584520697593689,0.23300793766975403,0.6143192648887634,0.2234455645084381,0.6396194100379944,0.16994841396808624,0.6772544980049133,0.24166570603847504,0.6051543354988098,0.247307687997818,0.6366016864776611,0.23661234974861145,0.6590864658355713,0.18799565732479095,0.7027322053909302,0.2579319477081299,0.6389704346656799,0.25698763132095337,0.667396068572998,0.24214331805706024,0.6857454180717468,0.21164938807487488,0.7294572591781616,0.26579228043556213,0.681056022644043,0.2630765736103058,0.704898476600647,0.2480613887310028,0.72187739610672
A,0.2073204666376114,0.8277781009674072,0.19383691251277924,0.7627736330032349,0.19230806827545166,0.6959960460662842,0.20889760553836823,0.6492568254470825,0.2297377735376358,0.6283214092254639,0.16454195976257324,0.6503349542617798,0.2272629588842392,0.5813571810722351,0.23409266769886017,0.6113106608390808,0.22099624574184418,0.6348341703414917,0.17790377140045166,0.6710392832756042,0.24887514114379883,0.6029614210128784,0.24904417991638184,0.6344268918037415,0.23407384753227234,0.6560541391372681,0.1987355649471283,0.6960489153862,0.26488256454467773,0.6351422667503357,0.2602958679199219,0.666093647480011,0.24361908435821533,0.6849927306175232,0.22323237359523773,0.7235468626022339,0.27312061190605164,0.6759753227233887,0.26769503951072693,0.7023912072181702,0.2517755329608917,0.7203892469406128
A,0.2095644325017929,0.8113268613815308,0.19407057762145996,0.7528572082519531,0.1928640455007553,0.6910996437072754,0.2074829638004303,0.6455492973327637,0.22608453035354614,0.6172012090682983,0.1772054135799408,0.6538825035095215,0.21303224563598633,0.5698276162147522,0.23697218298912048,0.5700846910476685,0.24135391414165497,0.5873035192489624,0.19470684230327606,0.6692028641700745,0.24112236499786377,0.5863432288169861,0.2616710662841797,0.5887794494628906,0.263574481010437,0.6023557186126709,0.21759119629859924,0.6901159882545471,0.26375332474708557,0.6155779957771301,0.2791637182235718,0.6212711334228516,0.27837708592414856,0.6331114768981934,0.24273879826068878,0.7156063318252563,0.2817273437976837,0.6584869027137756,0.29247167706489563,0.6620127558708191,0.2911026179790497,0.6708427667617798
A,0.21002036333084106,0.8232734799385071,0.2024642378091812,0.7561317086219788,0.2148417830467224,0.6866714954376221,0.23577016592025757,0.6409828662872314,0.25708842277526855,0.6100649833679199,0.2085692286491394,0.6557061672210693,0.20531359314918518,0.5722463130950928,0.21986223757266998,0.5269283056259155,0.2375834435224533,0.4987800121307373,0.22446280717849731,0.6677993535995483,0.24976275861263275,0.5819496512413025,0.28176042437553406,0.5421953201293945,0.31098780035972595,0.5229467749595642,0.24453935027122498,0.6907486915588379,0.2797868847846985,0.614477813243866,0.31063026189804077,0.5827531814575195,0.3358066976070404,0.5669350028038025,0.2667020857334137,0.7219620943069458,0.3029460906982422,0.6725537776947021,0.328957736492157,0.6505883932113647,0.35059499740600586,0.6382689476013184
A,0.2041095346212387,0.8132535815238953,0.19308632612228394,0.7442260980606079,0.20121997594833374,0.6818536520004272,0.21581870317459106,0.6340979337692261,0.22510388493537903,0.600391149520874,0.2120583951473236,0.6499110460281372,0.22134390473365784,0.5658392906188965,0.23101815581321716,0.5171558260917664,0.24154096841812134,0.4822328984737396,0.23798848688602448,0.6656242609024048,0.2686487138271332,0.5828127861022949,0.293052613735199,0.5355245471000671,0.31540989875793457,0.5052155256271362,0.26377448439598083,0.6925779581069946,0.3077802062034607,0.6268526315689087,0.3370267152786255,0.5893047451972961,0.36120468378067017,0.565519392490387,0.28613749146461487,0.7275885343551636,0.3338842988014221,0.6957268118858337,0.36398470401763916,0.6769742965698242,0.38853949308395386,0.6626294255256653
A,0.2122788429260254,0.8118435144424438,0.19080007076263428,0.7503190636634827,0.1880475878715515,0.6816410422325134,0.19025558233261108,0.6250126957893372,0.18237608671188354,0.5833046436309814,0.2432573288679123,0.6474478840827942,0.2457522600889206,0.5659595727920532,0.24860277771949768,0.5167702436447144,0.2527114152908325,0.4789121747016907,0.27152514457702637,0.6635739207267761,0.2987235188484192,0.5850189328193665,0.3189483880996704,0.5377739667892456,0.33603912591934204,0.5049330592155457,0.29391464591026306,0.6915974020957947,0.32739078998565674,0.6282376050949097,0.3504778742790222,0.586408257484436,0.37009868025779724,0.554753839969635,0.3121833801269531,0.7283328175544739,0.35539597272872925,0.7045913338661194,0.3818190097808838,0.6863322854042053,0.403855562210083,0.6686817407608032
A,0.20739924907684326,0.8100697994232178,0.18833166360855103,0.7474228143692017,0.18611538410186768,0.6794158220291138,0.18667487800121307,0.6247988343238831,0.17840421199798584,0.583587646484375,0.24190324544906616,0.6461355686187744,0.24479544162750244,0.5658816695213318,0.24852892756462097,0.51572185754776,0.2539045810699463,0.4767304062843323,0.2678655683994293,0.6606131792068481,0.2952738106250763,0.5844423174858093,0.31558698415756226,0.5362650156021118,0.3336779773235321,0.5007246732711792,0.28995856642723083,0.6878446936607361,0.32401084899902344,0.6250832080841064,0.34803497791290283,0.5847392082214355,0.36865490674972534,0.5536801815032959,0.30927714705467224,0.7238306403160095,0.35117006301879883,0.6993398666381836,0.3776523172855377,0.6826935410499573,0.40119636058807373,0.6670616269111633
A,0.20862843096256256,0.8114114999771118,0.18731103837490082,0.748390257358551,0.18557898700237274,0.6801081895828247,0.1874319314956665,0.6251587271690369,0.17963694036006927,0.5833260416984558,0.24191676080226898,0.6481541991233826,0.24540232121944427,0.5666463375091553,0.24876272678375244,0.5159075260162354,0.2535485029220581,0.47690123319625854,0.2687797248363495,0.6619306206703186,0.2958676218986511,0.5830990672111511,0.3161446154117584,0.5348179340362549,0.33433425426483154,0.49971091747283936,0.29148897528648376,0.6886375546455383,0.3244909942150116,0.6241906881332397,0.348427951335907,0.5842267870903015,0.36884498596191406,0.5541391372680664,0.3110465407371521,0.7243014574050903,0.3520709276199341,0.6988042593002319,0.3781249523162842,0.6818178296089172,0.4011983275413513,0.6660630702972412
A,0.2098880112171173,0.8087729811668396,0.18981516361236572,0.7470190525054932,0.1883588433265686,0.6800684928894043,0.18924696743488312,0.6249223947525024,0.17930808663368225,0.5834308862686157,0.24152812361717224,0.6485361456871033,0.24861490726470947,0.5641478896141052,0.2541351020336151,0.5134161710739136,0.26016953587532043,0.4749188721179962,0.2672567367553711,0.6632035374641418,0.29605016112327576,0.5812390446662903,0.31624898314476013,0.5327820181846619,0.3338591456413269,0.49788904190063477,0.28871020674705505,0.6907283663749695,0.3218578100204468,0.6242188811302185,0.34547293186187744,0.5836693644523621,0.36507663130760193,0.5529802441596985,0.30788227915763855,0.7266601324081421,0.3482917249202728,0.6983215808868408,0.3745155334472656,0.6800401210784912,0.39722371101379395,0.6626724600791931
A,0.2063228040933609,0.8095114231109619,0.19315581023693085,0.751377522945404,0.19532805681228638,0.6827128529548645,0.19355346262454987,0.6249569058418274,0.18166065216064453,0.5834218263626099,0.23469603061676025,0.6473544239997864,0.2574133276939392,0.5663137435913086,0.27106982469558716,0.5194815397262573,0.28083521127700806,0.48540979623794556,0.2540728449821472,0.6604292988777161,0.2938871681690216,0.5812079906463623,0.3195870518684387,0.5353550314903259,0.3402261734008789,0.5034387707710266,0.27183324098587036,0.6866487860679626,0.31635424494743347,0.6228883266448975,0.3452904522418976,0.5848512053489685,0.3693062961101532,0.5569321513175964,0.2881115674972534,0.7214167714118958,0.33388552069664,0.697540283203125,0.3640865683555603,0.6826831698417664,0.39040127396583557,0.6705149412155151
A,0.23245060443878174,0.8495395183563232,0.2780577540397644,0.7721735239028931,0.29524922370910645,0.703985869884491,0.3090723752975464,0.6522371768951416,0.3262927830219269,0.6158069372177124,0.2371002733707428,0.6420583724975586,0.3051297962665558,0.625866711139679,0.32157644629478455,0.6516497135162354,0.3235510587692261,0.6653563380241394,0.22385841608047485,0.6544755101203918,0.2966894507408142,0.6595606207847595,0.29469355940818787,0.6993838548660278,0.2777337431907654,0.7137962579727173,0.2193741500377655,0.6752004623413086,0.2886335551738739,0.6863270401954651,0.28483739495277405,0.7222157120704651,0.26889801025390625,0.7353310585021973,0.22184917330741882,0.7008910775184631,0.2745653986930847,0.7101237773895264,0.27548274397850037,0.7376281023025513,0.2617257237434387,0.7483212351799011
A,0.232842817902565,0.8518940210342407,0.28292134404182434,0.7780122756958008,0.3058304190635681,0.7159167528152466,0.3250479996204376,0.6704072952270508,0.3447186350822449,0.6308889985084534,0.23502452671527863,0.6453540325164795,0.3056977093219757,0.6501089334487915,0.3013339936733246,0.7002029418945312,0.2835720479488373,0.7204560041427612,0.22105471789836884,0.6577930450439453,0.3016549050807953,0.664724588394165,0.29535961151123047,0.7150751948356628,0.2803606390953064,0.7338588833808899,0.21620497107505798,0.6801007986068726,0.2945728003978729,0.6901729106903076,0.28763192892074585,0.7347234487533569,0.2711446285247803,0.7527866959571838,0.21938541531562805,0.7095363140106201,0.27697843313217163,0.707665205001831,0.2772207260131836,0.7363674640655518,0.2666601836681366,0.7493666410446167
A,0.24069948494434357,0.8503847718238831,0.28756293654441833,0.7845885753631592,0.3094315230846405,0.7199845910072327,0.32563284039497375,0.6719394326210022,0.3427978456020355,0.630508542060852,0.2444843053817749,0.6481977105140686,0.3134366571903229,0.6556834578514099,0.3085121512413025,0.7081995606422424,0.2906196415424347,0.7282903790473938,0.22689135372638702,0.6573420763015747,0.30623793601989746,0.670991837978363,0.2989152669906616,0.7243285775184631,0.28382226824760437,0.7426763772964478,0.21850235760211945,0.6773781776428223,0.2950316071510315,0.6945962309837341,0.28764206171035767,0.7412174344062805,0.27172788977622986,0.7583641409873962,0.2176525741815567,0.7050520777702332,0.2743189036846161,0.7097360491752625,0.2732445299625397,0.7393987774848938,0.26067444682121277,0.7506486773490906
A,0.24407386779785156,0.85014408826828,0.29016777873039246,0.786517322063446,0.3128499686717987,0.7259911894798279,0.3294641375541687,0.6811414361000061,0.3465219736099243,0.6391810774803162,0.2471122294664383,0.6497607231140137,0.31621795892715454,0.6587040424346924,0.3125913739204407,0.711101233959198,0.2951606810092926,0.7318580746650696,0.22943595051765442,0.6582881808280945,0.30931296944618225,0.6717915534973145,0.30207914113998413,0.7256995439529419,0.2863965630531311,0.7441356182098389,0.2206394374370575,0.6780391931533813,0.29740577936172485,0.6949717402458191,0.288958877325058,0.742622435092926,0.2723495662212372,0.7593612670898438,0.21899360418319702,0.7059434652328491,0.27602359652519226,0.7117434144020081,0.27298033237457275,0.7424134016036987,0.25816357135772705,0.7533212304115295
A,0.24669301509857178,0.8490394353866577,0.2923111319541931,0.7891771793365479,0.3145996630191803,0.7303703427314758,0.3302379548549652,0.6844021081924438,0.3453972041606903,0.6417472958564758,0.2485249787569046,0.6510740518569946,0.31585851311683655,0.6560326814651489,0.3143807351589203,0.7092848420143127,0.29719114303588867,0.7299392223358154,0.2300407588481903,0.6592512726783752,0.3084479570388794,0.6685203313827515,0.3039357364177704,0.724148690700531,0.2878327965736389,0.7417008876800537,0.22029688954353333,0.6791779398918152,0.29547035694122314,0.6921409368515015,0.29048606753349304,0.7425311207771301,0.27460893988609314,0.7593330144882202,0.21697883307933807,0.7080598473548889,0.27385637164115906,0.7086459398269653,0.27396148443222046,0.7413370013237,0.2605276107788086,0.7547775506973267
A,0.25556933879852295,0.8340601921081543,0.29553261399269104,0.7971130609512329,0.3240850865840912,0.7350867986679077,0.340190052986145,0.6879600286483765,0.3559737801551819,0.6521246433258057,0.28329595923423767,0.6768055558204651,0.3056173324584961,0.6268492937088013,0.3189358115196228,0.6602768898010254,0.3178657591342926,0.696913480758667,0.2581378221511841,0.6797928810119629,0.28026697039604187,0.620506763458252,0.29949772357940674,0.6550490260124207,0.30308371782302856,0.6916530728340149,0.23381508886814117,0.6910973191261292,0.2542448937892914,0.6410716772079468,0.2786896526813507,0.6730311512947083,0.2868451774120331,0.7072771191596985,0.210263192653656,0.7118342518806458,0.2317894697189331,0.6665489077568054,0.2606388330459595,0.6750375628471375,0.27739018201828003,0.6916849613189697
A,0.25080406665802,0.8485199809074402,0.2900146245956421,0.8089789152145386,0.32242509722709656,0.7437366247177124,0.3439183533191681,0.696801483631134,0.3627196252346039,0.6621230840682983,0.2838359773159027,0.6908295750617981,0.2941019833087921,0.6454489827156067,0.3095230460166931,0.628014326095581,0.3264774978160858,0.6209485530853271,0.2607157826423645,0.689814567565918,0.2660863995552063,0.6379904747009277,0.2777552902698517,0.6129231452941895,0.2927868962287903,0.5962181687355042,0.23765583336353302,0.6971259713172913,0.2402755618095398,0.6455094218254089,0.25253987312316895,0.6300264000892639,0.2687634825706482,0.6254655122756958,0.21339619159698486,0.7123529314994812,0.21648868918418884,0.6674265265464783,0.229368194937706,0.6513764262199402,0.24542762339115143,0.6457496285438538
A,0.2552156448364258,0.8326411843299866,0.2976532578468323,0.810431957244873,0.3348022997379303,0.7608577013015747,0.3585631847381592,0.7224315404891968,0.37952369451522827,0.6966733932495117,0.2953289747238159,0.667428731918335,0.3218972980976105,0.6195769906044006,0.3441951870918274,0.594722330570221,0.36455869674682617,0.5769824385643005,0.26582062244415283,0.6588044762611389,0.2712121605873108,0.5959423184394836,0.281002938747406,0.5603169202804565,0.2906471788883209,0.5312386155128479,0.23905469477176666,0.668339192867279,0.23300082981586456,0.6113651394844055,0.23321110010147095,0.5736989974975586,0.23571297526359558,0.5410566926002502,0.21395474672317505,0.6955935955047607,0.19861027598381042,0.6492123603820801,0.19188624620437622,0.616539478302002,0.18842697143554688,0.5864018201828003
A,0.2521417438983917,0.838605523109436,0.29624637961387634,0.819382905960083,0.3371504545211792,0.7831859588623047,0.36988022923469543,0.7539295554161072,0.3978188931941986,0.7369295954704285,0.3019676208496094,0.671124279499054,0.330720454454422,0.6147947311401367,0.354204386472702,0.5802329182624817,0.37266260385513306,0.5528802275657654,0.27061927318573,0.6562325954437256,0.2741452753543854,0.5702317357063293,0.2783234119415283,0.5136544704437256,0.27883243560791016,0.46665436029434204,0.24050560593605042,0.6653090119361877,0.22977550327777863,0.5877516865730286,0.22636307775974274,0.5344223380088806,0.22392383217811584,0.4881274700164795,0.21294432878494263,0.6948978900909424,0.18277005851268768,0.6435567736625671,0.1643839180469513,0.6077806949615479,0.15011601150035858,0.5728985071182251
A,0.2456454336643219,0.850533127784729,0.2923491895198822,0.8283093571662903,0.3342650234699249,0.7868015170097351,0.3657304644584656,0.7529581785202026,0.393514484167099,0.7337839603424072,0.3035431504249573,0.6752198934555054,0.33329957723617554,0.6189261674880981,0.35381004214286804,0.5852288007736206,0.36871182918548584,0.5587005019187927,0.2704080045223236,0.6575260162353516,0.27765092253685,0.5689581036567688,0.2810363471508026,0.5138985514640808,0.2803351581096649,0.467981219291687,0.23827722668647766,0.6640105843544006,0.23075033724308014,0.5843107104301453,0.22877342998981476,0.5300588607788086,0.2273414582014084,0.48326343297958374,0.20763424038887024,0.6902328133583069,0.17787453532218933,0.6362180113792419,0.15993258357048035,0.5995259881019592,0.1462005376815796,0.5629761219024658
A,0.2435520887374878,0.8532764911651611,0.2908395528793335,0.8312569856643677,0.33328548073768616,0.787209689617157,0.36461207270622253,0.7503741979598999,0.392463743686676,0.7321277260780334,0.30277347564697266,0.6748429536819458,0.33228451013565063,0.6166224479675293,0.3524854779243469,0.5814715027809143,0.36725595593452454,0.5536614060401917,0.2686496376991272,0.6572005152702332,0.2754957377910614,0.5668591260910034,0.2785317897796631,0.5117789506912231,0.2777992784976959,0.4659619927406311,0.23663058876991272,0.6632285118103027,0.22778961062431335,0.5822039246559143,0.2246103435754776,0.5296061038970947,0.2221272885799408,0.48501822352409363,0.20634034276008606,0.6893215179443359,0.17559829354286194,0.634950578212738,0.15584668517112732,0.5989783406257629,0.14023731648921967,0.5643406510353088
A,0.2425583153963089,0.8544757962226868,0.29045093059539795,0.831735372543335,0.33229613304138184,0.7870634198188782,0.36341390013694763,0.7507486343383789,0.3914693295955658,0.7339842319488525,0.3021639883518219,0.673597514629364,0.33133557438850403,0.6150416731834412,0.35034844279289246,0.5783989429473877,0.36371153593063354,0.5486063957214355,0.26806890964508057,0.6563296914100647,0.27428168058395386,0.5660489201545715,0.2766169607639313,0.5109893679618835,0.27536240220069885,0.46499666571617126,0.2361477017402649,0.6629076600074768,0.2270335704088211,0.581712543964386,0.2235846072435379,0.529705286026001,0.22091060876846313,0.48523247241973877,0.2058226466178894,0.6894567012786865,0.1747022569179535,0.6354072093963623,0.15441656112670898,0.6000479459762573,0.13826803863048553,0.565889835357666
A,0.24189358949661255,0.8538991212844849,0.2895415723323822,0.8315023183822632,0.33195072412490845,0.786454975605011,0.36603039503097534,0.7503812909126282,0.39646485447883606,0.7355596423149109,0.30105260014533997,0.6724886894226074,0.3301689326763153,0.6128737926483154,0.34840601682662964,0.5755762457847595,0.3611522614955902,0.5450820326805115,0.26693376898765564,0.6557247638702393,0.27327463030815125,0.5658451318740845,0.27566081285476685,0.5109272003173828,0.27451974153518677,0.46488308906555176,0.23523396253585815,0.6624783873558044,0.2263900488615036,0.5814629793167114,0.2225828319787979,0.5299007296562195,0.21948061883449554,0.48557379841804504,0.20533058047294617,0.6889192461967468,0.1751575767993927,0.6349195837974548,0.15493592619895935,0.5998249053955078,0.13852015137672424,0.5658593773841858
A,0.24698318541049957,0.8657885193824768,0.29080715775489807,0.8234098553657532,0.31806132197380066,0.7741600871086121,0.328239768743515,0.7373707890510559,0.32815441489219666,0.7129442691802979,0.2811931371688843,0.6696524620056152,0.2993418574333191,0.6070048809051514,0.3211950957775116,0.594183087348938,0.3402694761753082,0.6054843664169312,0.2585914433002472,0.669781506061554,0.2588898837566376,0.5936496257781982,0.27530649304389954,0.5691583752632141,0.29175645112991333,0.5720462203025818,0.2387189269065857,0.6863923668861389,0.2332761585712433,0.6208027005195618,0.248726025223732,0.6016132235527039,0.26465487480163574,0.6040374636650085,0.22167035937309265,0.7152718901634216,0.220985546708107,0.6714285612106323,0.2363106608390808,0.6584475636482239,0.2522762715816498,0.6616340279579163
A,0.2397105097770691,0.8585048913955688,0.27958300709724426,0.7787378430366516,0.2863790988922119,0.7077836394309998,0.28152182698249817,0.654256284236908,0.27787190675735474,0.621092677116394,0.23819494247436523,0.6479765772819519,0.2766648828983307,0.6012715697288513,0.30715036392211914,0.6228165030479431,0.3165178596973419,0.649701714515686,0.22219198942184448,0.6675807237625122,0.27436363697052,0.6380190849304199,0.29904904961586,0.6648862361907959,0.2993280291557312,0.6885111927986145,0.21607543528079987,0.6981437802314758,0.2751137912273407,0.6849115490913391,0.29017549753189087,0.7098975777626038,0.28307607769966125,0.7276704907417297,0.21880939602851868,0.7323216199874878,0.27582666277885437,0.7252441644668579,0.2896493375301361,0.739068329334259,0.2830541431903839,0.7485007047653198
A,0.23579034209251404,0.8599981665611267,0.26746606826782227,0.7697130441665649,0.26652106642723083,0.6922097206115723,0.255632609128952,0.6381111145019531,0.2422027289867401,0.5905337333679199,0.22258354723453522,0.6482840776443481,0.2929319143295288,0.631013035774231,0.3014543950557709,0.6781656742095947,0.29297196865081787,0.7018368244171143,0.2135041058063507,0.6691784858703613,0.2987266182899475,0.6606683135032654,0.3016124963760376,0.703561544418335,0.29038965702056885,0.7228518128395081,0.21338865160942078,0.6998509764671326,0.29599058628082275,0.6966975331306458,0.29361510276794434,0.7330469489097595,0.27861395478248596,0.7457507252693176,0.22217650711536407,0.7334933280944824,0.28695499897003174,0.730130672454834,0.287963330745697,0.7537463307380676,0.27390432357788086,0.7596589922904968
A,0.23432186245918274,0.8444069027900696,0.27381575107574463,0.7617272734642029,0.27115118503570557,0.6915991306304932,0.25845035910606384,0.6433563232421875,0.24318844079971313,0.5977558493614197,0.21423760056495667,0.6474043130874634,0.2864969074726105,0.6296583414077759,0.2910761535167694,0.6745767593383789,0.27579841017723083,0.6907824277877808,0.20492732524871826,0.6666994094848633,0.28993096947669983,0.651777446269989,0.2911076843738556,0.6966014504432678,0.27450624108314514,0.7112981677055359,0.20542344450950623,0.6956460475921631,0.28791022300720215,0.6827071309089661,0.2893548309803009,0.721540093421936,0.27417391538619995,0.7355659008026123,0.21366891264915466,0.7275270819664001,0.2781592905521393,0.7158758640289307,0.28124693036079407,0.7438779473304749,0.26802513003349304,0.7541703581809998
A,0.24145539104938507,0.8433099389076233,0.2763971984386444,0.7631138563156128,0.2743660509586334,0.693845272064209,0.26368722319602966,0.6451969146728516,0.2478354424238205,0.6008287072181702,0.2128956913948059,0.6490041613578796,0.2794102132320404,0.6309831738471985,0.28437307476997375,0.6808942556381226,0.26948103308677673,0.697063684463501,0.19950197637081146,0.6625739336013794,0.27855804562568665,0.6536818742752075,0.28249430656433105,0.7014439105987549,0.26860442757606506,0.7137681841850281,0.1962168663740158,0.6879177689552307,0.27520373463630676,0.6818220615386963,0.2794405519962311,0.7235240936279297,0.26482897996902466,0.7370097637176514,0.20165681838989258,0.7183055877685547,0.26132676005363464,0.709975004196167,0.268543541431427,0.7396868467330933,0.25804224610328674,0.7510097622871399
A,0.2385834902524948,0.8497434854507446,0.2756635546684265,0.7698741555213928,0.2773449420928955,0.7041884064674377,0.2747470438480377,0.6548051834106445,0.27086761593818665,0.6102886199951172,0.2121313512325287,0.6535640954971313,0.27782678604125977,0.6273571252822876,0.28873690962791443,0.6795051693916321,0.27498865127563477,0.7025964260101318,0.1977796107530594,0.6668302416801453,0.275096595287323,0.6481508612632751,0.28620848059654236,0.7027063369750977,0.27270394563674927,0.7185954451560974,0.19383922219276428,0.6913740634918213,0.27184608578681946,0.6777510046958923,0.28051432967185974,0.7252341508865356,0.2644457519054413,0.741762638092041,0.19818571209907532,0.721552848815918,0.25501272082328796,0.7098225951194763,0.26505598425865173,0.7408919930458069,0.2537829279899597,0.7537198662757874
A,0.2447674721479416,0.8518726825714111,0.27849531173706055,0.7804856300354004,0.2864573299884796,0.7124268412590027,0.2889433801174164,0.6638580560684204,0.29338404536247253,0.6206322312355042,0.21863789856433868,0.6529563665390015,0.27938783168792725,0.6282966136932373,0.2945069968700409,0.6763299703598022,0.28442710638046265,0.7022000551223755,0.20156940817832947,0.6651085019111633,0.2723349630832672,0.6442766189575195,0.2891944348812103,0.69295334815979,0.2793373763561249,0.7128128409385681,0.19317173957824707,0.6893677711486816,0.261295884847641,0.6660373210906982,0.27887046337127686,0.7080239653587341,0.27063363790512085,0.728796124458313,0.1914491057395935,0.7211664915084839,0.2419334501028061,0.6985651850700378,0.2611396610736847,0.7246854305267334,0.2594201862812042,0.7411774396896362
A,0.25744563341140747,0.8448282480239868,0.2955723702907562,0.8146906495094299,0.3265382647514343,0.7573716640472412,0.34888890385627747,0.7140458822250366,0.3691878020763397,0.6828970313072205,0.2871694266796112,0.6719115972518921,0.2981474697589874,0.6196191906929016,0.3130340278148651,0.6067761182785034,0.3251088559627533,0.6151981353759766,0.26014721393585205,0.6692455410957336,0.25810375809669495,0.6062365174293518,0.27288123965263367,0.587221086025238,0.2894175052642822,0.5988662838935852,0.23544999957084656,0.6817842721939087,0.22678324580192566,0.6246495842933655,0.23928804695606232,0.6056768298149109,0.2551788091659546,0.6107697486877441,0.2125314176082611,0.7084837555885315,0.19319535791873932,0.6614182591438293,0.1964016556739807,0.6319630146026611,0.2087499350309372,0.6186262965202332
A,0.25886791944503784,0.8486564755439758,0.29727160930633545,0.8191226720809937,0.3278113603591919,0.7608441114425659,0.3508372902870178,0.7185061573982239,0.37085968255996704,0.6849499940872192,0.28848880529403687,0.6685892343521118,0.3104175925254822,0.608963668346405,0.33175039291381836,0.6036732196807861,0.35097119212150574,0.6244825720787048,0.26235881447792053,0.6618591547012329,0.2616943418979645,0.5949931144714355,0.2831750512123108,0.5648170709609985,0.30721578001976013,0.5633627772331238,0.23840346932411194,0.6748020648956299,0.22630661725997925,0.6142107844352722,0.24340780079364777,0.5859692096710205,0.26800042390823364,0.5774785280227661,0.2160155028104782,0.7009942531585693,0.19450390338897705,0.6509883999824524,0.196229949593544,0.613381564617157,0.20989856123924255,0.5877842903137207
A,0.2553093731403351,0.8525071740150452,0.2954086661338806,0.8182465434074402,0.3268294334411621,0.7606974840164185,0.34947389364242554,0.7193116545677185,0.37011075019836426,0.6857287883758545,0.28967565298080444,0.6682226657867432,0.31058159470558167,0.6090389490127563,0.3329540193080902,0.6043965220451355,0.35381412506103516,0.6248902082443237,0.26340270042419434,0.6627747416496277,0.2604596018791199,0.5912052392959595,0.2829948663711548,0.5644956827163696,0.3076278567314148,0.5655319094657898,0.23934486508369446,0.6767336130142212,0.22705259919166565,0.6133620738983154,0.2450914829969406,0.5844394564628601,0.27004486322402954,0.5747660994529724,0.2167118489742279,0.7039294242858887,0.19381126761436462,0.6508320569992065,0.19605495035648346,0.6107158660888672,0.21045158803462982,0.583604097366333
A,0.2568199932575226,0.85285484790802,0.29685336351394653,0.8195713758468628,0.32768017053604126,0.7629050612449646,0.3496819734573364,0.7217587828636169,0.3709198534488678,0.6891777515411377,0.2925512492656708,0.6657546758651733,0.3141823410987854,0.6061052083969116,0.3370382785797119,0.5984861850738525,0.3605976700782776,0.6096112728118896,0.26547253131866455,0.659331202507019,0.26119348406791687,0.5829488635063171,0.27947553992271423,0.54539555311203,0.30213576555252075,0.5254949331283569,0.24095061421394348,0.6737208366394043,0.22950154542922974,0.6059635281562805,0.24505920708179474,0.5727633833885193,0.26739704608917236,0.5505864024162292,0.21960294246673584,0.7021853923797607,0.199467271566391,0.6484292149543762,0.19537723064422607,0.605328381061554,0.20009610056877136,0.5678713321685791
A,0.25653496384620667,0.8496101498603821,0.29772090911865234,0.8151324987411499,0.33002930879592896,0.7625775337219238,0.35139161348342896,0.7239812016487122,0.3724091947078705,0.694004476070404,0.29371294379234314,0.6611566543579102,0.31165218353271484,0.6010790467262268,0.33485153317451477,0.5845423936843872,0.3600565195083618,0.5790143013000488,0.267004132270813,0.656198263168335,0.25955742597579956,0.5767038464546204,0.27104124426841736,0.5310180187225342,0.2865590453147888,0.4966784715652466,0.24347752332687378,0.6706186532974243,0.2321687489748001,0.5991247892379761,0.2428404688835144,0.5560485124588013,0.2589762210845947,0.5204338431358337,0.22383424639701843,0.6998733878135681,0.20044904947280884,0.6478232145309448,0.1914103925228119,0.6058676242828369,0.18871702253818512,0.5665901899337769
A,0.2568124830722809,0.8459688425064087,0.2988935112953186,0.8129940032958984,0.3338332176208496,0.76302570104599,0.3598305583000183,0.7269054055213928,0.3831137716770172,0.7002679109573364,0.2910345792770386,0.6579110622406006,0.313475638628006,0.6006255745887756,0.3360472619533539,0.5717517733573914,0.3582364320755005,0.5512016415596008,0.2646979093551636,0.6520675420761108,0.25496119260787964,0.5674327611923218,0.2590961754322052,0.5140228271484375,0.26443755626678467,0.4696184992790222,0.24322843551635742,0.6675128936767578,0.2265373170375824,0.5933493971824646,0.2276410609483719,0.5438182950019836,0.2323615401983261,0.5000478029251099,0.22740647196769714,0.6992543339729309,0.19976186752319336,0.6482947468757629,0.18718869984149933,0.6087576150894165,0.179322749376297,0.571429431438446
A,0.25517839193344116,0.8441492915153503,0.30108317732810974,0.809868574142456,0.341754674911499,0.76313316822052,0.375453919172287,0.7317188382148743,0.4050443172454834,0.7133921384811401,0.29179519414901733,0.655177652835846,0.3136587142944336,0.5888710021972656,0.32981109619140625,0.5475081205368042,0.3445413410663605,0.5129280686378479,0.26491421461105347,0.6509952545166016,0.2522999048233032,0.5651368498802185,0.24841707944869995,0.5112850069999695,0.24465905129909515,0.4677543640136719,0.24388231337070465,0.6671217083930969,0.22152163088321686,0.5924591422080994,0.2142084538936615,0.5412044525146484,0.20973238348960876,0.4952738881111145,0.22916269302368164,0.6992819905281067,0.19957153499126434,0.6495197415351868,0.1845225989818573,0.613166332244873,0.173143208026886,0.5795056223869324
A,0.25803470611572266,0.8464646339416504,0.3046974837779999,0.807049036026001,0.3428749144077301,0.7538240551948547,0.37712061405181885,0.7187662720680237,0.4058629870414734,0.693463921546936,0.2936018407344818,0.6532407402992249,0.29744741320610046,0.5793249011039734,0.2974822223186493,0.5332080721855164,0.29761022329330444,0.49346423149108887,0.26956385374069214,0.6549092531204224,0.24830569326877594,0.5726063251495361,0.23628783226013184,0.5217859745025635,0.22539395093917847,0.4787818193435669,0.2505360543727875,0.6754878163337708,0.22504618763923645,0.6001746654510498,0.2111823856830597,0.5533512234687805,0.1997678577899933,0.5100712776184082,0.2380044311285019,0.7120868563652039,0.20543693006038666,0.6713235378265381,0.18617329001426697,0.640569806098938,0.16962316632270813,0.6102545261383057
A,0.2573760449886322,0.8495675325393677,0.3029189109802246,0.8111890554428101,0.3301188051700592,0.7501022815704346,0.3452310860157013,0.6990413069725037,0.3563399314880371,0.6585659384727478,0.2960733473300934,0.6611620187759399,0.29670363664627075,0.585370659828186,0.2922397553920746,0.5385874509811401,0.2850901186466217,0.49868565797805786,0.26675719022750854,0.6620949506759644,0.25558313727378845,0.57398521900177,0.2449437528848648,0.5205931663513184,0.23213982582092285,0.47740381956100464,0.2405552715063095,0.6823212504386902,0.22037597000598907,0.6020373106002808,0.20512452721595764,0.5504353046417236,0.19130638241767883,0.5078673362731934,0.21692943572998047,0.7188666462898254,0.1782706379890442,0.6698625683784485,0.1538621336221695,0.6361095309257507,0.13351549208164215,0.6039849519729614
A,0.2521510422229767,0.8542354702949524,0.29971668124198914,0.816095769405365,0.3284023106098175,0.7524319887161255,0.34180349111557007,0.6989550590515137,0.35410401225090027,0.6595746874809265,0.29380151629447937,0.6639469265937805,0.3000471889972687,0.5892029404640198,0.30060529708862305,0.5411903262138367,0.2973673343658447,0.5005528330802917,0.2633448541164398,0.6634132266044617,0.25499746203422546,0.5748133063316345,0.24717704951763153,0.519646167755127,0.23636238276958466,0.476172536611557,0.23684245347976685,0.6820955276489258,0.21845224499702454,0.6011378765106201,0.20548464357852936,0.5490721464157104,0.19394563138484955,0.5062899589538574,0.21281199157238007,0.7170488834381104,0.17351952195167542,0.6661245822906494,0.14815199375152588,0.6315232515335083,0.12766960263252258,0.599419116973877
A,0.25084027647972107,0.8555929064750671,0.2985006868839264,0.8162958025932312,0.32829180359840393,0.7525239586830139,0.3421470522880554,0.6992125511169434,0.35382816195487976,0.6599388122558594,0.292880654335022,0.663790225982666,0.2996894419193268,0.5893557071685791,0.3008858561515808,0.5418036580085754,0.29840904474258423,0.5013043880462646,0.2632525563240051,0.6633079648017883,0.2549557387828827,0.5748584866523743,0.2475038468837738,0.5199363231658936,0.23690873384475708,0.4770508408546448,0.23730579018592834,0.6821014285087585,0.21814845502376556,0.6006616950035095,0.20530420541763306,0.5494366884231567,0.19387935101985931,0.5074403285980225,0.2138747125864029,0.7172765731811523,0.17465683817863464,0.667399525642395,0.14922139048576355,0.6333401799201965,0.1285325288772583,0.6019014120101929
A,0.2508825361728668,0.8551296591758728,0.29781439900398254,0.8160912990570068,0.3262517750263214,0.7531247735023499,0.3371642231941223,0.6996332406997681,0.3484708070755005,0.6588746309280396,0.29488426446914673,0.664519190788269,0.303928941488266,0.5893822312355042,0.3060508072376251,0.5416449308395386,0.3044169843196869,0.5007397532463074,0.2647148668766022,0.6628189086914062,0.2574162483215332,0.5735479593276978,0.2504710853099823,0.5184484124183655,0.24075977504253387,0.4747150242328644,0.2384737879037857,0.680860161781311,0.22092968225479126,0.5992091298103333,0.20822516083717346,0.5474816560745239,0.19735798239707947,0.5041958093643188,0.21506372094154358,0.7155605554580688,0.17843550443649292,0.6644924283027649,0.15497300028800964,0.6285189390182495,0.1362321525812149,0.5952110290527344
A,0.2518235445022583,0.8537121415138245,0.298770934343338,0.815120279788971,0.32558149099349976,0.7518070936203003,0.33321917057037354,0.6975972652435303,0.3438258767127991,0.6569685935974121,0.2965349555015564,0.6644648909568787,0.30544108152389526,0.5884864926338196,0.3080490827560425,0.5400113463401794,0.30681756138801575,0.49856793880462646,0.26638710498809814,0.6633238196372986,0.2577165365219116,0.5730808973312378,0.2505987286567688,0.5174614191055298,0.24085840582847595,0.47299811244010925,0.2403605878353119,0.6818755865097046,0.22204311192035675,0.5990198254585266,0.20894838869571686,0.547050952911377,0.19780395925045013,0.5030922293663025,0.2170685976743698,0.7169491052627563,0.1803492158651352,0.6659355163574219,0.15709026157855988,0.630534291267395,0.1383882313966751,0.5975150465965271
A,0.25209203362464905,0.8546022176742554,0.2995690405368805,0.8157802820205688,0.32692113518714905,0.7510695457458496,0.336280882358551,0.6951856017112732,0.3465970754623413,0.6536739468574524,0.2948495149612427,0.6626858115196228,0.3045409917831421,0.5862241983413696,0.30765584111213684,0.5368784666061401,0.30676040053367615,0.49488502740859985,0.2643170654773712,0.6619674563407898,0.2550477385520935,0.5723041296005249,0.24832606315612793,0.5163101553916931,0.238852858543396,0.47161388397216797,0.23859789967536926,0.6811767816543579,0.2188252955675125,0.5995186567306519,0.2058160901069641,0.5473030805587769,0.1948210448026657,0.5026978850364685,0.21645097434520721,0.7171911001205444,0.17929862439632416,0.6666560173034668,0.1556246429681778,0.6312699317932129,0.13655152916908264,0.5979970097541809
A,0.25159722566604614,0.8552632331848145,0.30015283823013306,0.8152690529823303,0.32989898324012756,0.7479044795036316,0.3434157371520996,0.6907958984375,0.3560262620449066,0.6494518518447876,0.29138872027397156,0.662209153175354,0.30357033014297485,0.5862182974815369,0.3080954849720001,0.5367006659507751,0.30786725878715515,0.4948647916316986,0.259939044713974,0.6610041260719299,0.2525586187839508,0.5711831450462341,0.24689741432666779,0.5146409869194031,0.23784781992435455,0.47002360224723816,0.23372511565685272,0.6791511178016663,0.2156754583120346,0.5980423092842102,0.20431390404701233,0.5453094244003296,0.1942352056503296,0.5010236501693726,0.2112855613231659,0.713860809803009,0.17536869645118713,0.6622404456138611,0.15253207087516785,0.6263326406478882,0.1340973973274231,0.5928189754486084
A,0.24896860122680664,0.854629397392273,0.2983834147453308,0.8135167956352234,0.33250728249549866,0.7454361915588379,0.3530179560184479,0.6872246265411377,0.3731086552143097,0.6455504894256592,0.28886139392852783,0.6593196988105774,0.30239197611808777,0.5850288271903992,0.3086453080177307,0.5360358953475952,0.31072914600372314,0.4941452443599701,0.25679123401641846,0.6571401357650757,0.2502550780773163,0.5684937238693237,0.2451844960451126,0.5129613876342773,0.23721693456172943,0.4678659439086914,0.22970883548259735,0.6740658283233643,0.2145618200302124,0.5942243337631226,0.2049630582332611,0.5412542819976807,0.19647684693336487,0.49545302987098694,0.2061026692390442,0.7067859768867493,0.17516520619392395,0.6542009711265564,0.15596476197242737,0.616970419883728,0.14043238759040833,0.5814636945724487
A,0.23658472299575806,0.8571872115135193,0.2775050401687622,0.7905290722846985,0.29979968070983887,0.7169772386550903,0.30429431796073914,0.6554973125457764,0.3033141493797302,0.6034629940986633,0.26479578018188477,0.6630097031593323,0.2721102833747864,0.6111026406288147,0.28423190116882324,0.5879329442977905,0.2963159680366516,0.569288969039917,0.2424047440290451,0.6649917960166931,0.24922877550125122,0.6000895500183105,0.26097372174263,0.5680135488510132,0.27575215697288513,0.541925847530365,0.22075866162776947,0.6764988303184509,0.22891934216022491,0.6151244044303894,0.24821220338344574,0.5875829458236694,0.2699386179447174,0.5674681663513184,0.1996505856513977,0.6967450380325317,0.2172020971775055,0.655022919178009,0.23842167854309082,0.636207103729248,0.2609177231788635,0.6196796894073486
A,0.24042800068855286,0.8424263000488281,0.27823197841644287,0.7874034643173218,0.2965618669986725,0.7145710587501526,0.30036768317222595,0.6554277539253235,0.3003813326358795,0.6046541333198547,0.2560012638568878,0.660082995891571,0.2618773877620697,0.6042982935905457,0.27787283062934875,0.5790455937385559,0.2944421172142029,0.5647814273834229,0.23394210636615753,0.6643282175064087,0.24137437343597412,0.5986196398735046,0.2655966281890869,0.5765945315361023,0.2913215756416321,0.5681142807006836,0.213893860578537,0.6772177815437317,0.22690355777740479,0.6178637742996216,0.2584042251110077,0.6031879186630249,0.28923097252845764,0.6006797552108765,0.1970967799425125,0.6987286806106567,0.2212008535861969,0.6601365208625793,0.24515287578105927,0.6444939374923706,0.2685202956199646,0.6345009207725525
A,0.24320168793201447,0.8383181095123291,0.27883100509643555,0.7855928540229797,0.29688942432403564,0.712318480014801,0.30192744731903076,0.6540461778640747,0.3037783205509186,0.605036199092865,0.25579747557640076,0.6611814498901367,0.26366284489631653,0.60719895362854,0.28102907538414,0.5829564332962036,0.29810088872909546,0.5685823559761047,0.2342783361673355,0.6641994714736938,0.24308249354362488,0.6001039743423462,0.26755857467651367,0.5784844756126404,0.29293519258499146,0.5693879723548889,0.2142697274684906,0.6759853959083557,0.22824598848819733,0.6179251670837402,0.2606005072593689,0.6051952838897705,0.29173964262008667,0.6033331155776978,0.19717204570770264,0.6959847807884216,0.22224053740501404,0.6577213406562805,0.24699074029922485,0.6436487436294556,0.2703190743923187,0.634132444858551
A,0.24274565279483795,0.8357642889022827,0.2798174023628235,0.7851442098617554,0.29871585965156555,0.7123842835426331,0.3036424219608307,0.6532400846481323,0.3066726326942444,0.603468656539917,0.257737398147583,0.6652039885520935,0.2659270465373993,0.6128316521644592,0.2830871343612671,0.5864237546920776,0.3001677393913269,0.5699232220649719,0.23715944588184357,0.6663962602615356,0.2448161393404007,0.6023329496383667,0.26866787672042847,0.5784196853637695,0.29390376806259155,0.5666570663452148,0.21771131455898285,0.6762708425521851,0.23064298927783966,0.6166496276855469,0.26255902647972107,0.6027456521987915,0.2932772636413574,0.59999018907547,0.20053720474243164,0.693385124206543,0.2255607694387436,0.6541165113449097,0.2511429786682129,0.6410700082778931,0.2748118042945862,0.6328181028366089
A,0.24471676349639893,0.8343985676765442,0.28154200315475464,0.7854683995246887,0.30007636547088623,0.7123292088508606,0.3055342435836792,0.6538641452789307,0.3069893419742584,0.6056812405586243,0.26033735275268555,0.6642076969146729,0.26966357231140137,0.6142565011978149,0.2869778871536255,0.58973628282547,0.3037099838256836,0.5745116472244263,0.23897774517536163,0.6645853519439697,0.24738344550132751,0.6026773452758789,0.2709027826786041,0.5802637338638306,0.29550713300704956,0.5694839358329773,0.21866849064826965,0.6745425462722778,0.23306606709957123,0.6165172457695007,0.2648853659629822,0.605855405330658,0.29486146569252014,0.6053915023803711,0.20079514384269714,0.6930087208747864,0.22668980062007904,0.6576416492462158,0.25178197026252747,0.6465007662773132,0.27480825781822205,0.6388575434684753
A,0.24745355546474457,0.8329634666442871,0.28401413559913635,0.7836655974388123,0.3028915226459503,0.7101750373840332,0.3097464144229889,0.6510714888572693,0.31291913986206055,0.6035972237586975,0.26661473512649536,0.6659501791000366,0.27822980284690857,0.6169893145561218,0.2954115569591522,0.5932417511940002,0.3117388188838959,0.5776720643043518,0.24441885948181152,0.6656986474990845,0.2518680989742279,0.6038587093353271,0.27560368180274963,0.5819658041000366,0.3005698323249817,0.5702572464942932,0.22234031558036804,0.6764793395996094,0.23626667261123657,0.6174678802490234,0.26930126547813416,0.6143078207969666,0.2999551594257355,0.6204456090927124,0.2015935480594635,0.6965689063072205,0.22490715980529785,0.661121666431427,0.25022217631340027,0.6537142992019653,0.2732597887516022,0.6508213877677917
A,0.2484777420759201,0.8324703574180603,0.2847032845020294,0.7845281362533569,0.3044465184211731,0.7095646262168884,0.31255781650543213,0.6517577171325684,0.32014334201812744,0.6048852205276489,0.2626842260360718,0.6638761162757874,0.27484330534935,0.6171144843101501,0.2957688271999359,0.5964832305908203,0.3167683780193329,0.5844217538833618,0.24055342376232147,0.6640121936798096,0.2525772750377655,0.603031575679779,0.27912047505378723,0.5837409496307373,0.3067263960838318,0.573899507522583,0.21929612755775452,0.6743429899215698,0.23953106999397278,0.6179719567298889,0.27428367733955383,0.6151989102363586,0.30615732073783875,0.6202744841575623,0.19999539852142334,0.6934778094291687,0.2284952849149704,0.658656895160675,0.25477173924446106,0.6517348289489746,0.2779809534549713,0.6476759910583496
A,0.2508987486362457,0.835158109664917,0.2876530885696411,0.7839414477348328,0.30772697925567627,0.708462655544281,0.31709474325180054,0.6499471068382263,0.3280358910560608,0.5986831188201904,0.2574335038661957,0.6626333594322205,0.2664424479007721,0.6118674278259277,0.2888648211956024,0.5907372832298279,0.31149640679359436,0.579119086265564,0.23581695556640625,0.664708137512207,0.24755461513996124,0.601627767086029,0.2760978043079376,0.5862025022506714,0.3047941327095032,0.581940233707428,0.21539990603923798,0.6761299967765808,0.23335231840610504,0.6177536845207214,0.2673451900482178,0.6126896142959595,0.2992023825645447,0.6166372895240784,0.19752831757068634,0.6965813040733337,0.22570544481277466,0.6589683294296265,0.2523082196712494,0.6496523022651672,0.2760653793811798,0.643639326095581
A,0.24962441623210907,0.8356675505638123,0.28921324014663696,0.7836074829101562,0.3125644326210022,0.7077622413635254,0.3229573369026184,0.650122880935669,0.33946990966796875,0.6005290150642395,0.26207461953163147,0.6600739359855652,0.27017152309417725,0.6063029170036316,0.29039642214775085,0.5816034078598022,0.31103697419166565,0.5678194761276245,0.23975150287151337,0.665298581123352,0.24811117351055145,0.6027826070785522,0.27437323331832886,0.5873120427131653,0.301289826631546,0.5855323076248169,0.21808357536792755,0.6794825196266174,0.22611184418201447,0.618231475353241,0.2545430362224579,0.6088215708732605,0.2837616801261902,0.6100053191184998,0.19676411151885986,0.70360267162323,0.21196678280830383,0.663989782333374,0.2338089495897293,0.6497019529342651,0.25574448704719543,0.6398637890815735
A,0.2517605423927307,0.8289021253585815,0.28989559412002563,0.7856032848358154,0.3151496946811676,0.7146033048629761,0.33243611454963684,0.6606946587562561,0.3485703468322754,0.6163869500160217,0.2635136842727661,0.6584377288818359,0.28700509667396545,0.6026880145072937,0.30881941318511963,0.5684545636177063,0.3302653431892395,0.5436646938323975,0.24014702439308167,0.6575775742530823,0.24850653111934662,0.5901872515678406,0.26511499285697937,0.5461140275001526,0.2840768098831177,0.5105170607566833,0.22003492712974548,0.6713249683380127,0.2251935750246048,0.6063655018806458,0.24454522132873535,0.5683286786079407,0.26663145422935486,0.5388109087944031,0.2015836238861084,0.697627604007721,0.20858588814735413,0.6522009968757629,0.22395746409893036,0.6264432072639465,0.24121502041816711,0.6062548756599426
A,0.25748246908187866,0.8143773078918457,0.29806607961654663,0.7815873026847839,0.32424694299697876,0.7221688628196716,0.3455957770347595,0.6732597947120667,0.36229291558265686,0.6345826387405396,0.29015350341796875,0.6370107531547546,0.30602332949638367,0.5678369402885437,0.315326988697052,0.5198413133621216,0.3221767544746399,0.48115527629852295,0.26472073793411255,0.6318633556365967,0.26035335659980774,0.5507161617279053,0.2600795030593872,0.496576189994812,0.25821664929389954,0.4520655870437622,0.24269375205039978,0.6455386877059937,0.22726264595985413,0.571623682975769,0.22146274149417877,0.5209844708442688,0.2174692153930664,0.477222740650177,0.2239265739917755,0.6750267744064331,0.20426690578460693,0.6252371072769165,0.19314007461071014,0.5880769491195679,0.18460533022880554,0.5532011985778809
A,0.2563207447528839,0.8236905336380005,0.299062579870224,0.7884716391563416,0.32640525698661804,0.7276305556297302,0.3481287956237793,0.679768979549408,0.36679279804229736,0.6426069140434265,0.294283002614975,0.6392282247543335,0.30480581521987915,0.5688245296478271,0.3097202479839325,0.5225222110748291,0.3123530149459839,0.4825966954231262,0.27043968439102173,0.6358837485313416,0.2619573771953583,0.5508684515953064,0.25876328349113464,0.4964587092399597,0.25345656275749207,0.4505773186683655,0.25009065866470337,0.6518564224243164,0.2309170514345169,0.5755885243415833,0.22240543365478516,0.5237278342247009,0.2152727246284485,0.477322518825531,0.23334293067455292,0.6841005682945251,0.20600685477256775,0.6338872909545898,0.19173282384872437,0.5954303741455078,0.18033632636070251,0.5596112012863159
A,0.25681549310684204,0.8273016214370728,0.3008108139038086,0.7896671295166016,0.32598304748535156,0.7278635501861572,0.34544485807418823,0.6807549595832825,0.36384573578834534,0.6443530917167664,0.2984798848628998,0.6407568454742432,0.303907185792923,0.567138671875,0.30600202083587646,0.521283745765686,0.3070266842842102,0.4812244772911072,0.2760865092277527,0.6382434964179993,0.2652668356895447,0.5541347861289978,0.260991632938385,0.49973416328430176,0.25548607110977173,0.4539836049079895,0.25681012868881226,0.6552256345748901,0.2357594221830368,0.5780535340309143,0.22556829452514648,0.5280041098594666,0.21717312932014465,0.4831188917160034,0.24146223068237305,0.6885567903518677,0.21315836906433105,0.6415838003158569,0.19736313819885254,0.6067453622817993,0.18405994772911072,0.574084460735321
A,0.26123300194740295,0.8324017524719238,0.30170491337776184,0.7940062284469604,0.32202455401420593,0.7297257781028748,0.33658498525619507,0.6808129549026489,0.35355186462402344,0.6432088017463684,0.30139973759651184,0.6424707174301147,0.30045756697654724,0.5678156018257141,0.30024608969688416,0.52167147397995,0.3000221848487854,0.4829096496105194,0.2815674841403961,0.6431841850280762,0.26807713508605957,0.560491144657135,0.2626461386680603,0.5058720111846924,0.2566114068031311,0.45949381589889526,0.2647193670272827,0.6629918217658997,0.24353842437267303,0.5863378643989563,0.2325708419084549,0.5367428064346313,0.22338616847991943,0.49190235137939453,0.2513211667537689,0.6986784934997559,0.2260676622390747,0.6553447842597961,0.21266475319862366,0.6215336322784424,0.20121923089027405,0.5894718170166016
A,0.26292258501052856,0.8356878161430359,0.30308330059051514,0.7950997948646545,0.3202899098396301,0.7319601774215698,0.33177125453948975,0.6817760467529297,0.3425433337688446,0.6391564011573792,0.30084818601608276,0.6453723311424255,0.2960321605205536,0.5690966248512268,0.29392674565315247,0.5231524705886841,0.2925631105899811,0.48473185300827026,0.28667494654655457,0.6491084098815918,0.27221664786338806,0.5655493140220642,0.26537659764289856,0.5102102160453796,0.2578718960285187,0.4637150466442108,0.27327993512153625,0.6713160276412964,0.25292396545410156,0.5942422747612,0.24213235080242157,0.5464648008346558,0.23214520514011383,0.5032322406768799,0.2625279128551483,0.7084068059921265,0.23989176750183105,0.6653326153755188,0.22820329666137695,0.6323313117027283,0.21687287092208862,0.6006155014038086
A,0.2526504397392273,0.8354387879371643,0.2939172387123108,0.7910538911819458,0.3090526759624481,0.7273467779159546,0.32019859552383423,0.6777181625366211,0.3318331837654114,0.6372854113578796,0.3012060523033142,0.6527231335639954,0.29396694898605347,0.5743769407272339,0.2903260886669159,0.5265694260597229,0.2875416874885559,0.4869200587272644,0.29324743151664734,0.6592078804969788,0.2785632312297821,0.5731526613235474,0.2704104781150818,0.5157549977302551,0.26203370094299316,0.4687768220901489,0.2837863862514496,0.6823515892028809,0.26438722014427185,0.6038060784339905,0.2536044716835022,0.5546689629554749,0.24381408095359802,0.5114696621894836,0.27627700567245483,0.7181898355484009,0.2578025460243225,0.6774803400039673,0.2476757913827896,0.6463862657546997,0.23713189363479614,0.6162610054016113
A,0.24831125140190125,0.8424718976020813,0.2842661440372467,0.7917370200157166,0.30007311701774597,0.7238879203796387,0.30960318446159363,0.6728855967521667,0.3119667172431946,0.633873701095581,0.30306223034858704,0.6676919460296631,0.29141613841056824,0.5840248465538025,0.2820291221141815,0.5306860208511353,0.2739242613315582,0.48716726899147034,0.2974327802658081,0.6809602975845337,0.2804444432258606,0.5840728878974915,0.270964115858078,0.5232561826705933,0.2619151175022125,0.47484809160232544,0.28775855898857117,0.7072905898094177,0.2738116383552551,0.6175669431686401,0.2641605734825134,0.5650845766067505,0.25356048345565796,0.5225465297698975,0.2790352404117584,0.7443186044692993,0.27069810032844543,0.6951951384544373,0.2606976628303528,0.659821093082428,0.24835224449634552,0.6283285021781921
A,0.24710965156555176,0.833820104598999,0.2846599221229553,0.7876229286193848,0.30002540349960327,0.720124363899231,0.3074660301208496,0.6709223985671997,0.30761146545410156,0.6348918676376343,0.3000006377696991,0.6546859741210938,0.28831955790519714,0.5769030451774597,0.27901411056518555,0.5263896584510803,0.26994580030441284,0.4845779538154602,0.29351183772087097,0.6664115190505981,0.276724249124527,0.57875657081604,0.2668042480945587,0.5226522088050842,0.25684887170791626,0.4771731495857239,0.2846904993057251,0.6930959820747375,0.27097415924072266,0.61258465051651,0.26158595085144043,0.5651967525482178,0.25097590684890747,0.5238714814186096,0.27711284160614014,0.7330430746078491,0.2683265805244446,0.6907147765159607,0.2591901421546936,0.6584973335266113,0.2485838681459427,0.6283672451972961
A,0.2547258734703064,0.8302895426750183,0.2863823175430298,0.781816840171814,0.29857608675956726,0.7138466835021973,0.3028256297111511,0.6649025678634644,0.29696011543273926,0.6346663236618042,0.30036166310310364,0.6499215960502625,0.2878100872039795,0.5701859593391418,0.2785397171974182,0.5202436447143555,0.26861757040023804,0.47921255230903625,0.29453349113464355,0.6627973914146423,0.2754586637020111,0.5722497701644897,0.26517385244369507,0.5155050754547119,0.2540263533592224,0.46960341930389404,0.28588438034057617,0.6885908246040344,0.2664356231689453,0.6059383749961853,0.2532469928264618,0.558215320110321,0.2393902838230133,0.517241358757019,0.2779066860675812,0.7251458168029785,0.26476138830184937,0.680000901222229,0.2527228593826294,0.6482762694358826,0.23962771892547607,0.6196467280387878
A,0.2530877888202667,0.8338809609413147,0.2822245657444,0.783147394657135,0.28906479477882385,0.7106178402900696,0.28849896788597107,0.6546286344528198,0.28156521916389465,0.613730251789093,0.2965671122074127,0.6560247540473938,0.2867651879787445,0.5726183652877808,0.2800838351249695,0.5190171599388123,0.27309978008270264,0.4754500985145569,0.2921726405620575,0.6677131652832031,0.2767486572265625,0.574009895324707,0.2680710554122925,0.5149984359741211,0.2582191228866577,0.4670878052711487,0.28447994589805603,0.692002534866333,0.2660341262817383,0.6051297187805176,0.2524532377719879,0.553356945514679,0.2384760081768036,0.5097993016242981,0.2758594751358032,0.7267589569091797,0.2623206079006195,0.6785855293273926,0.25005990266799927,0.6458935141563416,0.2365124374628067,0.61650550365448
A,0.25061702728271484,0.8367224335670471,0.2836289703845978,0.7869406938552856,0.29282382130622864,0.7169516682624817,0.2930523753166199,0.6612552404403687,0.28888818621635437,0.6165918707847595,0.2947770059108734,0.6625457406044006,0.2856837213039398,0.5780060291290283,0.2792089581489563,0.5234162211418152,0.27258482575416565,0.4788599908351898,0.28985947370529175,0.6733368039131165,0.2762157917022705,0.5773040056228638,0.2677910327911377,0.5178973078727722,0.25882524251937866,0.4687485098838806,0.2823425531387329,0.6960586905479431,0.26674970984458923,0.6071467995643616,0.2546287477016449,0.5547456741333008,0.24219194054603577,0.511054277420044,0.2748432755470276,0.7295508980751038,0.2625362277030945,0.6793831586837769,0.2519170343875885,0.6449440121650696,0.24015456438064575,0.6143556833267212
A,0.24335968494415283,0.8545105457305908,0.2779430150985718,0.8013450503349304,0.28684476017951965,0.730795681476593,0.28064286708831787,0.6747170686721802,0.27583956718444824,0.6294575929641724,0.27863064408302307,0.6785423159599304,0.2740677297115326,0.5972573161125183,0.2698371708393097,0.5396730899810791,0.2658419907093048,0.4934956431388855,0.27257102727890015,0.685480535030365,0.26688119769096375,0.5963405966758728,0.2640761435031891,0.5341414213180542,0.2612099051475525,0.48266273736953735,0.26693010330200195,0.7032267451286316,0.26524439454078674,0.6198083758354187,0.2645825445652008,0.5657757520675659,0.2623371481895447,0.5206502676010132,0.2645399868488312,0.729913592338562,0.2680840492248535,0.6805329918861389,0.27074187994003296,0.6435015201568604,0.2719523310661316,0.611533522605896
A,0.23448121547698975,0.8514730334281921,0.2682415544986725,0.791862964630127,0.2867565155029297,0.7232649326324463,0.2989340126514435,0.6782264709472656,0.3084019124507904,0.6415480971336365,0.26843371987342834,0.6746103763580322,0.2668929994106293,0.5997775197029114,0.2676854431629181,0.5474904179573059,0.2705134153366089,0.5052073001861572,0.2647755444049835,0.6809775829315186,0.25993332266807556,0.5974403023719788,0.26335734128952026,0.5364148020744324,0.26748308539390564,0.4857862889766693,0.2645832598209381,0.6970618367195129,0.26406851410865784,0.6221689581871033,0.2684156596660614,0.569782018661499,0.2713802456855774,0.5269177556037903,0.2704855799674988,0.7216818332672119,0.2738664448261261,0.6696702241897583,0.2754421532154083,0.630630373954773,0.275238573551178,0.5984609127044678
A,0.22768431901931763,0.828045666217804,0.24966904520988464,0.7675925493240356,0.26645198464393616,0.7089601755142212,0.28289511799812317,0.6699120402336121,0.2958654761314392,0.6371603012084961,0.24269936978816986,0.6656109690666199,0.23269452154636383,0.5704274773597717,0.2538471221923828,0.5272528529167175,0.27934011816978455,0.5049645304679871,0.24393002688884735,0.6718113422393799,0.23890960216522217,0.5689337253570557,0.268301784992218,0.5234596729278564,0.2990565896034241,0.5078461170196533,0.2541140019893646,0.6926229596138,0.2781325876712799,0.6050890684127808,0.3158942461013794,0.579124927520752,0.34760183095932007,0.5736126899719238,0.27331507205963135,0.7249202132225037,0.3030807673931122,0.6875740885734558,0.33225029706954956,0.6700197458267212,0.3570612072944641,0.6610440611839294
A,0.22288395464420319,0.827173113822937,0.2231733500957489,0.7503513097763062,0.23469600081443787,0.6898461580276489,0.2506446838378906,0.655277669429779,0.26542988419532776,0.6326570510864258,0.2213619351387024,0.6626662611961365,0.2064169943332672,0.575480043888092,0.22508834302425385,0.5388062000274658,0.24867963790893555,0.5249651670455933,0.23297424614429474,0.6727686524391174,0.24069029092788696,0.5740107893943787,0.2725834548473358,0.533371090888977,0.3013067841529846,0.5260358452796936,0.2528615891933441,0.6927435398101807,0.28883230686187744,0.6136448383331299,0.3232056498527527,0.597331166267395,0.3452335298061371,0.5983151793479919,0.2792265713214874,0.7200437188148499,0.31662848591804504,0.6759963035583496,0.3356965184211731,0.6671228408813477,0.3455062508583069,0.666956901550293
A,0.220757395029068,0.8171055316925049,0.2086629718542099,0.7427626252174377,0.21574437618255615,0.6825759410858154,0.22540515661239624,0.6401046514511108,0.23231428861618042,0.6101016402244568,0.20339781045913696,0.6532928943634033,0.18996185064315796,0.5724847912788391,0.21213719248771667,0.5394014120101929,0.2350759208202362,0.5344135761260986,0.22431547939777374,0.6586541533470154,0.2351617068052292,0.5669717788696289,0.2672402262687683,0.5347117781639099,0.29097193479537964,0.5393049716949463,0.24873262643814087,0.6774494647979736,0.28125691413879395,0.6019626259803772,0.31009986996650696,0.5944911241531372,0.32221361994743347,0.6074864864349365,0.27620142698287964,0.7051423788070679,0.3101140856742859,0.6652735471725464,0.3243798017501831,0.6602568626403809,0.32469505071640015,0.6676051020622253
A,0.2184099406003952,0.814354658126831,0.20371386408805847,0.748151957988739,0.2077520191669464,0.6875797510147095,0.21983882784843445,0.6448556184768677,0.22997426986694336,0.6144571900367737,0.19492608308792114,0.662221372127533,0.18475358188152313,0.5819500684738159,0.1994558870792389,0.5463900566101074,0.21368084847927094,0.5405074954032898,0.21348537504673004,0.66685950756073,0.22245091199874878,0.5702196359634399,0.2512334883213043,0.5371670722961426,0.2723703384399414,0.5409806370735168,0.23775893449783325,0.6814898252487183,0.2798226773738861,0.5977473258972168,0.3036242425441742,0.5961581468582153,0.30857938528060913,0.6125072240829468,0.26729825139045715,0.7040063142776489,0.30766773223876953,0.6559405326843262,0.3141375184059143,0.6592778563499451,0.30389168858528137,0.6725497245788574
A,0.2114209085702896,0.8082275390625,0.19500362873077393,0.7438747882843018,0.1971319168806076,0.6869096159934998,0.20827911794185638,0.648038923740387,0.22253109514713287,0.622730016708374,0.18531382083892822,0.658595621585846,0.16862142086029053,0.577468991279602,0.18960347771644592,0.542125403881073,0.20858292281627655,0.5403308868408203,0.2036123424768448,0.6638472080230713,0.21416334807872772,0.5666466355323792,0.2445123791694641,0.5361799001693726,0.26425981521606445,0.5452889204025269,0.22769133746623993,0.6795428395271301,0.27344125509262085,0.6008153557777405,0.29428815841674805,0.6043299436569214,0.2931164801120758,0.6217430233955383,0.25691425800323486,0.7026956081390381,0.3005713224411011,0.6581372618675232,0.3045693039894104,0.6627976298332214,0.28948602080345154,0.6774510145187378
A,0.21186020970344543,0.8082440495491028,0.1925322562456131,0.7454014420509338,0.19198408722877502,0.6921799778938293,0.20389047265052795,0.6582545638084412,0.22199228405952454,0.6341302394866943,0.18118706345558167,0.6622627377510071,0.1650708019733429,0.5741487741470337,0.19085727632045746,0.5400601029396057,0.21351376175880432,0.5407480597496033,0.2030016928911209,0.6647514700889587,0.21279746294021606,0.5654959678649902,0.24452361464500427,0.537470281124115,0.263348788022995,0.5482795238494873,0.22871211171150208,0.6795437335968018,0.2748067080974579,0.602304220199585,0.2942616939544678,0.6063510775566101,0.29077261686325073,0.6244407296180725,0.25809529423713684,0.7028242945671082,0.3014371693134308,0.6562783122062683,0.30580025911331177,0.6597179174423218,0.29014670848846436,0.6744318008422852
A,0.21233178675174713,0.8114205002784729,0.1916399747133255,0.7460582256317139,0.19094577431678772,0.6934221386909485,0.2019352912902832,0.656458854675293,0.21752914786338806,0.6285167336463928,0.18062083423137665,0.6620008945465088,0.1666838526725769,0.577409565448761,0.19288289546966553,0.5415395498275757,0.21450075507164001,0.5427345633506775,0.20249982178211212,0.6653499007225037,0.21805532276630402,0.5635941028594971,0.24970649182796478,0.538101077079773,0.26668697595596313,0.5532351732254028,0.22954991459846497,0.68135666847229,0.2792472839355469,0.6031028032302856,0.29726025462150574,0.6096335649490356,0.29018619656562805,0.6307666301727295,0.2601979076862335,0.7051122188568115,0.3058936893939972,0.6579486727714539,0.3094717860221863,0.663377583026886,0.2916877269744873,0.6810885667800903
A,0.21255677938461304,0.8095597624778748,0.19067572057247162,0.739804208278656,0.1907481849193573,0.6916691064834595,0.20126420259475708,0.658942461013794,0.2160499393939972,0.6326935291290283,0.1793820858001709,0.6607875823974609,0.16486597061157227,0.5738409757614136,0.19296225905418396,0.5400539636611938,0.2160491943359375,0.5439423322677612,0.2027754783630371,0.6635381579399109,0.21784263849258423,0.5612549781799316,0.24958084523677826,0.5378218293190002,0.26545900106430054,0.5541355609893799,0.23001936078071594,0.6791456937789917,0.2788815498352051,0.6041387319564819,0.2959984540939331,0.6117900609970093,0.2882237434387207,0.6317997574806213,0.2610425055027008,0.7043994665145874,0.30429965257644653,0.65668785572052,0.3073834478855133,0.663893461227417,0.2890101373195648,0.6837689876556396
A,0.21456076204776764,0.8152197003364563,0.19340404868125916,0.7453017830848694,0.19242051243782043,0.6926641464233398,0.20231042802333832,0.6548362970352173,0.21481262147426605,0.6237291097640991,0.18174362182617188,0.6630257964134216,0.16841351985931396,0.5778251886367798,0.1976276934146881,0.5408451557159424,0.22114041447639465,0.5421764850616455,0.2028714120388031,0.6684445738792419,0.22725780308246613,0.5627642273902893,0.25903233885765076,0.5405764579772949,0.2711344063282013,0.5573768019676208,0.23074038326740265,0.6862001419067383,0.2823903560638428,0.6112529039382935,0.3000428080558777,0.6171073913574219,0.2890978455543518,0.6383118033409119,0.2609724700450897,0.7115789651870728,0.30664801597595215,0.6635298132896423,0.310748815536499,0.6701697707176208,0.2927248179912567,0.6912432909011841
A,0.21632353961467743,0.8051232695579529,0.1957283318042755,0.7362919449806213,0.18799519538879395,0.677882194519043,0.18091237545013428,0.6248226761817932,0.1697855144739151,0.5874089002609253,0.1891539841890335,0.6412474513053894,0.19477304816246033,0.553956925868988,0.2226613461971283,0.5343477725982666,0.23638994991779327,0.5610001683235168,0.21240800619125366,0.6531539559364319,0.252420037984848,0.5590570569038391,0.27830034494400024,0.559223473072052,0.281435489654541,0.588599443435669,0.23630701005458832,0.678714394569397,0.2923170328140259,0.6178839802742004,0.30003687739372253,0.6396971940994263,0.28394192457199097,0.6622029542922974,0.2605558931827545,0.7099552750587463,0.301757276058197,0.6689096689224243,0.30244824290275574,0.6845074892044067,0.282990038394928,0.7046012878417969
A,0.22178786993026733,0.8070225119590759,0.20141392946243286,0.7437922954559326,0.19050991535186768,0.6761193871498108,0.1814260631799698,0.6204656362533569,0.16702008247375488,0.5848698616027832,0.19039209187030792,0.6465818285942078,0.191555917263031,0.5609991550445557,0.2190367579460144,0.537006139755249,0.23747582733631134,0.5535804033279419,0.21020647883415222,0.6611418128013611,0.2467024177312851,0.5671301484107971,0.27415916323661804,0.5585358738899231,0.28261029720306396,0.5779397487640381,0.23242945969104767,0.6840531826019287,0.28813788294792175,0.6152551174163818,0.29821303486824036,0.6348201036453247,0.2859092354774475,0.6581283211708069,0.2560279369354248,0.7116106748580933,0.2984280288219452,0.6676421165466309,0.2990080416202545,0.6811510920524597,0.28145501017570496,0.7000918388366699
A,0.22114813327789307,0.8032333254814148,0.20013447105884552,0.7409753799438477,0.18998998403549194,0.6757996678352356,0.1805536150932312,0.6206379532814026,0.165897399187088,0.5828051567077637,0.19009816646575928,0.6421958804130554,0.1901601105928421,0.5551732182502747,0.21873162686824799,0.5333510637283325,0.23654571175575256,0.5567554831504822,0.20949514210224152,0.6558677554130554,0.25062423944473267,0.5613243579864502,0.2758517265319824,0.5649070143699646,0.27820223569869995,0.5904964208602905,0.23199781775474548,0.679499089717865,0.2891209125518799,0.6150070428848267,0.29569756984710693,0.6391959190368652,0.27896398305892944,0.6620499491691589,0.25559741258621216,0.7077232003211975,0.298455148935318,0.6677135825157166,0.2971346378326416,0.6840201616287231,0.2763948142528534,0.7022044658660889
A,0.2228260487318039,0.8035123944282532,0.20105832815170288,0.7413856387138367,0.1887323409318924,0.6746087670326233,0.17817790806293488,0.6188562512397766,0.1637803316116333,0.5817272663116455,0.19053323566913605,0.6416648626327515,0.1891978532075882,0.555163562297821,0.2184266746044159,0.5337844491004944,0.23621413111686707,0.5582612752914429,0.2091912478208542,0.6563079953193665,0.25077271461486816,0.5618049502372742,0.2750402092933655,0.5635958313941956,0.275642067193985,0.5881322622299194,0.2306581735610962,0.6796395778656006,0.28914114832878113,0.6141706705093384,0.29556888341903687,0.6371182799339294,0.27783483266830444,0.6598600745201111,0.2536781430244446,0.7079313397407532,0.2977951169013977,0.6657642126083374,0.2966727316379547,0.680820643901825,0.27535367012023926,0.6994724273681641
A,0.22183135151863098,0.806367814540863,0.20123374462127686,0.7445017099380493,0.18844148516654968,0.6777011752128601,0.17938648164272308,0.6199343204498291,0.16299369931221008,0.5819950103759766,0.19108933210372925,0.6444658041000366,0.19485481083393097,0.5533612966537476,0.2236013412475586,0.5356067419052124,0.23940181732177734,0.562688946723938,0.2100389003753662,0.6589850187301636,0.25499212741851807,0.5640575289726257,0.2781830132007599,0.5671947002410889,0.27747848629951477,0.5904658436775208,0.23205916583538055,0.6819062829017639,0.29015815258026123,0.6163956522941589,0.2948033809661865,0.6396905779838562,0.2765856683254242,0.6626251339912415,0.2556060552597046,0.7090473175048828,0.2984451353549957,0.6656376719474792,0.2966364324092865,0.6833512187004089,0.27576136589050293,0.7030652761459351
A,0.2210955172777176,0.8079355955123901,0.20097100734710693,0.7436550855636597,0.18910610675811768,0.6761481761932373,0.17955835163593292,0.6184389591217041,0.16331148147583008,0.5820627212524414,0.19190439581871033,0.6432037353515625,0.19506821036338806,0.5544440746307373,0.22290877997875214,0.5346376895904541,0.23875091969966888,0.5598374605178833,0.21072734892368317,0.6580703258514404,0.2556927800178528,0.564196765422821,0.2777739465236664,0.5664087533950806,0.2768724262714386,0.5902860164642334,0.23228178918361664,0.6811813116073608,0.29122379422187805,0.6156401634216309,0.29550743103027344,0.6386083364486694,0.2772732079029083,0.6618895530700684,0.2553337812423706,0.7087184190750122,0.2989127039909363,0.6662662029266357,0.2967318296432495,0.6828064918518066,0.27558472752571106,0.7021524310112
A,0.22073091566562653,0.8065168857574463,0.20050086081027985,0.743068516254425,0.18858401477336884,0.675783634185791,0.1788560301065445,0.618099570274353,0.1626608967781067,0.5813682079315186,0.19204644858837128,0.6421108841896057,0.19575057923793793,0.5546836256980896,0.22296160459518433,0.5346447229385376,0.2381047010421753,0.5598756670951843,0.21069571375846863,0.6574198603630066,0.2558342516422272,0.5625218152999878,0.277879536151886,0.5668699741363525,0.2766243815422058,0.5924807190895081,0.23228292167186737,0.6810128688812256,0.291616290807724,0.6140169501304626,0.296360582113266,0.6378978490829468,0.2782142758369446,0.6623497605323792,0.2552538812160492,0.7091048955917358,0.2990509569644928,0.6667835712432861,0.29700684547424316,0.6830747127532959,0.2758093774318695,0.7024284601211548
A,0.22126245498657227,0.8059875965118408,0.20043587684631348,0.7429701685905457,0.18858522176742554,0.6754381656646729,0.17863214015960693,0.6175971627235413,0.16224056482315063,0.5810025930404663,0.19209186732769012,0.6421302556991577,0.19521385431289673,0.5547950267791748,0.22288450598716736,0.5346352458000183,0.23849083483219147,0.5595933198928833,0.2106539011001587,0.6570125818252563,0.25445085763931274,0.562130331993103,0.27731001377105713,0.5660024285316467,0.27705588936805725,0.5912754535675049,0.23217268288135529,0.6805599927902222,0.29195114970207214,0.6136776804924011,0.29741665720939636,0.637915313243866,0.2797408401966095,0.6620017290115356,0.2552109658718109,0.7086496353149414,0.2998584508895874,0.6665639281272888,0.29792219400405884,0.6833468079566956,0.27649176120758057,0.7028160095214844
A,0.22136668860912323,0.8058122992515564,0.2007390856742859,0.7427144050598145,0.188251331448555,0.6757743954658508,0.17833483219146729,0.6181772947311401,0.16199707984924316,0.5817034840583801,0.19225569069385529,0.6431136131286621,0.19482897222042084,0.5549741983413696,0.22268640995025635,0.5356826782226562,0.2385040521621704,0.5605939030647278,0.21077072620391846,0.6579731106758118,0.2551288604736328,0.5638112425804138,0.27778226137161255,0.5665228366851807,0.277725487947464,0.5909090042114258,0.2323087751865387,0.6809514760971069,0.29173728823661804,0.6152542233467102,0.29642581939697266,0.6384028792381287,0.2788349688053131,0.661565363407135,0.25531205534935,0.7082653641700745,0.2992152273654938,0.6676542162895203,0.29639530181884766,0.683870255947113,0.275152325630188,0.7024322152137756
A,0.22109559178352356,0.8063398599624634,0.20050334930419922,0.742667555809021,0.18847429752349854,0.6759957671165466,0.17863966524600983,0.6185266375541687,0.16218680143356323,0.582488477230072,0.19216296076774597,0.6433940529823303,0.19415129721164703,0.5551452040672302,0.22260122001171112,0.5354764461517334,0.23945525288581848,0.5599920749664307,0.21070009469985962,0.6575183868408203,0.2546739876270294,0.5645239353179932,0.27754247188568115,0.5655497312545776,0.2781918942928314,0.5892085433006287,0.2321932315826416,0.6803100109100342,0.2919778823852539,0.616055965423584,0.2972692847251892,0.6367921233177185,0.2803083062171936,0.6583217978477478,0.2552645802497864,0.7076250910758972,0.2994319498538971,0.6679314970970154,0.29672691226005554,0.6825397610664368,0.27547407150268555,0.7001301050186157
A,0.2209627628326416,0.8060694932937622,0.20048749446868896,0.7423415184020996,0.18863505125045776,0.6757442951202393,0.17878369987010956,0.6182401776313782,0.16246065497398376,0.5819719433784485,0.19185081124305725,0.6426566243171692,0.1945991963148117,0.5553519129753113,0.22254203259944916,0.5356218218803406,0.23893128335475922,0.559826135635376,0.21017393469810486,0.6577875018119812,0.2546742558479309,0.5636990070343018,0.2771816551685333,0.5660197734832764,0.27724918723106384,0.5901412963867188,0.23158085346221924,0.6810486316680908,0.29162657260894775,0.6147730350494385,0.2967231273651123,0.6374650001525879,0.27934980392456055,0.6604283452033997,0.25477299094200134,0.7085546851158142,0.2995065748691559,0.6670837998390198,0.29695311188697815,0.6830657720565796,0.2755459249019623,0.7015823721885681
A,0.2201865315437317,0.8077592849731445,0.20037893950939178,0.7442381978034973,0.18874649703502655,0.6762898564338684,0.17901770770549774,0.6185075640678406,0.16298505663871765,0.5818601846694946,0.19143915176391602,0.6426234245300293,0.19487959146499634,0.5549975633621216,0.223052516579628,0.5354968905448914,0.23929357528686523,0.5605142116546631,0.20979106426239014,0.6571838855743408,0.2545938193798065,0.5632855892181396,0.2772473096847534,0.566216230392456,0.2773464620113373,0.5902465581893921,0.23124189674854279,0.6803478002548218,0.29146072268486023,0.6147890686988831,0.296383261680603,0.6383437514305115,0.2790590524673462,0.6612215638160706,0.2545689046382904,0.7082606554031372,0.29936158657073975,0.6676913499832153,0.2968479096889496,0.6840428113937378,0.2757592797279358,0.7021541595458984
A,0.22076603770256042,0.8060683608055115,0.20088522136211395,0.7423410415649414,0.18849661946296692,0.6755838990211487,0.17853674292564392,0.6181366443634033,0.16232812404632568,0.5819642543792725,0.19186365604400635,0.6430083513259888,0.1952347755432129,0.5551461577415466,0.223114013671875,0.5356115698814392,0.23946993052959442,0.560059666633606,0.21006084978580475,0.6582167148590088,0.2545742690563202,0.5633668303489685,0.2771798372268677,0.5665813684463501,0.27733850479125977,0.590681791305542,0.23157915472984314,0.6813547611236572,0.2911253273487091,0.6140783429145813,0.2963898777961731,0.6369238495826721,0.279452919960022,0.6602392792701721,0.25480371713638306,0.7089400291442871,0.299206405878067,0.6661769151687622,0.29681265354156494,0.6819580793380737,0.27594929933547974,0.7006469368934631
A,0.22116883099079132,0.8059729337692261,0.20103558897972107,0.7426213622093201,0.1887790709733963,0.6753976941108704,0.17897763848304749,0.6179535984992981,0.162835955619812,0.5819223523139954,0.19176675379276276,0.6426469087600708,0.19504517316818237,0.5553471446037292,0.22275468707084656,0.5354822874069214,0.23927967250347137,0.5598002076148987,0.21018877625465393,0.6572092771530151,0.2548496723175049,0.563579797744751,0.27723145484924316,0.5661516189575195,0.27749624848365784,0.5900349617004395,0.23189003765583038,0.6799270510673523,0.29160910844802856,0.6146444082260132,0.2964250445365906,0.6370440125465393,0.2792702913284302,0.6598126292228699,0.2553064227104187,0.7068648934364319,0.2997276782989502,0.6656695008277893,0.2973026633262634,0.6815405488014221,0.2764500677585602,0.6998915672302246
A,0.22072695195674896,0.8082757592201233,0.20113854110240936,0.7439061403274536,0.18879349529743195,0.6761506795883179,0.1789938360452652,0.6180341839790344,0.16206565499305725,0.582008421421051,0.1910180151462555,0.6440681219100952,0.19498580694198608,0.5555776953697205,0.22265927493572235,0.5360150337219238,0.23859931528568268,0.5600316524505615,0.20914411544799805,0.6586846709251404,0.25363218784332275,0.5638185739517212,0.2764931321144104,0.5661567449569702,0.27693045139312744,0.5897030830383301,0.23102860152721405,0.6814135313034058,0.29086804389953613,0.6146571040153503,0.2963405251502991,0.6369295120239258,0.2794743478298187,0.6597316861152649,0.2547674775123596,0.7087526917457581,0.2988494634628296,0.6655568480491638,0.29685139656066895,0.6812872886657715,0.2763768136501312,0.6997235417366028
A,0.22088050842285156,0.805861234664917,0.20105710625648499,0.7416493892669678,0.18853098154067993,0.6747496128082275,0.17856159806251526,0.6172671318054199,0.16203996539115906,0.581908106803894,0.1909228414297104,0.6422140002250671,0.19376613199710846,0.5550696849822998,0.22155839204788208,0.5354068279266357,0.23793204128742218,0.5600888729095459,0.20899546146392822,0.657070517539978,0.2534623444080353,0.5626236796379089,0.2760530710220337,0.5669643878936768,0.27579545974731445,0.5919764637947083,0.23073454201221466,0.6801789999008179,0.2907053828239441,0.6135680675506592,0.29592952132225037,0.6367365121841431,0.27840396761894226,0.6602541208267212,0.2543768882751465,0.7076594829559326,0.2987261116504669,0.6654477715492249,0.2968759834766388,0.6814491748809814,0.27609983086586,0.6999630928039551
A,0.2208889275789261,0.8083940148353577,0.20183905959129333,0.7437022924423218,0.18909120559692383,0.6758612990379333,0.17904680967330933,0.6176093816757202,0.16246548295021057,0.5814940929412842,0.19069887697696686,0.642884373664856,0.19388708472251892,0.5558670163154602,0.2218833863735199,0.5356084704399109,0.2380644530057907,0.5605329275131226,0.2084970623254776,0.6582651734352112,0.25504323840141296,0.5633686184883118,0.2775329053401947,0.5698922872543335,0.27575796842575073,0.5955953001976013,0.2300702929496765,0.6811486482620239,0.2905959486961365,0.61397784948349,0.29574331641197205,0.6386793255805969,0.2775208652019501,0.6624751091003418,0.25373372435569763,0.7081241607666016,0.2985234558582306,0.6651067137718201,0.29689353704452515,0.6829517483711243,0.2757682502269745,0.7023428678512573
A,0.2204670011997223,0.8078103065490723,0.20144407451152802,0.7421281933784485,0.18907146155834198,0.6750166416168213,0.17943698167800903,0.6177775859832764,0.16234536468982697,0.5829732418060303,0.19012761116027832,0.64225834608078,0.1933397352695465,0.5552708506584167,0.22152888774871826,0.5354049801826477,0.23837599158287048,0.5599275231361389,0.208114355802536,0.6576561331748962,0.25387459993362427,0.5631396770477295,0.2767942249774933,0.5686399340629578,0.27609875798225403,0.5940548777580261,0.23018690943717957,0.680978536605835,0.29034700989723206,0.6144028902053833,0.29598188400268555,0.6371785998344421,0.278441846370697,0.6604001522064209,0.25417089462280273,0.708526074886322,0.2984968423843384,0.6651889681816101,0.29691627621650696,0.6813231110572815,0.276214599609375,0.7002369165420532
A,0.21886174380779266,0.8114028573036194,0.20195630192756653,0.7466281652450562,0.19004958868026733,0.6772981286048889,0.1816454529762268,0.6191757321357727,0.16537904739379883,0.5823042988777161,0.19020242989063263,0.6430516242980957,0.1978476345539093,0.5558769106864929,0.22554358839988708,0.5366110801696777,0.24149130284786224,0.5606882572174072,0.20660659670829773,0.6594003438949585,0.25492632389068604,0.5671535730361938,0.278359591960907,0.5721219778060913,0.2779809534549713,0.5949149131774902,0.2274208962917328,0.683262050151825,0.28805798292160034,0.6155512928962708,0.2947096824645996,0.6373247504234314,0.2782400846481323,0.6605170965194702,0.25033342838287354,0.7113132476806641,0.29537519812583923,0.6639620661735535,0.2959820032119751,0.6796020865440369,0.27763381600379944,0.698580265045166
A,0.21554920077323914,0.8141632080078125,0.21077881753444672,0.7424513697624207,0.21323972940444946,0.679065465927124,0.22757089138031006,0.6328088641166687,0.2433694303035736,0.5972570180892944,0.19678431749343872,0.6383757591247559,0.2043456733226776,0.5600055456161499,0.2341752052307129,0.5411381721496582,0.2539583742618561,0.5584076642990112,0.20601777732372284,0.6558437943458557,0.25286853313446045,0.5722814202308655,0.2798425555229187,0.5739768743515015,0.28338417410850525,0.5913075804710388,0.2225460261106491,0.6813547015190125,0.2806394100189209,0.6120672821998596,0.29721614718437195,0.6261419057846069,0.28824159502983093,0.6474384069442749,0.24190668761730194,0.7119432687759399,0.2907293438911438,0.6626365184783936,0.2976987957954407,0.6727380156517029,0.2849632501602173,0.6901068091392517
A,0.214163139462471,0.8129177093505859,0.21370697021484375,0.7430654168128967,0.22009912133216858,0.6779152154922485,0.23664478957653046,0.6350035071372986,0.25317126512527466,0.6008724570274353,0.20486024022102356,0.6400313377380371,0.2212611436843872,0.5551468729972839,0.25329023599624634,0.5429207682609558,0.2707386612892151,0.5618852972984314,0.21114963293075562,0.6562381982803345,0.25477755069732666,0.5694969892501831,0.2878388464450836,0.5714082717895508,0.2959344983100891,0.5911096930503845,0.22449155151844025,0.6814340353012085,0.2742239832878113,0.6043523550033569,0.30179983377456665,0.6146517992019653,0.30390721559524536,0.6352914571762085,0.2414526492357254,0.7131168246269226,0.2852845788002014,0.6564136147499084,0.30101922154426575,0.6601654291152954,0.2978866994380951,0.6754148602485657
A,0.21542412042617798,0.8162118792533875,0.22147129476070404,0.7472839951515198,0.2278875708580017,0.68224036693573,0.24185244739055634,0.638751208782196,0.25766438245773315,0.6036400198936462,0.20921781659126282,0.641901433467865,0.23286065459251404,0.5508807897567749,0.2664584815502167,0.5456840395927429,0.2819809913635254,0.5680432319641113,0.2140786349773407,0.6566705703735352,0.25518953800201416,0.564110517501831,0.2916981875896454,0.5654158592224121,0.3029591739177704,0.5885987877845764,0.22690190374851227,0.681200385093689,0.26888370513916016,0.5965244770050049,0.3037704825401306,0.6026732921600342,0.31422221660614014,0.6254646182060242,0.24452608823776245,0.7117899060249329,0.2784533202648163,0.6435011625289917,0.3038371503353119,0.6400756239891052,0.31282103061676025,0.654198169708252
A,0.21628223359584808,0.819819450378418,0.21548500657081604,0.7493197321891785,0.2236514538526535,0.683615505695343,0.24050584435462952,0.6408578753471375,0.2616543471813202,0.6073082685470581,0.2111489474773407,0.6497469544410706,0.2397497594356537,0.551799476146698,0.2771601676940918,0.5466251373291016,0.2970772087574005,0.5661478042602539,0.21962815523147583,0.6646122336387634,0.2551093101501465,0.5640833377838135,0.29511648416519165,0.5565077066421509,0.3135984539985657,0.5740709900856018,0.2335100919008255,0.688742458820343,0.26466482877731323,0.5999389290809631,0.3011244535446167,0.5931661128997803,0.3194596767425537,0.6077502369880676,0.2530539333820343,0.7175464630126953,0.27649739384651184,0.6497477889060974,0.3017638325691223,0.6337569952011108,0.317212849855423,0.6371228694915771
A,0.21665403246879578,0.8248466849327087,0.22703130543231964,0.7563584446907043,0.23638410866260529,0.6921417713165283,0.2507621943950653,0.6464356184005737,0.2702825963497162,0.6112942695617676,0.2161504626274109,0.6534057259559631,0.24766524136066437,0.5579516887664795,0.2869625985622406,0.5475797057151794,0.31486594676971436,0.5556351542472839,0.22052083909511566,0.6689746975898743,0.2543846070766449,0.5680116415023804,0.29738134145736694,0.5572806000709534,0.32546287775039673,0.566816508769989,0.2326388955116272,0.693020761013031,0.2608913481235504,0.6058598160743713,0.2995976507663727,0.5921236276626587,0.3265657126903534,0.5968707203865051,0.2531173825263977,0.7222623229026794,0.27290141582489014,0.6576393842697144,0.2993004322052002,0.6368070244789124,0.3215976357460022,0.6317920088768005
A,0.21529920399188995,0.8291945457458496,0.23123782873153687,0.7617156505584717,0.2434721738100052,0.6951950788497925,0.2627650499343872,0.6486802697181702,0.28396931290626526,0.6119794249534607,0.21805432438850403,0.6579207181930542,0.25223273038864136,0.567089855670929,0.2916705012321472,0.5484157800674438,0.32126593589782715,0.5460434556007385,0.219774067401886,0.6726248860359192,0.25705280900001526,0.5748432278633118,0.30133333802223206,0.5558561682701111,0.3324560523033142,0.5549126863479614,0.23106832802295685,0.6958007216453552,0.2613169252872467,0.6082649827003479,0.30163171887397766,0.5863185524940491,0.33190956711769104,0.582416832447052,0.25216954946517944,0.7234227657318115,0.2727256417274475,0.6580483317375183,0.2993474304676056,0.6297633647918701,0.3231871724128723,0.616514265537262
A,0.2145695686340332,0.8251696825027466,0.23896430432796478,0.7623268365859985,0.25627705454826355,0.6966371536254883,0.2826520800590515,0.6513970494270325,0.30794480443000793,0.6154237985610962,0.21754582226276398,0.6573408246040344,0.25538361072540283,0.5712438821792603,0.29685863852500916,0.5512133836746216,0.32770538330078125,0.5440164804458618,0.2186264544725418,0.6712443232536316,0.25664132833480835,0.5733894109725952,0.3026462197303772,0.553765058517456,0.33432936668395996,0.5496847629547119,0.23073305189609528,0.6942832469940186,0.2610056698322296,0.6062013506889343,0.30233514308929443,0.5815078616142273,0.3326452970504761,0.5736113786697388,0.2548478841781616,0.7216444611549377,0.27895882725715637,0.6578853726387024,0.3053852319717407,0.6273809671401978,0.3284822106361389,0.6088704466819763
A,0.21155723929405212,0.8167269229888916,0.23448121547698975,0.7582398653030396,0.25207164883613586,0.6948665976524353,0.2798651158809662,0.6524546146392822,0.3053934872150421,0.6191706657409668,0.21715331077575684,0.6514350771903992,0.25764185190200806,0.5695383548736572,0.2991923391819,0.5455490946769714,0.3300830125808716,0.5350518226623535,0.21808713674545288,0.6658894419670105,0.25686323642730713,0.5685269832611084,0.30257225036621094,0.5461412668228149,0.3344007134437561,0.5402573347091675,0.2294357717037201,0.6902278065681458,0.2611125707626343,0.6029720306396484,0.3024531304836273,0.5759353637695312,0.33298078179359436,0.5646860003471375,0.25299984216690063,0.719286322593689,0.280592679977417,0.6580873727798462,0.3074483871459961,0.6268511414527893,0.3301282823085785,0.6056958436965942
A,0.21690337359905243,0.8137596845626831,0.2445971518754959,0.7572895288467407,0.26340556144714355,0.6917058825492859,0.2933264374732971,0.647102415561676,0.3203156292438507,0.6109825372695923,0.21877610683441162,0.6489421129226685,0.2583862245082855,0.5698675513267517,0.29897454380989075,0.5449597239494324,0.3298148214817047,0.5328564643859863,0.2189781665802002,0.6637592315673828,0.2583630383014679,0.5677932500839233,0.30371153354644775,0.5434720516204834,0.33600857853889465,0.5354881882667542,0.2305092066526413,0.6889916062355042,0.26243409514427185,0.6016053557395935,0.30301159620285034,0.5727973580360413,0.3329460024833679,0.5590534210205078,0.2532297968864441,0.7191847562789917,0.27997148036956787,0.6595152616500854,0.3055294156074524,0.6283462047576904,0.32728517055511475,0.606988787651062
A,0.21225698292255402,0.8125307559967041,0.22375351190567017,0.7536497116088867,0.23726963996887207,0.6909732222557068,0.26375889778137207,0.6492767333984375,0.28942155838012695,0.6179511547088623,0.21603603661060333,0.6454317569732666,0.26217004656791687,0.5712504386901855,0.3026115894317627,0.545838475227356,0.33287715911865234,0.5317777395248413,0.21930579841136932,0.6619064211845398,0.2635595500469208,0.5697142481803894,0.3078712821006775,0.5430518984794617,0.3395490050315857,0.5305632948875427,0.23091985285282135,0.6876817941665649,0.26693588495254517,0.6032081842422485,0.3066914677619934,0.5719264149665833,0.33578717708587646,0.553840696811676,0.25227683782577515,0.7183690071105957,0.2805865705013275,0.6575593948364258,0.3062346875667572,0.6246728897094727,0.3279740810394287,0.6002926826477051
A,0.21602994203567505,0.8117683529853821,0.23573040962219238,0.7580363154411316,0.2486335039138794,0.693424642086029,0.27407264709472656,0.6487928032875061,0.29800599813461304,0.6147171854972839,0.21803194284439087,0.6452845335006714,0.2623275816440582,0.5710663795471191,0.30288633704185486,0.5451012253761292,0.3338531255722046,0.5308986306190491,0.21926265954971313,0.6617889404296875,0.2632264494895935,0.5691470503807068,0.308290958404541,0.5421937108039856,0.3410136103630066,0.5298417210578918,0.23110446333885193,0.6878591775894165,0.26632004976272583,0.6020568609237671,0.3066067695617676,0.5697535276412964,0.3370937705039978,0.5515037178993225,0.2528989017009735,0.7188382148742676,0.28036439418792725,0.6584436893463135,0.30578580498695374,0.6254337430000305,0.3280775845050812,0.6018058061599731
A,0.21246503293514252,0.8142877221107483,0.22115086019039154,0.7535802721977234,0.23229749500751495,0.6903860569000244,0.2549813389778137,0.647842526435852,0.2775069773197174,0.6184431314468384,0.21630442142486572,0.6438453197479248,0.26551353931427,0.5717912912368774,0.3050787150859833,0.5442630648612976,0.3348749577999115,0.5287309288978577,0.2198934257030487,0.6610463857650757,0.2678264081478119,0.5727230906486511,0.3111609220504761,0.5420734882354736,0.3428375720977783,0.5268048048019409,0.23190270364284515,0.6862397789955139,0.2724621593952179,0.6041744351387024,0.3120250105857849,0.5698051452636719,0.3417074680328369,0.54880690574646,0.25345179438591003,0.7162715792655945,0.28498801589012146,0.6526670455932617,0.3109515607357025,0.6206682324409485,0.3326912224292755,0.5978032350540161
A,0.21093976497650146,0.8146322965621948,0.21419337391853333,0.7506124973297119,0.22610369324684143,0.6865431070327759,0.24992871284484863,0.6446558237075806,0.27373576164245605,0.6188228130340576,0.21523191034793854,0.6414292454719543,0.268536776304245,0.5765737891197205,0.30850785970687866,0.548407256603241,0.33828216791152954,0.5321346521377563,0.22072196006774902,0.6589599251747131,0.2726239264011383,0.5714265704154968,0.3152164816856384,0.5365637540817261,0.3461550772190094,0.5169719457626343,0.23411202430725098,0.6847443580627441,0.2787899672985077,0.6028446555137634,0.31819915771484375,0.566990852355957,0.3468460440635681,0.5445491075515747,0.2566765546798706,0.7163935303688049,0.29134729504585266,0.6490172147750854,0.3170490264892578,0.6166019439697266,0.33787083625793457,0.5938957929611206
A,0.21423915028572083,0.8160591721534729,0.21650709211826324,0.7509543299674988,0.22819209098815918,0.6877138614654541,0.25190529227256775,0.644627034664154,0.2747166156768799,0.6190804243087769,0.21549294888973236,0.6405749320983887,0.2698962390422821,0.5809431076049805,0.3085143268108368,0.5520452260971069,0.3376423120498657,0.5339961051940918,0.2214125096797943,0.6583261489868164,0.2767658829689026,0.5763512849807739,0.31749576330184937,0.53990238904953,0.3475792109966278,0.5166845917701721,0.23574650287628174,0.6829802989959717,0.28543370962142944,0.6047945022583008,0.32393258810043335,0.5679943561553955,0.3518691658973694,0.5430286526679993,0.25822487473487854,0.7120713591575623,0.2963074743747711,0.6474837064743042,0.3211294412612915,0.6153226494789124,0.34102925658226013,0.5917295813560486
A,0.21250410377979279,0.8134632110595703,0.2153005599975586,0.7488484382629395,0.22837194800376892,0.68487948179245,0.25270846486091614,0.640404224395752,0.2767814099788666,0.6147872805595398,0.21615764498710632,0.6364615559577942,0.2731303870677948,0.5804776549339294,0.3104557394981384,0.5503271818161011,0.3382231295108795,0.5304214954376221,0.22309184074401855,0.6548992991447449,0.2823777496814728,0.5790847539901733,0.3212629556655884,0.5420405864715576,0.35049039125442505,0.5163490772247314,0.23809869587421417,0.6796196699142456,0.2929791808128357,0.6087152361869812,0.3300166130065918,0.5745158195495605,0.3571871221065521,0.5497948527336121,0.2599466145038605,0.7073197364807129,0.30136358737945557,0.6488721966743469,0.32562777400016785,0.6174754500389099,0.3455561399459839,0.5920083522796631
A,0.2146196961402893,0.8110219836235046,0.21195265650749207,0.7442432045936584,0.22491832077503204,0.6815921664237976,0.25105616450309753,0.6390244960784912,0.2773679792881012,0.615371823310852,0.21743184328079224,0.6341536045074463,0.2755204141139984,0.5780848860740662,0.31221479177474976,0.5464609265327454,0.3391047418117523,0.5243772268295288,0.2241171896457672,0.6558050513267517,0.28601616621017456,0.5837945342063904,0.32432642579078674,0.545996904373169,0.3524358868598938,0.5181174278259277,0.23939937353134155,0.6832098364830017,0.29783815145492554,0.6142215728759766,0.3348805606365204,0.5796492099761963,0.36112433671951294,0.5541448593139648,0.2607945501804352,0.7120534777641296,0.30581149458885193,0.6536056995391846,0.33073723316192627,0.6221981048583984,0.35036370158195496,0.5966393351554871
A,0.21514013409614563,0.8106744885444641,0.21153739094734192,0.7438610792160034,0.22509083151817322,0.6819331049919128,0.25064653158187866,0.6396850943565369,0.2768363058567047,0.6151566505432129,0.21845301985740662,0.6363252997398376,0.2766452431678772,0.5799826383590698,0.31217050552368164,0.5469284653663635,0.338062047958374,0.5228933095932007,0.22605319321155548,0.6573337912559509,0.2878487706184387,0.5858054757118225,0.3248216509819031,0.5466470718383789,0.3518487215042114,0.5166893005371094,0.2414015829563141,0.6840152144432068,0.30015498399734497,0.6159841418266296,0.3359071910381317,0.5803271532058716,0.3612290918827057,0.5536431074142456,0.2620241343975067,0.7124779224395752,0.30705925822257996,0.6546655893325806,0.3316430449485779,0.6227676272392273,0.3509228825569153,0.5970369577407837
A,0.21492254734039307,0.811626672744751,0.21065925061702728,0.7472313642501831,0.22329024970531464,0.6860449314117432,0.2472480684518814,0.6443651914596558,0.271252304315567,0.6191422939300537,0.218404620885849,0.6395248770713806,0.27511072158813477,0.5800137519836426,0.30842381715774536,0.5458522439002991,0.3322727084159851,0.5200819969177246,0.22636520862579346,0.6593292355537415,0.2876735329627991,0.5849445462226868,0.32295089960098267,0.543439507484436,0.34848085045814514,0.5110856294631958,0.2416083961725235,0.6851837635040283,0.30041059851646423,0.6157969236373901,0.3354479670524597,0.5777601003646851,0.3601483702659607,0.5479445457458496,0.2615647614002228,0.7138512134552002,0.30659109354019165,0.655042290687561,0.3305858373641968,0.6217737197875977,0.34964844584465027,0.5942267179489136
A,0.21404443681240082,0.8100979328155518,0.21106880903244019,0.7448965907096863,0.22462062537670135,0.6812090873718262,0.2502956688404083,0.6379827260971069,0.27657851576805115,0.6105097532272339,0.22089649736881256,0.6388996839523315,0.27356192469596863,0.5761164426803589,0.3048331141471863,0.5414159297943115,0.32786303758621216,0.5146108269691467,0.22959136962890625,0.6588531732559204,0.28865721821784973,0.5862831473350525,0.32318922877311707,0.5455615520477295,0.349118709564209,0.5131269097328186,0.24459761381149292,0.6853895783424377,0.3012697696685791,0.6160266399383545,0.335420697927475,0.5781824588775635,0.36017584800720215,0.5486790537834167,0.26354700326919556,0.7149839997291565,0.3041098117828369,0.6562595367431641,0.3267076909542084,0.6210966110229492,0.34503576159477234,0.5920225381851196
A,0.2147650122642517,0.8123408555984497,0.2140091359615326,0.7467649579048157,0.22854702174663544,0.6835768818855286,0.25399649143218994,0.6421473026275635,0.2804575562477112,0.6159555315971375,0.22195710241794586,0.6394603252410889,0.26117756962776184,0.5694809556007385,0.28994137048721313,0.5318523645401001,0.3121451437473297,0.5044585466384888,0.22850105166435242,0.6611849665641785,0.29126307368278503,0.5932849645614624,0.3311690390110016,0.5608512163162231,0.3613624572753906,0.535650372505188,0.24271678924560547,0.6888275742530823,0.30073052644729614,0.622050404548645,0.3377619683742523,0.5848226547241211,0.36468827724456787,0.5563905239105225,0.2611020505428314,0.7180549502372742,0.30168336629867554,0.6617721915245056,0.32522499561309814,0.627448558807373,0.3446113169193268,0.5983225107192993
A,0.21346202492713928,0.8116718530654907,0.2134999930858612,0.7455801367759705,0.22871476411819458,0.6827207207679749,0.25426551699638367,0.6410703063011169,0.28062424063682556,0.6143271923065186,0.22220966219902039,0.6393144726753235,0.26354551315307617,0.5678828358650208,0.2926582396030426,0.531618058681488,0.3153343200683594,0.5055236220359802,0.23043639957904816,0.6616312265396118,0.28921833634376526,0.5900524258613586,0.32765552401542664,0.5560193061828613,0.35723522305488586,0.5307576656341553,0.24518799781799316,0.6893783807754517,0.30041229724884033,0.6212887167930603,0.33582836389541626,0.5845246315002441,0.36234980821609497,0.5570411682128906,0.26356154680252075,0.7186610102653503,0.30336424708366394,0.6638121008872986,0.32687893509864807,0.6296595931053162,0.3467731475830078,0.60078364610672
A,0.2146822214126587,0.8110998868942261,0.21440817415714264,0.7447090148925781,0.22873787581920624,0.6800066232681274,0.253722220659256,0.6377450823783875,0.27921631932258606,0.6084505319595337,0.22192947566509247,0.6422029137611389,0.26709938049316406,0.5691617727279663,0.29685160517692566,0.5332173109054565,0.3197138011455536,0.507357120513916,0.23022586107254028,0.6630628705024719,0.2842848002910614,0.5840579271316528,0.31896528601646423,0.5419818758964539,0.3457374572753906,0.5109740495681763,0.24434013664722443,0.691055417060852,0.29631054401397705,0.6178984045982361,0.3294432759284973,0.5770814418792725,0.3540995121002197,0.5464068055152893,0.26253995299339294,0.7221907377243042,0.30138838291168213,0.6646027565002441,0.32361483573913574,0.6282140016555786,0.3419991731643677,0.5983853340148926
A,0.2142428159713745,0.8133057355880737,0.21444344520568848,0.7462366223335266,0.22992421686649323,0.6804953217506409,0.2550591230392456,0.6363140344619751,0.2798576354980469,0.6041386127471924,0.22178813815116882,0.6451420783996582,0.2648642063140869,0.5693110227584839,0.2941170036792755,0.5325025320053101,0.31729352474212646,0.507308304309845,0.23003928363323212,0.6653677821159363,0.2816447913646698,0.5814541578292847,0.31553202867507935,0.5367597937583923,0.34185224771499634,0.5050743818283081,0.24394381046295166,0.6933994293212891,0.29178550839424133,0.6137105822563171,0.32262668013572693,0.5705628395080566,0.3458888530731201,0.5387494564056396,0.26198238134384155,0.7256015539169312,0.2969338297843933,0.6650355458259583,0.31816232204437256,0.627955436706543,0.33617472648620605,0.5985710620880127
A,0.21541880071163177,0.8161550760269165,0.21835662424564362,0.7525966763496399,0.2333376705646515,0.6876235604286194,0.25898244976997375,0.6461344957351685,0.2847827076911926,0.6165144443511963,0.22402216494083405,0.6472554802894592,0.262713760137558,0.5695784091949463,0.29161691665649414,0.531696617603302,0.31470605731010437,0.5067972540855408,0.22949621081352234,0.6645515561103821,0.27375325560569763,0.5751325488090515,0.30638253688812256,0.530362606048584,0.33183199167251587,0.49947839975357056,0.24243561923503876,0.6921321749687195,0.2822277247905731,0.60898756980896,0.3112720847129822,0.5661581158638,0.3333864212036133,0.5352760553359985,0.2621963620185852,0.7260031700134277,0.2962315082550049,0.6679561734199524,0.3179565370082855,0.633998692035675,0.3363816738128662,0.607302725315094
A,0.2165798842906952,0.8153159022331238,0.2216746062040329,0.7540534138679504,0.2362513244152069,0.6879756450653076,0.2615419030189514,0.6451008915901184,0.2862372398376465,0.6154665946960449,0.22510536015033722,0.6504815220832825,0.2612239718437195,0.5679635405540466,0.29156890511512756,0.5292224884033203,0.31592586636543274,0.5048612356185913,0.22895005345344543,0.6656515002250671,0.26773589849472046,0.5699241161346436,0.30119261145591736,0.5240676403045654,0.3275056481361389,0.49372392892837524,0.24132104218006134,0.6920942068099976,0.27532756328582764,0.6086618900299072,0.3043578863143921,0.5651941299438477,0.327099472284317,0.5344160199165344,0.2619657516479492,0.7250658869743347,0.2952580749988556,0.6708934307098389,0.3177874982357025,0.6388118267059326,0.33704042434692383,0.6135011315345764
A,0.2155444622039795,0.8236833810806274,0.2230149507522583,0.764836311340332,0.23600360751152039,0.7018904089927673,0.25874772667884827,0.662062406539917,0.28124895691871643,0.632386326789856,0.22663842141628265,0.6589962244033813,0.2588229179382324,0.5766582489013672,0.2879718542098999,0.5357717275619507,0.312671422958374,0.5096271634101868,0.22976547479629517,0.670901894569397,0.26281869411468506,0.5752289295196533,0.2952364981174469,0.528408408164978,0.32233163714408875,0.49849188327789307,0.24126628041267395,0.6945273280143738,0.27009305357933044,0.6098455786705017,0.2984890937805176,0.5659319758415222,0.3218393921852112,0.5364638566970825,0.26185178756713867,0.7253871560096741,0.2924438714981079,0.6693724393844604,0.31520092487335205,0.6367921233177185,0.33547243475914,0.6118218898773193
A,0.2165309339761734,0.8260048627853394,0.229240283370018,0.7648648619651794,0.24197156727313995,0.7082692384719849,0.2631564438343048,0.6752172708511353,0.27931007742881775,0.6459622383117676,0.22454631328582764,0.6680647730827332,0.24034491181373596,0.5769670605659485,0.28059500455856323,0.5498205423355103,0.31409895420074463,0.5458642244338989,0.2287832796573639,0.6753270626068115,0.23641707003116608,0.5688045024871826,0.28038978576660156,0.5414965152740479,0.31416308879852295,0.5423529148101807,0.23961400985717773,0.6929747462272644,0.2462790161371231,0.6012579798698425,0.28291261196136475,0.5718808770179749,0.31081998348236084,0.5671287775039673,0.2612498700618744,0.7174464464187622,0.2854337692260742,0.6644985675811768,0.3150140643119812,0.6366332173347473,0.339733362197876,0.6223479509353638
A,0.2187446802854538,0.8275747299194336,0.24813491106033325,0.7623175382614136,0.26661258935928345,0.7024133801460266,0.29188019037246704,0.6637169122695923,0.3107002079486847,0.6296427249908447,0.23144026100635529,0.6641512513160706,0.24437876045703888,0.5764707326889038,0.2841933071613312,0.5554577112197876,0.31556016206741333,0.5592096447944641,0.23097503185272217,0.6712656021118164,0.23094236850738525,0.5698689222335815,0.27595993876457214,0.5462714433670044,0.3088814318180084,0.5547345876693726,0.23834265768527985,0.6890780925750732,0.24241888523101807,0.6025171279907227,0.2809680700302124,0.5804608464241028,0.3066103160381317,0.5839632153511047,0.2593470513820648,0.7125903964042664,0.28513023257255554,0.6628425717353821,0.31572818756103516,0.6383959054946899,0.33734673261642456,0.6283848285675049
A,0.2226647436618805,0.8227418661117554,0.2616385817527771,0.7536426782608032,0.2807745635509491,0.6969888210296631,0.30577051639556885,0.6620309948921204,0.3272536098957062,0.6298344135284424,0.23199649155139923,0.6620684266090393,0.24290241301059723,0.5777982473373413,0.28293803334236145,0.5574655532836914,0.3115243911743164,0.5606096386909485,0.22864575684070587,0.6729923486709595,0.22667907178401947,0.5732899904251099,0.2695707380771637,0.5496365427970886,0.29840612411499023,0.5607883334159851,0.23456591367721558,0.6917805671691895,0.23673181235790253,0.6033071875572205,0.2749461531639099,0.5816901326179504,0.29819872975349426,0.5857979655265808,0.2560925781726837,0.7135871052742004,0.2782568037509918,0.6616365909576416,0.30714234709739685,0.640155017375946,0.3254126310348511,0.6340425610542297
A,0.22435668110847473,0.8180962204933167,0.26569974422454834,0.7522841095924377,0.28537407517433167,0.695287823677063,0.31031861901283264,0.6621639728546143,0.33386653661727905,0.6326230764389038,0.23566173017024994,0.6558752655982971,0.24488940834999084,0.573249101638794,0.28588658571243286,0.5569716095924377,0.3140960931777954,0.5654417872428894,0.23170475661754608,0.6674616932868958,0.2277296483516693,0.5679009556770325,0.2715998888015747,0.5486825704574585,0.2984338402748108,0.5654638409614563,0.23601704835891724,0.6870984435081482,0.23743188381195068,0.5999379754066467,0.27749577164649963,0.5847256779670715,0.2983090281486511,0.5965182185173035,0.2540368139743805,0.7091618180274963,0.27445176243782043,0.6540175080299377,0.3061334788799286,0.6371685266494751,0.3246864080429077,0.6380990743637085
A,0.2260681688785553,0.8131812810897827,0.270771861076355,0.7465340495109558,0.29052507877349854,0.6917676329612732,0.3154395818710327,0.6610036492347717,0.3408794105052948,0.6339874267578125,0.2365003526210785,0.6523628830909729,0.24675661325454712,0.5719560384750366,0.2876785397529602,0.5556805729866028,0.31775471568107605,0.5625466108322144,0.23016145825386047,0.6662800908088684,0.23093196749687195,0.5653014779090881,0.27675661444664,0.5511119365692139,0.30491310358047485,0.5651357769966125,0.23364661633968353,0.6888692378997803,0.23938359320163727,0.6004705429077148,0.2797640860080719,0.5912153124809265,0.29801398515701294,0.6026337146759033,0.2501615583896637,0.7137641906738281,0.2701161503791809,0.6632166504859924,0.29598504304885864,0.6474804282188416,0.3063862919807434,0.6451035737991333
A,0.2295551747083664,0.8023009300231934,0.27338796854019165,0.7434982061386108,0.2943340241909027,0.6899502277374268,0.31968122720718384,0.6596581935882568,0.34446775913238525,0.6318256855010986,0.24128378927707672,0.6454795598983765,0.2543524205684662,0.5689403414726257,0.29112279415130615,0.5538745522499084,0.3186027705669403,0.5588338971138,0.2332344800233841,0.6578409671783447,0.24227027595043182,0.5611602663993835,0.28520113229751587,0.5542782545089722,0.30913877487182617,0.5671534538269043,0.23558653891086578,0.6787380576133728,0.24775870144367218,0.5938230156898499,0.28660017251968384,0.596149742603302,0.302143394947052,0.6137059926986694,0.25072264671325684,0.7035274505615234,0.27093711495399475,0.6533132195472717,0.2936560809612274,0.6467231512069702,0.30014941096305847,0.6519536375999451
A,0.2358148992061615,0.7923440337181091,0.2789131999015808,0.7374691367149353,0.3014540672302246,0.6863318681716919,0.3278193473815918,0.6556075215339661,0.3519415259361267,0.6309289932250977,0.24228522181510925,0.631349503993988,0.2627938389778137,0.5636399984359741,0.30005523562431335,0.5479720830917358,0.32609638571739197,0.5503442287445068,0.2327261120080948,0.6425122022628784,0.2611336410045624,0.5605877041816711,0.30146580934524536,0.5669251680374146,0.31731337308883667,0.5860949754714966,0.2341495305299759,0.66154944896698,0.25655919313430786,0.5910714864730835,0.293531596660614,0.6010690331459045,0.30631059408187866,0.6225205659866333,0.2437000572681427,0.6839307546615601,0.2610533833503723,0.630724310874939,0.28652462363243103,0.6332403421401978,0.29749438166618347,0.6501681804656982
A,0.24442002177238464,0.8078800439834595,0.28258824348449707,0.7647104859352112,0.3095128834247589,0.7055811882019043,0.3339292109012604,0.6685159802436829,0.3572186827659607,0.634490966796875,0.2649271786212921,0.6435698866844177,0.26669925451278687,0.572143018245697,0.27888479828834534,0.5334264039993286,0.29353395104408264,0.5055845379829407,0.25367477536201477,0.6494807600975037,0.2843586206436157,0.5836259722709656,0.3257597088813782,0.5943564772605896,0.35500773787498474,0.6192859411239624,0.24204105138778687,0.6644901633262634,0.26619333028793335,0.6024162173271179,0.30653631687164307,0.6079292297363281,0.33495214581489563,0.6208153963088989,0.2312888652086258,0.6862486600875854,0.2145068645477295,0.6306430697441101,0.22268034517765045,0.5939973592758179,0.23476167023181915,0.564599871635437
A,0.24456679821014404,0.811453640460968,0.2845183312892914,0.7693913578987122,0.3096872568130493,0.7086450457572937,0.3352854251861572,0.667951762676239,0.3562583029270172,0.6297581791877747,0.2661992013454437,0.6484708189964294,0.27122804522514343,0.5744948387145996,0.28299692273139954,0.5322848558425903,0.29709821939468384,0.5011599063873291,0.2554072439670563,0.6533858776092529,0.2845757007598877,0.5895624756813049,0.3253079354763031,0.594353973865509,0.35606634616851807,0.613908052444458,0.2423950582742691,0.6653836369514465,0.26539984345436096,0.6007658243179321,0.30741316080093384,0.6016502976417542,0.33834099769592285,0.6116567254066467,0.22946834564208984,0.6841868162155151,0.21559621393680573,0.6243692636489868,0.21798014640808105,0.5804232954978943,0.22224076092243195,0.5434108972549438
A,0.24311210215091705,0.8155607581138611,0.28400719165802,0.7707074284553528,0.309617817401886,0.710945188999176,0.33436840772628784,0.6705171465873718,0.35789954662323,0.6309558153152466,0.2669987678527832,0.654929518699646,0.27630704641342163,0.5831797122955322,0.29168444871902466,0.5441526174545288,0.30913132429122925,0.516402006149292,0.25636228919029236,0.657140851020813,0.28346529603004456,0.596317708492279,0.3208862543106079,0.5885229110717773,0.35238444805145264,0.5950264930725098,0.24291859567165375,0.6665854454040527,0.2622183561325073,0.6021734476089478,0.2968321144580841,0.5818384289741516,0.32527607679367065,0.5724541544914246,0.22930414974689484,0.6830704212188721,0.2160947471857071,0.621642529964447,0.21672633290290833,0.5758312940597534,0.22038601338863373,0.5381942987442017
A,0.24014513194561005,0.8167563676834106,0.2818222641944885,0.7758543491363525,0.30959397554397583,0.7146634459495544,0.3335677683353424,0.6726672649383545,0.35881465673446655,0.6339285373687744,0.26788797974586487,0.6570633053779602,0.2827218472957611,0.5879008173942566,0.2983623445034027,0.548520565032959,0.31581881642341614,0.5179145336151123,0.25833165645599365,0.6582908034324646,0.2829725742340088,0.5993785262107849,0.31923896074295044,0.5802212953567505,0.3522929847240448,0.571155309677124,0.24504625797271729,0.6685332655906677,0.2611639201641083,0.6098412275314331,0.29454922676086426,0.5905832052230835,0.3244931101799011,0.5800988674163818,0.23076391220092773,0.685061514377594,0.2205597460269928,0.6237915754318237,0.22250112891197205,0.5770035982131958,0.22796878218650818,0.5390586853027344
A,0.23890279233455658,0.8148109912872314,0.28254857659339905,0.7737266421318054,0.3111802637577057,0.7138348817825317,0.3355712592601776,0.6722285151481628,0.3603448271751404,0.6353455185890198,0.27162787318229675,0.6548355221748352,0.2871364653110504,0.5892812609672546,0.3035332262516022,0.5512545704841614,0.3213736414909363,0.5215241312980652,0.26133957505226135,0.6557815670967102,0.28413039445877075,0.5985717177391052,0.3169791102409363,0.574671745300293,0.34772247076034546,0.5602310299873352,0.24820172786712646,0.6654882431030273,0.2652074992656708,0.6091693043708801,0.297340452671051,0.5833950042724609,0.3262253403663635,0.5674025416374207,0.23416239023208618,0.6826651692390442,0.2253064066171646,0.6235262751579285,0.22815385460853577,0.5783551335334778,0.2340088188648224,0.5424948930740356
A,0.2402191460132599,0.8157867193222046,0.2834835350513458,0.7770195603370667,0.3132112920284271,0.7163056135177612,0.33836328983306885,0.6721299290657043,0.3620309829711914,0.6343544125556946,0.276754230260849,0.6570042967796326,0.2935425937175751,0.5956636667251587,0.3141190707683563,0.5624902844429016,0.33528608083724976,0.5367591381072998,0.2646341025829315,0.6560577750205994,0.28330278396606445,0.5943158268928528,0.3100035488605499,0.5636341571807861,0.3367040157318115,0.5417157411575317,0.250480979681015,0.6647835373878479,0.26380521059036255,0.6050815582275391,0.28987640142440796,0.5724078416824341,0.3160284161567688,0.5499522686004639,0.23489990830421448,0.682090699672699,0.2297021448612213,0.6258206367492676,0.23183077573776245,0.5807868838310242,0.23697704076766968,0.5435441732406616
A,0.24051105976104736,0.813980221748352,0.28408023715019226,0.7801422476768494,0.3168785274028778,0.7233551740646362,0.34179577231407166,0.6786999702453613,0.3665519058704376,0.6415257453918457,0.2855995297431946,0.6615809202194214,0.3087347149848938,0.6056469678878784,0.32649654150009155,0.5742283463478088,0.3433111310005188,0.5467478036880493,0.2700134515762329,0.6557011008262634,0.28934621810913086,0.5913301706314087,0.3107028901576996,0.5529045462608337,0.3305310308933258,0.5218685269355774,0.25334981083869934,0.6625964045524597,0.2636735141277313,0.5991370677947998,0.2838208079338074,0.5619944334030151,0.3041574954986572,0.5325452089309692,0.23685137927532196,0.6801621913909912,0.23267962038516998,0.627040445804596,0.23496337234973907,0.586521327495575,0.23899275064468384,0.5508279800415039
A,0.24425595998764038,0.8119199872016907,0.2888646125793457,0.7788811326026917,0.32236969470977783,0.7247183918952942,0.34645187854766846,0.6818414926528931,0.36973562836647034,0.6466760635375977,0.29410943388938904,0.6576911211013794,0.3200565576553345,0.6093530654907227,0.33732789754867554,0.5792886018753052,0.352988600730896,0.5531128644943237,0.27677375078201294,0.6513625383377075,0.29026350378990173,0.5839012265205383,0.3064393401145935,0.541531503200531,0.32069528102874756,0.505890965461731,0.25924253463745117,0.6609995365142822,0.26432886719703674,0.5969662070274353,0.28024721145629883,0.5581651329994202,0.2959831655025482,0.5248517990112305,0.24277633428573608,0.683364748954773,0.2346932291984558,0.6342319846153259,0.23601602017879486,0.5970922112464905,0.2393391728401184,0.5623340010643005
A,0.24919870495796204,0.8150114417076111,0.2925589978694916,0.7829065322875977,0.3249593675136566,0.7280057668685913,0.35000646114349365,0.6851292848587036,0.37295058369636536,0.6498534679412842,0.298001766204834,0.6586419939994812,0.3247256577014923,0.6101034879684448,0.3406393826007843,0.5787662267684937,0.3532460033893585,0.5504487752914429,0.2793622314929962,0.651204526424408,0.28756603598594666,0.5751233696937561,0.29937463998794556,0.5268945097923279,0.3078232407569885,0.48589086532592773,0.26185479760169983,0.6629365682601929,0.25824737548828125,0.5925806164741516,0.2674882411956787,0.548489511013031,0.2764359712600708,0.5091357231140137,0.24737082421779633,0.6900418400764465,0.2356031984090805,0.640608549118042,0.23352229595184326,0.6048924922943115,0.2328086793422699,0.5720517635345459
A,0.2525741457939148,0.8207486271858215,0.29547348618507385,0.7863951325416565,0.32704758644104004,0.7320149540901184,0.35203105211257935,0.6912225484848022,0.375903844833374,0.6578640341758728,0.30053508281707764,0.6599215269088745,0.32821348309516907,0.6142966747283936,0.345323383808136,0.5832241177558899,0.3576059937477112,0.5539241433143616,0.2802048921585083,0.6506646275520325,0.2862479090690613,0.5718691945075989,0.2944197952747345,0.5202629566192627,0.2980706989765167,0.47504082322120667,0.26146066188812256,0.6633436679840088,0.2502408027648926,0.5914389491081238,0.25191885232925415,0.5435616374015808,0.25409334897994995,0.4993763267993927,0.24726741015911102,0.6928737759590149,0.2323741763830185,0.6434570550918579,0.22771106660366058,0.6078802347183228,0.22474181652069092,0.5740161538124084
A,0.2553876042366028,0.8263458013534546,0.30031266808509827,0.7922510504722595,0.3317435085773468,0.7375083565711975,0.35955795645713806,0.698682427406311,0.3852143883705139,0.6663978099822998,0.29849281907081604,0.6477439403533936,0.30519232153892517,0.5787531733512878,0.30822649598121643,0.5335671305656433,0.31033089756965637,0.49606555700302124,0.27994105219841003,0.6501679420471191,0.2659255564212799,0.5695953369140625,0.25865814089775085,0.5189298391342163,0.2514415383338928,0.47563278675079346,0.2649827301502228,0.6722168326377869,0.2494034767150879,0.5971633791923523,0.23993083834648132,0.5504431128501892,0.23120513558387756,0.5073510408401489,0.25422605872154236,0.7087494134902954,0.24124649167060852,0.6657448410987854,0.2361777126789093,0.6335959434509277,0.23169665038585663,0.6011118292808533
A,0.2545935809612274,0.8318225741386414,0.2995530664920807,0.7953802943229675,0.32937735319137573,0.7372480630874634,0.3577142357826233,0.6976325511932373,0.3843992054462433,0.6664599180221558,0.2935500144958496,0.6494324207305908,0.2935182750225067,0.577955961227417,0.2939625680446625,0.5308824181556702,0.29387167096138,0.4921833276748657,0.27456220984458923,0.655866801738739,0.2599685490131378,0.5760202407836914,0.2511650621891022,0.5213263034820557,0.24347904324531555,0.4756164848804474,0.25913965702056885,0.6822820901870728,0.24774041771888733,0.6042027473449707,0.24160265922546387,0.55415278673172,0.2374485433101654,0.5093869566917419,0.2474600374698639,0.7223021984100342,0.24435362219810486,0.681339681148529,0.24648885428905487,0.6493774056434631,0.249896839261055,0.6180096864700317
A,0.25217384099960327,0.8327447175979614,0.2973834276199341,0.7925388216972351,0.3281327188014984,0.7383511066436768,0.3558250069618225,0.6995887160301208,0.3823607563972473,0.6673785448074341,0.2900716960430145,0.6517940759658813,0.2839028239250183,0.5795793533325195,0.2816310226917267,0.533897876739502,0.2801135182380676,0.4945893883705139,0.27073702216148376,0.6611562371253967,0.2574802339076996,0.5824012160301208,0.2494165003299713,0.5273261666297913,0.24330207705497742,0.479117751121521,0.2544119954109192,0.6899207830429077,0.24392566084861755,0.6219227910041809,0.24686424434185028,0.5798260569572449,0.2518823742866516,0.5432568192481995,0.24175754189491272,0.731074333190918,0.23834821581840515,0.6961324214935303,0.25195014476776123,0.675316572189331,0.26845821738243103,0.6570655107498169
A,0.24969081580638885,0.8381320238113403,0.2942684590816498,0.7934742569923401,0.3259603679180145,0.7371060252189636,0.3517833948135376,0.6983368396759033,0.3757588863372803,0.663145124912262,0.28619202971458435,0.6610239148139954,0.2798468768596649,0.5838448405265808,0.2776664197444916,0.5380706787109375,0.27749380469322205,0.4992659091949463,0.26495733857154846,0.6709986925125122,0.25003767013549805,0.5830740332603455,0.2460392266511917,0.5250723361968994,0.24424561858177185,0.47747260332107544,0.24729114770889282,0.700656533241272,0.24203193187713623,0.6321321725845337,0.2561139464378357,0.5957325100898743,0.2694413661956787,0.5671237707138062,0.23474523425102234,0.7415509223937988,0.23869240283966064,0.7032418847084045,0.2585022747516632,0.6849020719528198,0.27849245071411133,0.6716065406799316
A,0.249170184135437,0.8365992307662964,0.2931361794471741,0.7938475608825684,0.32480287551879883,0.7340565919876099,0.3508667051792145,0.6929907202720642,0.3728038966655731,0.657712459564209,0.2840926945209503,0.6598119735717773,0.2758922874927521,0.5799061059951782,0.2746681869029999,0.535912275314331,0.2755306363105774,0.49913716316223145,0.25880151987075806,0.6681541800498962,0.24729838967323303,0.5765239596366882,0.24962608516216278,0.5202311277389526,0.25238147377967834,0.47702693939208984,0.238148033618927,0.6945504546165466,0.2423662394285202,0.6269721984863281,0.26984864473342896,0.6113868355751038,0.2910398840904236,0.6050305366516113,0.22552244365215302,0.7322865128517151,0.24427419900894165,0.6949123740196228,0.26992493867874146,0.6922831535339355,0.2881131172180176,0.6964836716651917
A,0.2452142834663391,0.8446935415267944,0.2881377041339874,0.803960382938385,0.32127878069877625,0.7393549084663391,0.34658125042915344,0.6941940188407898,0.3677983582019806,0.6563802361488342,0.28246182203292847,0.6713588237762451,0.2722008228302002,0.5898163318634033,0.2743307054042816,0.5445065498352051,0.2781505584716797,0.5072978734970093,0.25712454319000244,0.6789833307266235,0.24547268450260162,0.5870876312255859,0.25935763120651245,0.5396618843078613,0.2716943025588989,0.5067877173423767,0.23495027422904968,0.7008323669433594,0.24954190850257874,0.636489748954773,0.2782755494117737,0.6280463933944702,0.2946624159812927,0.6289357542991638,0.2202882319688797,0.7337278723716736,0.25021687150001526,0.7051498293876648,0.27750712633132935,0.7086753249168396,0.2922273874282837,0.7170993089675903
A,0.23949286341667175,0.8421851992607117,0.28331267833709717,0.8059713244438171,0.31773263216018677,0.7420734763145447,0.3432430624961853,0.6960668563842773,0.3645017445087433,0.6585795879364014,0.27821168303489685,0.6689853668212891,0.27227431535720825,0.591208279132843,0.27251720428466797,0.5425548553466797,0.27373021841049194,0.5036283731460571,0.252114474773407,0.6718420386314392,0.2510838806629181,0.585320234298706,0.2706678509712219,0.552156925201416,0.2850097417831421,0.5331233739852905,0.22986122965812683,0.6900313496589661,0.2651048004627228,0.6383915543556213,0.2948637306690216,0.6662223935127258,0.3066691756248474,0.6948227882385254,0.2156779170036316,0.7207503914833069,0.26034116744995117,0.7077360153198242,0.2869558036327362,0.7300173044204712,0.29738643765449524,0.7519120573997498
A,0.23507404327392578,0.8451725840568542,0.27955466508865356,0.8050680756568909,0.3136378824710846,0.7462190985679626,0.33900386095046997,0.7022603154182434,0.3615323603153229,0.6662643551826477,0.2827017605304718,0.6808817982673645,0.2982395589351654,0.613659143447876,0.324796199798584,0.6052790880203247,0.34740397334098816,0.6133933067321777,0.25951626896858215,0.6832062005996704,0.27046406269073486,0.6023098230361938,0.30468106269836426,0.6063872575759888,0.32645052671432495,0.6293469071388245,0.23615151643753052,0.6974518895149231,0.2379845380783081,0.6191681623458862,0.27045586705207825,0.6320806741714478,0.28947901725769043,0.6580764651298523,0.21298207342624664,0.7204446196556091,0.22380876541137695,0.6690225005149841,0.24817541241645813,0.6795188188552856,0.26214057207107544,0.7030521631240845
A,0.2328418344259262,0.8436901569366455,0.2768867015838623,0.8087668418884277,0.3112103044986725,0.7503172159194946,0.3372369408607483,0.7070839405059814,0.3621881604194641,0.6729759573936462,0.28020790219306946,0.6875218749046326,0.2963699996471405,0.6282097697257996,0.32336878776550293,0.6146624088287354,0.34523528814315796,0.6131141781806946,0.2587290108203888,0.684730052947998,0.2675028443336487,0.6029007434844971,0.30061253905296326,0.601141095161438,0.32103464007377625,0.6216338872909546,0.23608192801475525,0.6962742805480957,0.23493507504463196,0.6141026020050049,0.2645226716995239,0.6205052733421326,0.28134027123451233,0.6465555429458618,0.2120472937822342,0.7159079909324646,0.21457889676094055,0.6554872393608093,0.23752814531326294,0.6578224897384644,0.2518068253993988,0.6803473234176636
A,0.2307078242301941,0.8476179838180542,0.2747379243373871,0.8106002807617188,0.3100529611110687,0.7563731074333191,0.33608487248420715,0.7136731147766113,0.3611057996749878,0.6810823082923889,0.2771330177783966,0.6879972219467163,0.29999396204948425,0.6392149329185486,0.32581213116645813,0.6225067377090454,0.348725825548172,0.6170126795768738,0.25478050112724304,0.6818280816078186,0.26444461941719055,0.6073479652404785,0.2953122556209564,0.5948216915130615,0.3208487927913666,0.6057226657867432,0.23153792321681976,0.692270040512085,0.22932776808738708,0.6159517765045166,0.2542911767959595,0.607901930809021,0.275862455368042,0.6214360594749451,0.20799392461776733,0.7139313817024231,0.20364919304847717,0.6551485061645508,0.22365085780620575,0.651637613773346,0.24283942580223083,0.6706518530845642
A,0.22922423481941223,0.8472895622253418,0.2738816738128662,0.8114839792251587,0.30968835949897766,0.7573025226593018,0.33651551604270935,0.7146235704421997,0.3613387644290924,0.6816077828407288,0.27636316418647766,0.6863226294517517,0.3015516400337219,0.6381741762161255,0.32806748151779175,0.6220360994338989,0.35129934549331665,0.6182727813720703,0.25328388810157776,0.678483247756958,0.2628259062767029,0.6066362261772156,0.2915528416633606,0.5817878842353821,0.31637638807296753,0.5807265639305115,0.22945109009742737,0.6882345080375671,0.22391171753406525,0.6124430894851685,0.24438470602035522,0.5939266681671143,0.26515647768974304,0.5985088348388672,0.20614778995513916,0.7108928561210632,0.19576942920684814,0.6502929925918579,0.214029461145401,0.6399247646331787,0.23540662229061127,0.653836727142334
A,0.2302388697862625,0.8465375304222107,0.27337226271629333,0.8121199607849121,0.30963134765625,0.7587397694587708,0.33866363763809204,0.7155331969261169,0.36265286803245544,0.6814636588096619,0.2763691246509552,0.6847653388977051,0.3056042790412903,0.6433045864105225,0.3310319781303406,0.6270723342895508,0.35433754324913025,0.6232585310935974,0.2513605058193207,0.6729158759117126,0.25714656710624695,0.6009461283683777,0.28177252411842346,0.5682843923568726,0.30667269229888916,0.5582343935966492,0.22727832198143005,0.682269275188446,0.21621932089328766,0.6129496693611145,0.23270417749881744,0.5870290398597717,0.2546151578426361,0.5829588174819946,0.20481814444065094,0.7070564031600952,0.1838797926902771,0.654642641544342,0.19581060111522675,0.6325896978378296,0.21672630310058594,0.630364716053009
A,0.23016813397407532,0.8443053364753723,0.2733093500137329,0.8081084489822388,0.31033802032470703,0.7570770382881165,0.3392638564109802,0.7157962918281555,0.36276423931121826,0.681597888469696,0.27746114134788513,0.6818188428878784,0.3064071834087372,0.6416480541229248,0.32965126633644104,0.6255627274513245,0.35248225927352905,0.6194732189178467,0.25116342306137085,0.6714708209037781,0.2557169497013092,0.5983871221542358,0.2735038697719574,0.561726450920105,0.29405370354652405,0.5391131043434143,0.22641783952713013,0.6815385818481445,0.21462292969226837,0.6174154281616211,0.2266385853290558,0.5826461911201477,0.24650627374649048,0.5591585636138916,0.20368757843971252,0.7072824239730835,0.18188372254371643,0.659295916557312,0.18799912929534912,0.6316078901290894,0.20420029759407043,0.6131097078323364
A,0.23268349468708038,0.8411040902137756,0.27466127276420593,0.8055669665336609,0.3117621839046478,0.7555631399154663,0.34135088324546814,0.7163053750991821,0.3657149076461792,0.6835312247276306,0.27764609456062317,0.6774425506591797,0.30629962682724,0.6381269693374634,0.3288689851760864,0.6200221180915833,0.35036784410476685,0.6104691028594971,0.25113457441329956,0.6672982573509216,0.25348982214927673,0.5902055501937866,0.26731330156326294,0.5465819835662842,0.2833213210105896,0.5151840448379517,0.22662298381328583,0.6787859201431274,0.21294185519218445,0.6121139526367188,0.22329185903072357,0.5729852914810181,0.2408670037984848,0.5428959131240845,0.2046244740486145,0.706387460231781,0.1836780160665512,0.6585924625396729,0.1875653862953186,0.6281635761260986,0.2005564123392105,0.6034066677093506
A,0.2329593002796173,0.8412062525749207,0.2760586142539978,0.805220901966095,0.3131856918334961,0.7549309730529785,0.34276020526885986,0.7159981727600098,0.36707380414009094,0.6835111975669861,0.27990201115608215,0.6743544936180115,0.3080582916736603,0.6332863569259644,0.32972246408462524,0.6110725402832031,0.34961438179016113,0.5961081385612488,0.2531900107860565,0.6640971302986145,0.25481119751930237,0.5843099355697632,0.2650507986545563,0.5358120799064636,0.2757483422756195,0.49680861830711365,0.22882547974586487,0.6762672662734985,0.21537190675735474,0.6088005900382996,0.22252440452575684,0.5663395524024963,0.23496177792549133,0.5289185643196106,0.20761951804161072,0.7054058313369751,0.1879265308380127,0.6591072678565979,0.18882757425308228,0.6269601583480835,0.19716869294643402,0.5963401794433594
A,0.232811838388443,0.8418214321136475,0.276865690946579,0.8053824305534363,0.31485041975975037,0.7539268732070923,0.344107985496521,0.7152534127235413,0.3685036897659302,0.6841797828674316,0.2821725010871887,0.6715197563171387,0.3101041615009308,0.6272691488265991,0.3314269483089447,0.6016947031021118,0.3505208492279053,0.5834977626800537,0.2546665668487549,0.6618257164955139,0.254157155752182,0.5809916853904724,0.2612465023994446,0.5299366116523743,0.2685312032699585,0.48825544118881226,0.2301568239927292,0.674957811832428,0.2162051796913147,0.6059771180152893,0.22184883058071136,0.5615556836128235,0.23207399249076843,0.5220392942428589,0.20923957228660583,0.7049546241760254,0.190781831741333,0.6565226912498474,0.19078108668327332,0.6237217783927917,0.19760239124298096,0.592758059501648
A,0.23271866142749786,0.8420208096504211,0.2770243287086487,0.8057849407196045,0.31493109464645386,0.7544450163841248,0.3443748652935028,0.7161509394645691,0.36935269832611084,0.6856299042701721,0.28209662437438965,0.6697567701339722,0.3104291260242462,0.6222359538078308,0.331524133682251,0.5927525758743286,0.3500840365886688,0.5695570707321167,0.2546691596508026,0.6607648730278015,0.25383830070495605,0.5802254676818848,0.2587699890136719,0.5288709998130798,0.26363518834114075,0.4856468439102173,0.2308306246995926,0.6746014356613159,0.217275470495224,0.6054431796073914,0.2203136384487152,0.5605564117431641,0.2275572568178177,0.5195986032485962,0.2108827829360962,0.705226719379425,0.1933010220527649,0.6574157476425171,0.19271092116832733,0.6246614456176758,0.19826480746269226,0.5931494832038879
A,0.232325941324234,0.8416914343833923,0.2771409749984741,0.8056157827377319,0.3142337203025818,0.7556002140045166,0.3428637683391571,0.71761554479599,0.36860132217407227,0.687804639339447,0.2805892527103424,0.6681872010231018,0.3076537549495697,0.618538498878479,0.328143447637558,0.5868960022926331,0.3466981053352356,0.5608105063438416,0.2534331679344177,0.6602690815925598,0.2526181936264038,0.5816696286201477,0.2573125660419464,0.5302613973617554,0.2620563805103302,0.4865225553512573,0.2299218326807022,0.6747931838035583,0.21681559085845947,0.6062994003295898,0.21885602176189423,0.5613706111907959,0.2251688838005066,0.5202912092208862,0.21056994795799255,0.7056083083152771,0.19437626004219055,0.6592062711715698,0.19409766793251038,0.6266182065010071,0.19954761862754822,0.5951700210571289
A,0.23092041909694672,0.8409141898155212,0.27575019001960754,0.8043463826179504,0.3123254179954529,0.756225049495697,0.3396375775337219,0.7187946438789368,0.36470431089401245,0.6885573863983154,0.2771386206150055,0.668333113193512,0.30190524458885193,0.6161310076713562,0.32148876786231995,0.5843607783317566,0.3400164842605591,0.5579241514205933,0.2503642141819,0.6617002487182617,0.24879762530326843,0.5844895839691162,0.2533145844936371,0.5339204668998718,0.25834089517593384,0.49129223823547363,0.22750750184059143,0.6764307618141174,0.21390840411186218,0.6099288463592529,0.21602663397789001,0.5658153295516968,0.2225169837474823,0.5259725451469421,0.2087925374507904,0.7068996429443359,0.1919366717338562,0.6611348390579224,0.1919325888156891,0.6286256909370422,0.19764764606952667,0.5973613262176514
A,0.22873707115650177,0.8406342267990112,0.27335208654403687,0.8050601482391357,0.30889731645584106,0.7564120292663574,0.3362117409706116,0.7184206247329712,0.3614601492881775,0.6880189180374146,0.2736825942993164,0.6679487228393555,0.2961965799331665,0.6130150556564331,0.3140186369419098,0.5796934366226196,0.3313305974006653,0.5520257949829102,0.2468298375606537,0.662230372428894,0.24469254910945892,0.5851079821586609,0.24892054498195648,0.5359620451927185,0.25404274463653564,0.4949508309364319,0.22411325573921204,0.6774083375930786,0.2109489142894745,0.6107608079910278,0.21329577267169952,0.567036509513855,0.22007888555526733,0.52776038646698,0.20538857579231262,0.708116352558136,0.18966978788375854,0.6627628803253174,0.1900998204946518,0.6305747032165527,0.19587627053260803,0.5995568037033081
A,0.21595685184001923,0.8478271961212158,0.25966179370880127,0.81121426820755,0.29402676224708557,0.761421799659729,0.3207653760910034,0.720740795135498,0.3456890285015106,0.6886170506477356,0.2581934928894043,0.6723938584327698,0.27265164256095886,0.6087902784347534,0.28787386417388916,0.5733599662780762,0.30411016941070557,0.5437591075897217,0.2315077781677246,0.6693267822265625,0.2271108329296112,0.5919269919395447,0.23226884007453918,0.5446221232414246,0.23892323672771454,0.5063830018043518,0.20951735973358154,0.6855639815330505,0.1955898404121399,0.6191490292549133,0.19816985726356506,0.5755185484886169,0.20520369708538055,0.5381873846054077,0.1907692551612854,0.7161296606063843,0.17408251762390137,0.668936550617218,0.17440322041511536,0.636710524559021,0.17997005581855774,0.606547474861145
A,0.215218186378479,0.8448954224586487,0.2592582106590271,0.8063526153564453,0.2943520247936249,0.7574586272239685,0.3194636404514313,0.7184685468673706,0.34355419874191284,0.6858173608779907,0.2565205991268158,0.6686486601829529,0.2698432505130768,0.606861412525177,0.2836291491985321,0.5723953247070312,0.29973867535591125,0.5437972545623779,0.2290015071630478,0.6669440865516663,0.22337239980697632,0.5931544899940491,0.2277926355600357,0.5474633574485779,0.23551225662231445,0.5086876749992371,0.20621933043003082,0.6835971474647522,0.1908239722251892,0.6192047595977783,0.19196680188179016,0.5770038366317749,0.19936615228652954,0.5384566783905029,0.18712496757507324,0.7140917181968689,0.1696980744600296,0.669437050819397,0.16999900341033936,0.6384181976318359,0.1765233874320984,0.607961893081665
A,0.214003786444664,0.8436599373817444,0.25795868039131165,0.8068665266036987,0.29308679699897766,0.7564753293991089,0.31857752799987793,0.7165879011154175,0.3421323299407959,0.6840255260467529,0.2555423080921173,0.6690710783004761,0.2693132758140564,0.6084666848182678,0.2830536961555481,0.573743999004364,0.2987036108970642,0.5448718070983887,0.22779980301856995,0.6665928959846497,0.222392737865448,0.5929797887802124,0.22690603137016296,0.54714435338974,0.23438827693462372,0.5083765387535095,0.2048051357269287,0.682444155216217,0.18873174488544464,0.6187583208084106,0.19016341865062714,0.5763735771179199,0.19776535034179688,0.5375534296035767,0.18573760986328125,0.7120569348335266,0.16776464879512787,0.668178379535675,0.1676100790500641,0.6376370191574097,0.17383816838264465,0.6072999238967896
A,0.21409466862678528,0.8428036570549011,0.25770437717437744,0.8063614964485168,0.2927403748035431,0.75557541847229,0.31803542375564575,0.715669572353363,0.3407992124557495,0.6830033659934998,0.25479063391685486,0.6688984036445618,0.26817455887794495,0.60929274559021,0.28221774101257324,0.574665367603302,0.2981194257736206,0.5460860133171082,0.2269625961780548,0.6664701700210571,0.22169482707977295,0.5928681492805481,0.22674033045768738,0.5468000173568726,0.23436853289604187,0.5078820586204529,0.20391207933425903,0.6824324131011963,0.18787658214569092,0.6184149980545044,0.1893489807844162,0.5754313468933105,0.19668446481227875,0.5359845161437988,0.1849563717842102,0.7122558951377869,0.16714051365852356,0.6680524945259094,0.16648486256599426,0.6363309621810913,0.17184510827064514,0.604552686214447
A,0.2133384346961975,0.8415407538414001,0.2568405568599701,0.805861234664917,0.29146814346313477,0.7549426555633545,0.3169817626476288,0.714654803276062,0.33978337049484253,0.681639552116394,0.2549280822277069,0.6691555380821228,0.26803210377693176,0.6099536418914795,0.2823024392127991,0.5754967927932739,0.29851505160331726,0.5468770265579224,0.22684873640537262,0.6663874387741089,0.2212587594985962,0.5921267867088318,0.2267371267080307,0.5460180044174194,0.23477593064308167,0.5071013569831848,0.20347529649734497,0.6825818419456482,0.18713264167308807,0.6186339855194092,0.18848946690559387,0.5752023458480835,0.19539105892181396,0.5347082614898682,0.184562087059021,0.7129443883895874,0.16642090678215027,0.6690780520439148,0.16374662518501282,0.6362524032592773,0.16643348336219788,0.6025675535202026
A,0.2140287309885025,0.8414565324783325,0.25696396827697754,0.8054661750793457,0.29156774282455444,0.7539067268371582,0.31701380014419556,0.7136746048927307,0.3397555351257324,0.6806864738464355,0.25451239943504333,0.6685497164726257,0.2674011290073395,0.6103788018226624,0.282349556684494,0.5764490365982056,0.29927074909210205,0.5484614968299866,0.2260502129793167,0.6652348041534424,0.2201448678970337,0.5909605026245117,0.22581923007965088,0.5447540283203125,0.23399928212165833,0.5059086084365845,0.202496737241745,0.6807478666305542,0.18559157848358154,0.6167418360710144,0.18664506077766418,0.572456955909729,0.19329944252967834,0.5311355590820312,0.18358555436134338,0.7108149528503418,0.16497674584388733,0.6661391854286194,0.1614573895931244,0.6323500871658325,0.16292934119701385,0.5978889465332031
A,0.2138688862323761,0.8397888541221619,0.25632429122924805,0.8035988807678223,0.2909358739852905,0.7525160908699036,0.31633108854293823,0.712303638458252,0.3391878306865692,0.6793003678321838,0.25418511033058167,0.6660141348838806,0.26700878143310547,0.6082735061645508,0.28223785758018494,0.5754456520080566,0.2995893061161041,0.5483332276344299,0.2256270945072174,0.6629074215888977,0.2191220372915268,0.588384211063385,0.22420062124729156,0.5424535274505615,0.23180420696735382,0.5035028457641602,0.20204469561576843,0.67842036485672,0.18541640043258667,0.6143918633460999,0.1868046224117279,0.5706411004066467,0.193756565451622,0.5297335386276245,0.18270882964134216,0.7083406448364258,0.1639646589756012,0.6623672246932983,0.16124263405799866,0.6286884546279907,0.16385111212730408,0.5947558879852295
A,0.21398787200450897,0.8390787839889526,0.25652754306793213,0.8026546239852905,0.29051050543785095,0.7512463927268982,0.31543853878974915,0.7102199196815491,0.33852270245552063,0.6767736673355103,0.25410735607147217,0.6640936732292175,0.26607975363731384,0.6062875986099243,0.28144198656082153,0.574088454246521,0.2991245985031128,0.5483325123786926,0.2259056270122528,0.6610783338546753,0.2194255292415619,0.5859317779541016,0.22449424862861633,0.5400913953781128,0.23234224319458008,0.5020634531974792,0.20251856744289398,0.6769841909408569,0.1863100230693817,0.6123195290565491,0.18787403404712677,0.5687153339385986,0.19527235627174377,0.5282427072525024,0.18321962654590607,0.707597553730011,0.1648252010345459,0.6621769070625305,0.1620435118675232,0.6286833882331848,0.16467052698135376,0.5949301719665527
A,0.21279193460941315,0.8383761048316956,0.25600576400756836,0.8014174103736877,0.2911313474178314,0.74967360496521,0.31647542119026184,0.7086235880851746,0.33955085277557373,0.6751948595046997,0.25435784459114075,0.6619387269020081,0.26552385091781616,0.6034196019172668,0.2808423340320587,0.5717645287513733,0.29905176162719727,0.5463213920593262,0.22662460803985596,0.6591331362724304,0.21966731548309326,0.5844483971595764,0.22413389384746552,0.5380337238311768,0.23187576234340668,0.4994353652000427,0.2034778594970703,0.6747012734413147,0.1875682771205902,0.6101593971252441,0.18961474299430847,0.5668325424194336,0.19760513305664062,0.5270739793777466,0.1841352880001068,0.7046348452568054,0.1658134013414383,0.6588685512542725,0.16294223070144653,0.6253036856651306,0.16533872485160828,0.5919994115829468
A,0.21486854553222656,0.8371647596359253,0.25792521238327026,0.7999138236045837,0.2927230894565582,0.7469314932823181,0.3173636198043823,0.7060803771018982,0.3395117521286011,0.6730408072471619,0.2552228569984436,0.6579918265342712,0.26475703716278076,0.5993444323539734,0.27969488501548767,0.5694090127944946,0.298269659280777,0.5455226898193359,0.22797705233097076,0.6559356451034546,0.22014880180358887,0.5815454721450806,0.22503341734409332,0.5351094007492065,0.23379932343959808,0.49625152349472046,0.20528671145439148,0.6721005439758301,0.18918192386627197,0.6073881983757019,0.19176870584487915,0.564145028591156,0.20049342513084412,0.5243861675262451,0.18636572360992432,0.7026156783103943,0.1683487445116043,0.6565367579460144,0.16544437408447266,0.6225755214691162,0.16777431964874268,0.5886738896369934
A,0.21544228494167328,0.8339699506759644,0.25862953066825867,0.7967686653137207,0.293400377035141,0.7436519265174866,0.3176334798336029,0.7016226053237915,0.34091779589653015,0.6694382429122925,0.25462761521339417,0.6514039039611816,0.260010689496994,0.5892102718353271,0.2741188406944275,0.5607139468193054,0.2930271625518799,0.5389736890792847,0.22890865802764893,0.6513410210609436,0.2200804501771927,0.5788588523864746,0.22359253466129303,0.5328900814056396,0.23200848698616028,0.49372774362564087,0.20738670229911804,0.6683566570281982,0.19325926899909973,0.6043148636817932,0.1960124373435974,0.5624561905860901,0.2053583264350891,0.524010956287384,0.18878963589668274,0.6991827487945557,0.1711399257183075,0.6539179086685181,0.1695609986782074,0.6213926672935486,0.17381782829761505,0.5895559191703796
A,0.21534386277198792,0.8284871578216553,0.2577662169933319,0.793495774269104,0.2909907400608063,0.7419466376304626,0.31444501876831055,0.6998428702354431,0.33760878443717957,0.6665754914283752,0.2523603141307831,0.6471655964851379,0.2565741240978241,0.5823493003845215,0.2698443830013275,0.5505431890487671,0.2871822416782379,0.5303447246551514,0.2263457179069519,0.6469342112541199,0.2131424993276596,0.5710000395774841,0.21906152367591858,0.5260557532310486,0.23210714757442474,0.49663257598876953,0.20537574589252472,0.6653777360916138,0.1879454106092453,0.598588764667511,0.19593964517116547,0.5633268356323242,0.21283820271492004,0.5419214367866516,0.18707668781280518,0.6971402764320374,0.16937315464019775,0.6523465514183044,0.17540138959884644,0.6325266361236572,0.18968452513217926,0.6250768303871155
A,0.2137528955936432,0.8237729668617249,0.25613927841186523,0.7853993773460388,0.2897871434688568,0.7335789799690247,0.3114289939403534,0.6913833022117615,0.3345087766647339,0.6562395095825195,0.2508693039417267,0.6446793675422668,0.25022000074386597,0.5786675214767456,0.26067203283309937,0.5473875999450684,0.2771528661251068,0.5276146531105042,0.2255845069885254,0.6472687721252441,0.2068171501159668,0.5684627890586853,0.21646828949451447,0.5250234603881836,0.23446618020534515,0.4987528920173645,0.2044830322265625,0.6654596328735352,0.19005808234214783,0.5973389744758606,0.2066359966993332,0.5750070214271545,0.22777366638183594,0.5676268935203552,0.18740548193454742,0.6942038536071777,0.18398137390613556,0.6465417146682739,0.20202293992042542,0.6426382064819336,0.22074389457702637,0.6506625413894653
A,0.21402961015701294,0.8234636783599854,0.2559877932071686,0.778303861618042,0.28627336025238037,0.7207872271537781,0.3093949854373932,0.6802672743797302,0.3327105641365051,0.6444954872131348,0.2440759688615799,0.6462167501449585,0.23606500029563904,0.5799418687820435,0.2451057881116867,0.5440984964370728,0.25924429297447205,0.5224306583404541,0.22081872820854187,0.6527580618858337,0.19769521057605743,0.5690289735794067,0.21393239498138428,0.5286202430725098,0.23600390553474426,0.5102444291114807,0.20199143886566162,0.673564076423645,0.1914932131767273,0.6015805006027222,0.21889638900756836,0.5823118686676025,0.24414393305778503,0.5812580585479736,0.19045792520046234,0.7045223116874695,0.20222660899162292,0.6629910469055176,0.2302018105983734,0.6600295901298523,0.2525230348110199,0.6676585078239441
A,0.21863502264022827,0.8151321411132812,0.2593107521533966,0.769996166229248,0.28609129786491394,0.7087169289588928,0.30660271644592285,0.6643418669700623,0.3284059762954712,0.6285555362701416,0.24017181992530823,0.6396508812904358,0.22653642296791077,0.5694885849952698,0.2400384396314621,0.5363402366638184,0.25614094734191895,0.5193660855293274,0.2181837260723114,0.6480146050453186,0.19404354691505432,0.5607194304466248,0.21706567704677582,0.5297631025314331,0.24131393432617188,0.5253944993019104,0.20036272704601288,0.6695915460586548,0.19964784383773804,0.5969889760017395,0.23284712433815002,0.5922833681106567,0.25681889057159424,0.6058456897735596,0.1893804669380188,0.7019978761672974,0.20625901222229004,0.6680122017860413,0.2353316992521286,0.6668062806129456,0.2550230324268341,0.6750050783157349
A,0.20309066772460938,0.7958694696426392,0.24430157244205475,0.71690833568573,0.25289782881736755,0.6521688103675842,0.25936615467071533,0.6056511998176575,0.2661019265651703,0.5686554908752441,0.19140313565731049,0.6055129170417786,0.23101270198822021,0.5520483255386353,0.2694636285305023,0.5470327734947205,0.29346293210983276,0.5595877766609192,0.1764775514602661,0.6225563883781433,0.22844070196151733,0.5604049563407898,0.26708462834358215,0.5824964046478271,0.2789873480796814,0.6110327243804932,0.17280471324920654,0.6487433314323425,0.22483322024345398,0.5923277139663696,0.25909268856048584,0.61800217628479,0.2654826045036316,0.6466039419174194,0.17539840936660767,0.6795589327812195,0.21751224994659424,0.6348415613174438,0.24474409222602844,0.6446418166160583,0.25194475054740906,0.6613026857376099
A,0.20038112998008728,0.8007535934448242,0.24274836480617523,0.7149519324302673,0.25216174125671387,0.6453216671943665,0.25571882724761963,0.5939905643463135,0.2576887309551239,0.5486551523208618,0.19056934118270874,0.6025373935699463,0.2482062578201294,0.5571211576461792,0.2890872657299042,0.5684424042701721,0.3150402903556824,0.5861266255378723,0.17592495679855347,0.6176258325576782,0.23967455327510834,0.5652230978012085,0.27761194109916687,0.5902788639068604,0.2950572371482849,0.6209352016448975,0.1705436408519745,0.6441383361816406,0.22843223810195923,0.5937967896461487,0.26107141375541687,0.6164807677268982,0.2736077308654785,0.6446573734283447,0.1724855601787567,0.6770601272583008,0.2100953757762909,0.630732536315918,0.23932857811450958,0.6280215978622437,0.25768887996673584,0.6352168917655945
A,0.19658923149108887,0.7978798151016235,0.23773331940174103,0.706895649433136,0.24684500694274902,0.6368198990821838,0.2532886266708374,0.5822978019714355,0.2575789988040924,0.5375868082046509,0.19232654571533203,0.6022290587425232,0.2455451637506485,0.567692756652832,0.28461572527885437,0.5745222568511963,0.31457313895225525,0.5839293599128723,0.18031978607177734,0.6158029437065125,0.24339058995246887,0.5778582096099854,0.2870832681655884,0.5846534371376038,0.3200238347053528,0.6023955345153809,0.1766320765018463,0.6408434510231018,0.23342490196228027,0.6006350517272949,0.27468040585517883,0.6052235960960388,0.30433961749076843,0.6200408339500427,0.17931874096393585,0.6713494658470154,0.20779813826084137,0.6259632110595703,0.2326592057943344,0.6104769110679626,0.2574465572834015,0.6062346696853638
A,0.19377458095550537,0.7892499566078186,0.2347152978181839,0.7067956924438477,0.24461069703102112,0.6331890225410461,0.2520338296890259,0.5793259143829346,0.2615683674812317,0.5340887308120728,0.19521154463291168,0.5961285829544067,0.25059497356414795,0.5714499950408936,0.28814688324928284,0.5747147798538208,0.3197936713695526,0.5817727446556091,0.1837451010942459,0.610624372959137,0.24837803840637207,0.5814082622528076,0.2933862507343292,0.5858588814735413,0.32946494221687317,0.5994467735290527,0.17979569733142853,0.6380439400672913,0.23801344633102417,0.6050821542739868,0.2811819314956665,0.6022493839263916,0.3140432834625244,0.6075581312179565,0.18146444857120514,0.669771134853363,0.20319509506225586,0.6273391246795654,0.2217862606048584,0.6046224236488342,0.24265509843826294,0.5899512767791748
A,0.18898168206214905,0.7797495126724243,0.2358839362859726,0.7036623954772949,0.24679841101169586,0.6302996873855591,0.2545802891254425,0.579257607460022,0.2663603723049164,0.5369858741760254,0.2019839584827423,0.5913358330726624,0.26136890053749084,0.5830234885215759,0.30035245418548584,0.585643470287323,0.3347856104373932,0.5891539454460144,0.19103951752185822,0.6047976613044739,0.26020365953445435,0.5878764390945435,0.30703312158584595,0.5903497338294983,0.34589314460754395,0.5947108268737793,0.1870627999305725,0.6321632862091064,0.24422180652618408,0.6058647632598877,0.2863074541091919,0.5962541699409485,0.32015758752822876,0.5894103050231934,0.18778882920742035,0.664702832698822,0.21302786469459534,0.6278474926948547,0.2297363579273224,0.6058012843132019,0.2472376823425293,0.5861616730690002
A,0.18089976906776428,0.7685181498527527,0.23255352675914764,0.7033228278160095,0.24825847148895264,0.6314504146575928,0.25911566615104675,0.5822320580482483,0.2690691649913788,0.5402779579162598,0.21442878246307373,0.5897552967071533,0.27593153715133667,0.5848523378372192,0.3134218752384186,0.5776301026344299,0.34532588720321655,0.5718578696250916,0.20412667095661163,0.5997918844223022,0.27420592308044434,0.5893978476524353,0.3192952275276184,0.581493616104126,0.3574363887310028,0.5731107592582703,0.1989733874797821,0.624965250492096,0.26205533742904663,0.6048458814620972,0.30529099702835083,0.5926929712295532,0.3402337431907654,0.5797709822654724,0.19892342388629913,0.6570643186569214,0.23005284368991852,0.6247670650482178,0.2503657042980194,0.6006935238838196,0.27059483528137207,0.5768301486968994
A,0.1783856749534607,0.7584938406944275,0.22971715033054352,0.7035677433013916,0.2520691752433777,0.637467086315155,0.2647402882575989,0.59050053358078,0.2724722921848297,0.5503962635993958,0.22502942383289337,0.5998140573501587,0.28110599517822266,0.5864430069923401,0.31755927205085754,0.5703280568122864,0.3452218472957611,0.5566958785057068,0.21715332567691803,0.6066200137138367,0.28008008003234863,0.586979866027832,0.3203240633010864,0.5706265568733215,0.3526438772678375,0.5530685782432556,0.2142012119293213,0.6252789497375488,0.2732810080051422,0.5996682643890381,0.31196269392967224,0.582371711730957,0.34209731221199036,0.5657023191452026,0.21614332497119904,0.6525223851203918,0.25700995326042175,0.6280921697616577,0.28221380710601807,0.6088849306106567,0.3029728829860687,0.5892244577407837
A,0.17144817113876343,0.7688793540000916,0.21572357416152954,0.7169579863548279,0.24614198505878448,0.6582105159759521,0.2670184373855591,0.6124054193496704,0.2818751633167267,0.571967363357544,0.21845155954360962,0.6327520608901978,0.2604356110095978,0.6002327799797058,0.29186657071113586,0.5726369023323059,0.3169513940811157,0.54839026927948,0.2154863029718399,0.6388056874275208,0.2684336304664612,0.5958589911460876,0.3032139837741852,0.5622929334640503,0.3311593532562256,0.5317025184631348,0.21632006764411926,0.6548064947128296,0.26909130811691284,0.6101016402244568,0.30408838391304016,0.5781259536743164,0.33128949999809265,0.5523112416267395,0.2205914855003357,0.6801151633262634,0.2613210082054138,0.6480684280395508,0.28747108578681946,0.6236758828163147,0.3079821765422821,0.6044837236404419
A,0.161580890417099,0.7767544984817505,0.18096190690994263,0.7303853631019592,0.21069620549678802,0.6890601515769958,0.23587629199028015,0.6657576560974121,0.25581011176109314,0.6483381986618042,0.2155780792236328,0.6576288938522339,0.25385594367980957,0.6042306423187256,0.2789086103439331,0.5605668425559998,0.29779747128486633,0.5262084603309631,0.21764647960662842,0.6595098376274109,0.25935354828834534,0.5978132486343384,0.2854694426059723,0.5516725182533264,0.3049033284187317,0.511637270450592,0.22428284585475922,0.6731579899787903,0.2643831968307495,0.6118364334106445,0.2886655628681183,0.5685164332389832,0.30619072914123535,0.5316828489303589,0.23544061183929443,0.6965568661689758,0.2719893455505371,0.6554367542266846,0.2945975959300995,0.6283844709396362,0.31289994716644287,0.6067068576812744
A,0.2248358130455017,0.788696825504303,0.27521058917045593,0.7314494252204895,0.28845545649528503,0.6587918400764465,0.2958106994628906,0.6120938062667847,0.3084756135940552,0.5733827352523804,0.2568320333957672,0.6127697825431824,0.24901282787322998,0.5461645126342773,0.2664097547531128,0.5076866149902344,0.2878132462501526,0.4819294214248657,0.24535343050956726,0.6218746900558472,0.23903585970401764,0.5481703281402588,0.26069870591163635,0.510439932346344,0.28520670533180237,0.4859706163406372,0.23646795749664307,0.6430890560150146,0.2316308319568634,0.5753439664840698,0.24945059418678284,0.5388819575309753,0.26833829283714294,0.5144277215003967,0.22991809248924255,0.6762489080429077,0.22892020642757416,0.624794602394104,0.23871462047100067,0.5900620222091675,0.24907007813453674,0.5627316832542419
A,0.2261853814125061,0.7928469181060791,0.26845088601112366,0.7376524806022644,0.2847113311290741,0.6656609177589417,0.29416078329086304,0.6165395975112915,0.3073447346687317,0.5739452242851257,0.26131030917167664,0.621087372303009,0.26945263147354126,0.5635030269622803,0.2878393232822418,0.5344704985618591,0.3083168864250183,0.5137399435043335,0.24780689179897308,0.6266241073608398,0.2539011538028717,0.5621330142021179,0.273640900850296,0.529761016368866,0.29563504457473755,0.5081557631492615,0.23441271483898163,0.644706130027771,0.2320207804441452,0.5828700065612793,0.24437880516052246,0.5522843599319458,0.26170751452445984,0.5315738320350647,0.22241225838661194,0.6707571148872375,0.215860977768898,0.6215464472770691,0.22356382012367249,0.5916627049446106,0.23603016138076782,0.5695333480834961
A,0.2242218255996704,0.7902256846427917,0.2678372263908386,0.7337422370910645,0.2803306579589844,0.6678475141525269,0.2890792489051819,0.6226763725280762,0.30106279253959656,0.5832769870758057,0.259379506111145,0.6312897205352783,0.2790185213088989,0.5784368515014648,0.3037734627723694,0.5556886792182922,0.32734617590904236,0.5416613817214966,0.2486204206943512,0.6318856477737427,0.26685672998428345,0.5709720253944397,0.29772108793258667,0.5471444725990295,0.32701271772384644,0.535158634185791,0.236824631690979,0.6444555521011353,0.23854252696037292,0.578198254108429,0.2566966414451599,0.5510931015014648,0.2770727872848511,0.534031331539154,0.22656913101673126,0.6641007661819458,0.22211197018623352,0.6063396334648132,0.2309521585702896,0.5707970261573792,0.24445214867591858,0.5441553592681885
A,0.22726017236709595,0.7872937321662903,0.27048367261886597,0.7367367744445801,0.2836148142814636,0.6740917563438416,0.28830838203430176,0.6307491064071655,0.300465852022171,0.597191333770752,0.2703072130680084,0.6386489868164062,0.29518646001815796,0.5872732996940613,0.32107996940612793,0.56289142370224,0.34551793336868286,0.5465882420539856,0.2624474763870239,0.6358368992805481,0.2959957718849182,0.5855361819267273,0.3297804892063141,0.5674712061882019,0.3601031005382538,0.5565410852432251,0.25098681449890137,0.6395493745803833,0.2769649624824524,0.5822041034698486,0.31113433837890625,0.5602371096611023,0.3414860665798187,0.5453441143035889,0.2369517683982849,0.6479971408843994,0.23882757127285004,0.5908594131469727,0.2520761489868164,0.5567794442176819,0.26864543557167053,0.5308206677436829
A,0.22875835001468658,0.7792777419090271,0.2690834403038025,0.7388007044792175,0.2878289818763733,0.6728237867355347,0.2959793508052826,0.6292035579681396,0.3108446002006531,0.5990555286407471,0.27986666560173035,0.6338831186294556,0.3039344549179077,0.5850815176963806,0.32942676544189453,0.5525728464126587,0.3515664339065552,0.5271719694137573,0.2711966931819916,0.6328254342079163,0.3020763695240021,0.5805214643478394,0.33144259452819824,0.5481013059616089,0.35724836587905884,0.5193727612495422,0.2604621350765228,0.6397192478179932,0.2871716022491455,0.5843984484672546,0.31538933515548706,0.5523361563682556,0.34065601229667664,0.524337649345398,0.24838554859161377,0.6531943678855896,0.2588579058647156,0.6087702512741089,0.2711499333381653,0.579548716545105,0.2837260365486145,0.5545045137405396
A,0.23877577483654022,0.77439284324646,0.2841341495513916,0.7296047806739807,0.3034363090991974,0.6681022644042969,0.3171582520008087,0.6249832510948181,0.334494948387146,0.589571475982666,0.2882773280143738,0.6311479806900024,0.3081195652484894,0.5701421499252319,0.3265131115913391,0.5312716364860535,0.34437382221221924,0.5016213655471802,0.27802419662475586,0.6356015205383301,0.29963916540145874,0.5693405866622925,0.3229791820049286,0.5268872976303101,0.343657523393631,0.49379992485046387,0.2678329646587372,0.6541569828987122,0.2765061855316162,0.5858562588691711,0.2872663736343384,0.5426943898200989,0.29780080914497375,0.5078752040863037,0.2603272795677185,0.6824286580085754,0.26770299673080444,0.6441725492477417,0.27607956528663635,0.6137986183166504,0.2839890718460083,0.5873225927352905
A,0.24777847528457642,0.7772972583770752,0.2897038757801056,0.734128475189209,0.30892279744148254,0.6715684533119202,0.3253893554210663,0.6286820769309998,0.34291592240333557,0.5902849435806274,0.28079724311828613,0.6212739944458008,0.2984493374824524,0.5515764951705933,0.316504567861557,0.504289984703064,0.3326815068721771,0.46696463227272034,0.2699279487133026,0.6269612312316895,0.2656310796737671,0.5435042977333069,0.27087098360061646,0.4836266040802002,0.277492880821228,0.43247759342193604,0.264038622379303,0.649233877658844,0.2616381347179413,0.574230432510376,0.26397964358329773,0.5229748487472534,0.2674829363822937,0.47838544845581055,0.26545506715774536,0.6830720901489258,0.26819974184036255,0.6479215621948242,0.27403879165649414,0.6169050335884094,0.2805958390235901,0.5866758227348328
A,0.2495034635066986,0.778494119644165,0.2926461100578308,0.7335408329963684,0.3123438358306885,0.6700940728187561,0.3289199471473694,0.6296632289886475,0.3463955819606781,0.5907061100006104,0.28017568588256836,0.6086480021476746,0.28605544567108154,0.5384644269943237,0.3051419258117676,0.49667686223983765,0.325630784034729,0.46678614616394043,0.2655320465564728,0.6186875700950623,0.24716700613498688,0.5343022346496582,0.25561589002609253,0.4794079065322876,0.26906952261924744,0.4358943998813629,0.2572013735771179,0.645455539226532,0.24376553297042847,0.5674477815628052,0.251464307308197,0.5154805183410645,0.26289480924606323,0.47338956594467163,0.2581040561199188,0.6830241680145264,0.2567821443080902,0.6409487128257751,0.2656344473361969,0.6058856248855591,0.27679356932640076,0.5728248357772827
A,0.2270224243402481,0.7790198922157288,0.2674964964389801,0.7184946537017822,0.279233455657959,0.6451429128646851,0.2900264263153076,0.5954068899154663,0.3090799152851105,0.5610670447349548,0.24315030872821808,0.6039968132972717,0.2589721977710724,0.5398082733154297,0.29296594858169556,0.526574969291687,0.3223181366920471,0.5247664451599121,0.2318071722984314,0.6122588515281677,0.2504301369190216,0.5395244359970093,0.29190540313720703,0.5284864902496338,0.3239239454269409,0.5305736064910889,0.22285446524620056,0.6314471960067749,0.23634976148605347,0.5589845180511475,0.2750260531902313,0.5463184118270874,0.305694043636322,0.5471211075782776,0.21541455388069153,0.6582062840461731,0.21914517879486084,0.6053397059440613,0.23984037339687347,0.5756956934928894,0.2608364224433899,0.5571630001068115
A,0.22399504482746124,0.7768152356147766,0.269574373960495,0.7207606434822083,0.28194671869277954,0.650505542755127,0.2924284338951111,0.6034652590751648,0.30963170528411865,0.5653399229049683,0.24546416103839874,0.6044297814369202,0.27112239599227905,0.5488113164901733,0.3047545552253723,0.5310677886009216,0.33381059765815735,0.5244345664978027,0.23376117646694183,0.6099904775619507,0.2621126174926758,0.5417855978012085,0.3020809292793274,0.5257298946380615,0.3347870707511902,0.5225935578346252,0.22543376684188843,0.6251946091651917,0.25077173113822937,0.5590273141860962,0.28869199752807617,0.5384492874145508,0.320157915353775,0.5301215648651123,0.2204940915107727,0.6467194557189941,0.23205870389938354,0.5954797267913818,0.2519210875034332,0.5657159090042114,0.2717720568180084,0.5448651313781738
A,0.22338418662548065,0.7855985164642334,0.26650533080101013,0.7303339838981628,0.28507086634635925,0.6625359058380127,0.303299218416214,0.618720293045044,0.32589805126190186,0.5845522284507751,0.25619855523109436,0.6219509840011597,0.2784106135368347,0.5652986168861389,0.30131933093070984,0.5332102179527283,0.32472410798072815,0.510459303855896,0.24050025641918182,0.6290295124053955,0.23499171435832977,0.5522840619087219,0.24827700853347778,0.5086374282836914,0.2640311121940613,0.4757082462310791,0.23068232834339142,0.651773989200592,0.22431007027626038,0.5816556215286255,0.23295244574546814,0.5451042652130127,0.2426186203956604,0.5173395276069641,0.22979332506656647,0.6820109486579895,0.23448772728443146,0.6364299058914185,0.24626605212688446,0.6069572567939758,0.25899428129196167,0.5796982049942017
A,0.22966426610946655,0.7713135480880737,0.2735292911529541,0.7297369837760925,0.3000909090042114,0.6721554398536682,0.3255475163459778,0.6354042291641235,0.349346399307251,0.6016852259635925,0.2647302448749542,0.603236734867096,0.2889435589313507,0.5400049686431885,0.30808335542678833,0.4986634850502014,0.32650765776634216,0.4664745628833771,0.24538463354110718,0.6096773147583008,0.22983132302761078,0.5282740592956543,0.23583172261714935,0.4739445149898529,0.2458672970533371,0.431107759475708,0.23297426104545593,0.6375817060470581,0.2196422815322876,0.5651536583900452,0.2239452451467514,0.5166518688201904,0.23060041666030884,0.47560352087020874,0.2312295138835907,0.6776303648948669,0.2305830717086792,0.642252504825592,0.2361133098602295,0.6080341339111328,0.24239619076251984,0.5725131630897522
A,0.2359836846590042,0.7787944078445435,0.2796221971511841,0.7365158200263977,0.3080102801322937,0.6808452010154724,0.33798933029174805,0.6438690423965454,0.36402300000190735,0.610175371170044,0.2679467499256134,0.6037637591362,0.28022104501724243,0.5333530306816101,0.29354584217071533,0.488925039768219,0.30771705508232117,0.45494309067726135,0.2492719441652298,0.6098411679267883,0.22554174065589905,0.5237265825271606,0.22378437221050262,0.468056321144104,0.2269444465637207,0.42456358671188354,0.23663634061813354,0.6379462480545044,0.21895569562911987,0.5568070411682129,0.21789692342281342,0.5075188875198364,0.22026553750038147,0.46578025817871094,0.23338407278060913,0.6791513562202454,0.22685419023036957,0.638378381729126,0.2287449836730957,0.6033329367637634,0.23205843567848206,0.5673667192459106
A,0.23666012287139893,0.7886117100715637,0.27895715832710266,0.741807222366333,0.30763939023017883,0.6815533638000488,0.3362593650817871,0.6449412107467651,0.364022821187973,0.6135245561599731,0.26361536979675293,0.6035038232803345,0.2623085677623749,0.5327340960502625,0.2743538022041321,0.4888269901275635,0.2898409366607666,0.45492106676101685,0.2454758733510971,0.6125226616859436,0.2123412787914276,0.5312259793281555,0.20823568105697632,0.4760235548019409,0.21108141541481018,0.43207207322120667,0.2348182499408722,0.6404567956924438,0.21118654310703278,0.5588721632957458,0.20819252729415894,0.5087802410125732,0.21050144731998444,0.46695542335510254,0.23417840898036957,0.6800668239593506,0.22671906650066376,0.636205792427063,0.2296743094921112,0.601399838924408,0.23462215065956116,0.5667562484741211
A,0.22848756611347198,0.7923544645309448,0.2571255564689636,0.7162988781929016,0.2734786868095398,0.6519568562507629,0.29971784353256226,0.6097502708435059,0.3156488537788391,0.5753358602523804,0.20920076966285706,0.6019270420074463,0.18347258865833282,0.523078203201294,0.18057683110237122,0.47700613737106323,0.18411792814731598,0.44170495867729187,0.19627636671066284,0.6169737577438354,0.16395097970962524,0.5288585424423218,0.16203811764717102,0.4743754267692566,0.17094022035598755,0.4418148994445801,0.19596411287784576,0.6425340175628662,0.21042205393314362,0.5727084875106812,0.24034197628498077,0.5318204760551453,0.2662026286125183,0.5092159509658813,0.21104100346565247,0.6740871667861938,0.25910240411758423,0.6401527523994446,0.2985748052597046,0.6325822472572327,0.3278316557407379,0.630944013595581
A,0.22596077620983124,0.7862212061882019,0.2569892108440399,0.711516797542572,0.27249762415885925,0.6458478569984436,0.29317834973335266,0.6045456528663635,0.3108033835887909,0.5666475296020508,0.20314140617847443,0.5952638983726501,0.17464715242385864,0.5234429240226746,0.1774042397737503,0.47786396741867065,0.18826046586036682,0.4434478282928467,0.18843024969100952,0.6108831763267517,0.15371692180633545,0.5286496877670288,0.16353833675384521,0.47819530963897705,0.18438614904880524,0.44394105672836304,0.18924608826637268,0.6396472454071045,0.2158086597919464,0.5711769461631775,0.2522389590740204,0.539837121963501,0.2822161316871643,0.5219589471817017,0.20631715655326843,0.6727095246315002,0.2574937045574188,0.643142819404602,0.2930421531200409,0.6371881365776062,0.3199402987957001,0.6359856128692627
A,0.2195950299501419,0.7828720211982727,0.2510620653629303,0.7042334675788879,0.26268577575683594,0.6374269127845764,0.2811148762702942,0.5932922959327698,0.3034016489982605,0.5547263622283936,0.19158649444580078,0.6001536846160889,0.16041648387908936,0.5274694561958313,0.17246511578559875,0.4815959930419922,0.1927947849035263,0.44786834716796875,0.18256008625030518,0.6178927421569824,0.14856815338134766,0.5333216190338135,0.1642642468214035,0.48437607288360596,0.18922916054725647,0.4513859748840332,0.1898994743824005,0.6439140439033508,0.2265850305557251,0.569654107093811,0.2669621706008911,0.5521360635757446,0.2970496714115143,0.544208824634552,0.21218150854110718,0.6716826558113098,0.2630241811275482,0.640758216381073,0.2915835380554199,0.6455675363540649,0.31050345301628113,0.6507375240325928
A,0.2172246277332306,0.7800637483596802,0.22566862404346466,0.7021147608757019,0.23162995278835297,0.6368620991706848,0.2476179301738739,0.5956482887268066,0.26243239641189575,0.5648995041847229,0.1828031837940216,0.6129010915756226,0.14356452226638794,0.5407723188400269,0.14862659573554993,0.49888157844543457,0.16282638907432556,0.4670369029045105,0.18155255913734436,0.6270297765731812,0.17068225145339966,0.5358045697212219,0.1929723620414734,0.48911839723587036,0.2198418229818344,0.4611348509788513,0.1942875236272812,0.6480807065963745,0.24291031062602997,0.5854142308235168,0.2776965796947479,0.5680873990058899,0.3016508221626282,0.557413637638092,0.2176923304796219,0.6729828119277954,0.2670057415962219,0.6498814225196838,0.2803705632686615,0.6602420806884766,0.2845325171947479,0.66822749376297
A,0.21374735236167908,0.7810275554656982,0.21453404426574707,0.710005521774292,0.22296138107776642,0.6348679661750793,0.24483905732631683,0.5852487087249756,0.2625475823879242,0.5491160750389099,0.17435792088508606,0.6135595440864563,0.13801054656505585,0.5455381870269775,0.14161136746406555,0.49653708934783936,0.15507562458515167,0.4616753160953522,0.1821807324886322,0.6301043629646301,0.21655960381031036,0.5500381588935852,0.25042468309402466,0.5151097178459167,0.27670910954475403,0.494741290807724,0.1998244673013687,0.6543660759925842,0.26932889223098755,0.6077070236206055,0.276334285736084,0.6347103714942932,0.2642975151538849,0.6555904746055603,0.2252473384141922,0.6791865229606628,0.2806558907032013,0.6489274501800537,0.28036239743232727,0.6693220734596252,0.2632949948310852,0.6831054091453552
A,0.20685020089149475,0.7822821736335754,0.19714832305908203,0.712160050868988,0.20460596680641174,0.6345744729042053,0.2205778956413269,0.57658851146698,0.2361428290605545,0.5350728034973145,0.17391334474086761,0.6208382248878479,0.15158748626708984,0.5503742694854736,0.15542611479759216,0.49835169315338135,0.16710318624973297,0.4621845483779907,0.19064903259277344,0.6375730633735657,0.2414359450340271,0.5583649277687073,0.27628403902053833,0.5340486764907837,0.2993225157260895,0.5297976136207581,0.21409161388874054,0.6600092649459839,0.2773323953151703,0.602234959602356,0.2771713435649872,0.6251020431518555,0.26220476627349854,0.6483778953552246,0.24081477522850037,0.6836263537406921,0.28664833307266235,0.6454901695251465,0.27966195344924927,0.6653765439987183,0.2621822953224182,0.6830360889434814
A,0.20461779832839966,0.7820449471473694,0.18609756231307983,0.7163606286048889,0.19007880985736847,0.6573538780212402,0.21378684043884277,0.6214407086372375,0.24255545437335968,0.6047536134719849,0.17928963899612427,0.6271325349807739,0.18766078352928162,0.5499894618988037,0.20068636536598206,0.5061373114585876,0.21403691172599792,0.4754682183265686,0.20118948817253113,0.6417813301086426,0.25211775302886963,0.5684554576873779,0.2733934819698334,0.5630602836608887,0.2814236581325531,0.5684470534324646,0.22726821899414062,0.6606467366218567,0.2750619351863861,0.6075385808944702,0.27292460203170776,0.6287243962287903,0.26139798760414124,0.6502740383148193,0.25322815775871277,0.6808766722679138,0.2825034260749817,0.6476812362670898,0.27577346563339233,0.6658203601837158,0.26363977789878845,0.682313084602356
A,0.2030164897441864,0.7716914415359497,0.18437516689300537,0.7093839645385742,0.19203448295593262,0.6384332180023193,0.2210812121629715,0.5948808193206787,0.2504982352256775,0.5735714435577393,0.17582663893699646,0.6184180378913879,0.19851726293563843,0.5424720048904419,0.22061266005039215,0.5044442415237427,0.24043487012386322,0.4761369228363037,0.2006629854440689,0.6397201418876648,0.2605772316455841,0.5652536153793335,0.2625409960746765,0.5922626256942749,0.24749059975147247,0.6188788414001465,0.22885069251060486,0.6629405617713928,0.27527183294296265,0.602424681186676,0.27036184072494507,0.6281570792198181,0.2552274465560913,0.6483384370803833,0.25521227717399597,0.6864629983901978,0.28240764141082764,0.6377325654029846,0.27683520317077637,0.6612405776977539,0.26537981629371643,0.6806098222732544
A,0.19651174545288086,0.7721384167671204,0.17749345302581787,0.7070925831794739,0.17468680441379547,0.6268802881240845,0.17854076623916626,0.5636047720909119,0.17404845356941223,0.5163202285766602,0.18998879194259644,0.6085062026977539,0.2526320219039917,0.5495561957359314,0.24572345614433289,0.5713502168655396,0.22834692895412445,0.5942068696022034,0.21370697021484375,0.6365649104118347,0.2738332152366638,0.5671831369400024,0.2633850872516632,0.5875610709190369,0.24583078920841217,0.6088652014732361,0.2369564175605774,0.6654602885246277,0.28752145171165466,0.5997855067253113,0.2761085629463196,0.6201388239860535,0.25914710760116577,0.6399738192558289,0.25795432925224304,0.6949262022972107,0.2940126061439514,0.6367008090019226,0.28335627913475037,0.6538061499595642,0.2672255337238312,0.6748233437538147
A,0.19946640729904175,0.7710548043251038,0.1820954829454422,0.7054852247238159,0.18405689299106598,0.6240997314453125,0.19134573638439178,0.5632776618003845,0.19151297211647034,0.5166212916374207,0.18837392330169678,0.6082181334495544,0.2503882944583893,0.5487605333328247,0.2500203847885132,0.5669095516204834,0.23684577643871307,0.5879413485527039,0.20994913578033447,0.6349777579307556,0.27357161045074463,0.5614930391311646,0.2690929174423218,0.5792092084884644,0.2533109188079834,0.6012413501739502,0.23305554687976837,0.6631360054016113,0.2870776057243347,0.5978879928588867,0.28108909726142883,0.6149024963378906,0.26691505312919617,0.6318827271461487,0.25508418679237366,0.6927791833877563,0.29573437571525574,0.6342743635177612,0.2896139621734619,0.6479424238204956,0.2765228748321533,0.6660112142562866
A,0.20315992832183838,0.7691328525543213,0.18664582073688507,0.7036256790161133,0.19574634730815887,0.6254278421401978,0.2156103551387787,0.5650511384010315,0.21993853151798248,0.5200626254081726,0.188194140791893,0.6109058260917664,0.24708877503871918,0.5441470742225647,0.25523611903190613,0.5556639432907104,0.24677911400794983,0.5736297965049744,0.20871080458164215,0.6375760436058044,0.2675723433494568,0.5614016652107239,0.2713991105556488,0.5696159601211548,0.2608777582645416,0.5853149890899658,0.231126070022583,0.6658993363380432,0.28382569551467896,0.5941764712333679,0.28432562947273254,0.601962149143219,0.27313369512557983,0.613344132900238,0.25240567326545715,0.6954131722450256,0.29179084300994873,0.6316081285476685,0.2919996976852417,0.6352921724319458,0.2833532989025116,0.6464451551437378
A,0.20077112317085266,0.7727996110916138,0.1880216747522354,0.7095862627029419,0.19438153505325317,0.6455429792404175,0.21774661540985107,0.6056707501411438,0.24241980910301208,0.5841289758682251,0.19034239649772644,0.6110239624977112,0.24519214034080505,0.5373231172561646,0.2595469057559967,0.5502431392669678,0.25319942831993103,0.5730673670768738,0.21135005354881287,0.6343485116958618,0.2652323544025421,0.5515512228012085,0.27735352516174316,0.5652692317962646,0.2685350179672241,0.5901265740394592,0.23460392653942108,0.6618829965591431,0.28007060289382935,0.5811631083488464,0.2910669147968292,0.591873824596405,0.28359121084213257,0.612883448600769,0.25657808780670166,0.692657470703125,0.29193049669265747,0.6223999261856079,0.30497217178344727,0.613044261932373,0.3043886125087738,0.6151408553123474
A,0.2053736001253128,0.7650721073150635,0.19122439622879028,0.6970846056938171,0.1970270425081253,0.6398950815200806,0.21816474199295044,0.6067996025085449,0.24246299266815186,0.590535044670105,0.19466687738895416,0.6085481643676758,0.23430968821048737,0.5305687189102173,0.2595570981502533,0.5266085863113403,0.2660329341888428,0.5446722507476807,0.21750199794769287,0.6268805265426636,0.2559199035167694,0.542061448097229,0.2814408540725708,0.5346193909645081,0.28755784034729004,0.5528087019920349,0.24247218668460846,0.6517495512962341,0.2760058641433716,0.5743324756622314,0.2966010868549347,0.5687124729156494,0.2999442517757416,0.5830835700035095,0.26837825775146484,0.6790407299995422,0.2989012897014618,0.6206640601158142,0.31601205468177795,0.6022947430610657,0.32160302996635437,0.5974116325378418
A,0.20433512330055237,0.7665538191795349,0.19233302772045135,0.6967414617538452,0.20055466890335083,0.6407853960990906,0.22230997681617737,0.607471227645874,0.24572229385375977,0.5907215476036072,0.1979479193687439,0.6098642349243164,0.2301441878080368,0.5280054211616516,0.25681304931640625,0.513431966304779,0.27046844363212585,0.5200628042221069,0.2199743241071701,0.6275563836097717,0.25090867280960083,0.5405641794204712,0.27649161219596863,0.5202113389968872,0.2898121774196625,0.5227264761924744,0.24477674067020416,0.6517435312271118,0.2730681300163269,0.5773992538452148,0.2938744127750397,0.5598410367965698,0.3043336272239685,0.5591339468955994,0.27213630080223083,0.6788713335990906,0.30255836248397827,0.6253437399864197,0.32147490978240967,0.5977935194969177,0.33405569195747375,0.579181969165802
A,0.20480243861675262,0.7647878527641296,0.19432657957077026,0.6933591961860657,0.20408515632152557,0.636147141456604,0.2273404449224472,0.6050673723220825,0.25091278553009033,0.5927447080612183,0.19885186851024628,0.6084010601043701,0.22457082569599152,0.5233669877052307,0.2512902021408081,0.4986332356929779,0.2718653976917267,0.49395352602005005,0.2206525206565857,0.6262957453727722,0.2453116774559021,0.540084719657898,0.2734493017196655,0.5093156099319458,0.2938573360443115,0.5015782117843628,0.2462235540151596,0.6507325768470764,0.2711825966835022,0.5742806196212769,0.2941746711730957,0.545110821723938,0.3095189929008484,0.532759428024292,0.2752440571784973,0.6783504486083984,0.3080180585384369,0.6231148838996887,0.32876038551330566,0.5918778777122498,0.34521305561065674,0.5688053965568542
A,0.20676442980766296,0.7661776542663574,0.19505445659160614,0.6927737593650818,0.20625531673431396,0.6333605647087097,0.23090285062789917,0.602222740650177,0.25653326511383057,0.5884416103363037,0.20170122385025024,0.6101082563400269,0.21653921902179718,0.5236148238182068,0.23979675769805908,0.4921092391014099,0.2619779109954834,0.4782848358154297,0.2250087857246399,0.6236677169799805,0.2439163327217102,0.536710262298584,0.2699015140533447,0.4963747560977936,0.29246020317077637,0.4767965078353882,0.25132548809051514,0.6441638469696045,0.2763361930847168,0.5703190565109253,0.29883256554603577,0.5366603136062622,0.31586819887161255,0.5175706148147583,0.27975112199783325,0.668287456035614,0.31300681829452515,0.6179976463317871,0.3340466618537903,0.586141049861908,0.35144394636154175,0.5614861249923706
A,0.20791710913181305,0.7640597224235535,0.19830824434757233,0.6902943849563599,0.210274338722229,0.6266294121742249,0.235630065202713,0.592808723449707,0.26075389981269836,0.5756538510322571,0.2036164402961731,0.6069720387458801,0.21070963144302368,0.5195847153663635,0.22967389225959778,0.4811784029006958,0.25022849440574646,0.45779865980148315,0.22757212817668915,0.6193926334381104,0.24235238134860992,0.5323458313941956,0.26524224877357483,0.4871220588684082,0.2874128818511963,0.46069490909576416,0.25446948409080505,0.6397785544395447,0.278799444437027,0.5658367276191711,0.300217866897583,0.526703417301178,0.3176160454750061,0.5005443096160889,0.28244316577911377,0.6641186475753784,0.311490535736084,0.6156623363494873,0.3302794396877289,0.5830378532409668,0.34648680686950684,0.5554505586624146
A,0.20746253430843353,0.7670146226882935,0.1923844963312149,0.6963439583778381,0.20985455811023712,0.639461100101471,0.24568098783493042,0.6202515363693237,0.2735089063644409,0.6147378087043762,0.19150426983833313,0.6130443811416626,0.19809216260910034,0.5272411108016968,0.21039888262748718,0.4767909646034241,0.2235049158334732,0.4383499026298523,0.21878069639205933,0.6349626183509827,0.24717983603477478,0.5447806119918823,0.27180910110473633,0.49411341547966003,0.291366308927536,0.46167415380477905,0.24660073220729828,0.6567298173904419,0.2853885591030121,0.5859788060188293,0.30756786465644836,0.5505552291870117,0.3241007924079895,0.5286637544631958,0.2721708118915558,0.6762869358062744,0.2773706912994385,0.6318029761314392,0.2613438069820404,0.6378841400146484,0.25093069672584534,0.6513563394546509
A,0.2067602276802063,0.7670689821243286,0.19051620364189148,0.6975807547569275,0.20888394117355347,0.634223997592926,0.24520312249660492,0.599077582359314,0.2757349908351898,0.5807849764823914,0.1865168958902359,0.6180824637413025,0.20261353254318237,0.5294529795646667,0.21982717514038086,0.48093557357788086,0.23506520688533783,0.44583797454833984,0.2170638144016266,0.6360865235328674,0.25966960191726685,0.5503412485122681,0.28862401843070984,0.504266083240509,0.3079219460487366,0.4743271470069885,0.24601387977600098,0.6552656292915344,0.28003236651420593,0.5846148133277893,0.2898044288158417,0.5691080093383789,0.29148051142692566,0.5670914053916931,0.2707422375679016,0.6712499856948853,0.2749244272708893,0.633499026298523,0.2603074610233307,0.6389955878257751,0.24867630004882812,0.6505179405212402
A,0.20609717071056366,0.7723473906517029,0.1891382336616516,0.7075347304344177,0.2029503881931305,0.6467952132225037,0.23637011647224426,0.6197489500045776,0.265043169260025,0.6120092272758484,0.18692056834697723,0.6164883375167847,0.21378439664840698,0.5344986319541931,0.23496636748313904,0.4939289093017578,0.2545604407787323,0.4649466276168823,0.21588842570781708,0.6361789107322693,0.2604480981826782,0.5718203783035278,0.288644403219223,0.5394899249076843,0.3090653419494629,0.5152362585067749,0.24444925785064697,0.6585971713066101,0.2790066599845886,0.6047449707984924,0.2666034996509552,0.6220346093177795,0.2502928674221039,0.6423714756965637,0.2689339220523834,0.67853844165802,0.28184038400650024,0.6436069011688232,0.27051472663879395,0.6557512879371643,0.2602168321609497,0.6700655817985535
A,0.20672361552715302,0.7712990641593933,0.19329698383808136,0.7034435868263245,0.21212264895439148,0.631160318851471,0.2491147816181183,0.5790313482284546,0.2781635522842407,0.5424941778182983,0.18524523079395294,0.6141866445541382,0.2267749309539795,0.5375873446464539,0.2562151253223419,0.5045794248580933,0.27911972999572754,0.48238682746887207,0.21091891825199127,0.6373153328895569,0.2643861472606659,0.5716806650161743,0.269633412361145,0.5889750719070435,0.2602694630622864,0.6079604029655457,0.23940041661262512,0.660605251789093,0.28022047877311707,0.6032593250274658,0.2747921943664551,0.6261467337608337,0.26035943627357483,0.6456261873245239,0.2653105556964874,0.6823086142539978,0.28441160917282104,0.6411905288696289,0.2779962420463562,0.6607645153999329,0.2681986093521118,0.6772950291633606
A,0.20920421183109283,0.7712133526802063,0.19405248761177063,0.7049478888511658,0.20694804191589355,0.6303704380989075,0.23911717534065247,0.5756393671035767,0.26758822798728943,0.5398783087730408,0.18368011713027954,0.611192524433136,0.23521682620048523,0.5465933084487915,0.26213952898979187,0.530237078666687,0.2786461114883423,0.5199829936027527,0.2073998600244522,0.6350170373916626,0.26522332429885864,0.5685005187988281,0.2671358287334442,0.5927364826202393,0.25293779373168945,0.615950345993042,0.23421399295330048,0.6600375175476074,0.2811819612979889,0.6019286513328552,0.277694433927536,0.6267987489700317,0.26354077458381653,0.6466502547264099,0.25981345772743225,0.6849286556243896,0.28714731335639954,0.6416040062904358,0.28259021043777466,0.6623998284339905,0.27268078923225403,0.6793287396430969
A,0.21138280630111694,0.7654644846916199,0.19648343324661255,0.6981685757637024,0.2127474993467331,0.6197621822357178,0.24637195467948914,0.5595793724060059,0.2750759720802307,0.5263769030570984,0.18485748767852783,0.6092216372489929,0.246809720993042,0.5432032346725464,0.2595081627368927,0.5574237704277039,0.25581255555152893,0.5729385614395142,0.20714381337165833,0.6370662450790405,0.2687954008579254,0.5680949091911316,0.26958364248275757,0.593181848526001,0.2535453140735626,0.6176469922065735,0.23223507404327393,0.6639623045921326,0.28255143761634827,0.597996175289154,0.2799191176891327,0.6236669421195984,0.2658761143684387,0.6456224918365479,0.25708699226379395,0.6889762282371521,0.28952300548553467,0.6352244019508362,0.28575339913368225,0.6568030714988708,0.2748531401157379,0.6761763691902161
A,0.2132524698972702,0.7692407369613647,0.1972128003835678,0.7046751976013184,0.21001651883125305,0.6303247809410095,0.2414010465145111,0.570088267326355,0.26190146803855896,0.5288307070732117,0.18591737747192383,0.6138951182365417,0.238564595580101,0.5546504259109497,0.2600858211517334,0.5453065633773804,0.2693297266960144,0.5424339771270752,0.20830754935741425,0.639889657497406,0.2601321041584015,0.5663765668869019,0.2781151831150055,0.5525379776954651,0.2827199399471283,0.5502265095710754,0.2333797812461853,0.6660361289978027,0.28127405047416687,0.5925618410110474,0.284503698348999,0.5971046090126038,0.27528488636016846,0.6095465421676636,0.2590216398239136,0.6902021765708923,0.29169875383377075,0.6281595826148987,0.29068222641944885,0.63117516040802,0.281833291053772,0.6412478685379028
A,0.2115287184715271,0.7662404179573059,0.1975385844707489,0.7026140093803406,0.20751622319221497,0.6285068392753601,0.23041652143001556,0.568876326084137,0.24332554638385773,0.5242483019828796,0.18768563866615295,0.614651083946228,0.2420540153980255,0.5522383451461792,0.27184370160102844,0.5398414134979248,0.2886035442352295,0.546921968460083,0.20818418264389038,0.6386104226112366,0.26076391339302063,0.5573655366897583,0.2841166853904724,0.5469751358032227,0.292093425989151,0.5572630763053894,0.23298843204975128,0.6645187735557556,0.27916425466537476,0.5859181880950928,0.2921678125858307,0.583426833152771,0.28988492488861084,0.5963347554206848,0.2588050067424774,0.6907628774642944,0.29421430826187134,0.6218692064285278,0.30074816942214966,0.6116107702255249,0.2971409261226654,0.6148495078086853
A,0.2042182832956314,0.7608990669250488,0.19553865492343903,0.6953780651092529,0.203044593334198,0.64114910364151,0.2273489534854889,0.6113472580909729,0.2495826631784439,0.6045771837234497,0.19772841036319733,0.6131344437599182,0.229273721575737,0.5343690514564514,0.2583043873310089,0.5023929476737976,0.2813528776168823,0.48704642057418823,0.21980297565460205,0.630635142326355,0.24034835398197174,0.540450394153595,0.26889801025390625,0.500639796257019,0.29175111651420593,0.48082244396209717,0.24549059569835663,0.6557539105415344,0.26516273617744446,0.5787546634674072,0.28957512974739075,0.5474379658699036,0.3069485127925873,0.5299077033996582,0.27500689029693604,0.68619704246521,0.30845558643341064,0.6324751973152161,0.33074867725372314,0.6043351888656616,0.34772753715515137,0.5822149515151978
A,0.2109522819519043,0.7658693790435791,0.199284628033638,0.696064829826355,0.20966856181621552,0.6351550817489624,0.23241755366325378,0.6013397574424744,0.2547316253185272,0.5842248201370239,0.20507889986038208,0.611796498298645,0.2144635170698166,0.5257073640823364,0.23259872198104858,0.4856581687927246,0.2514205873012543,0.45941802859306335,0.22697988152503967,0.6267118453979492,0.24051600694656372,0.5409450531005859,0.2633715271949768,0.4956636130809784,0.28496935963630676,0.47026991844177246,0.2528924345970154,0.6507734060287476,0.2733914852142334,0.581384003162384,0.29397907853126526,0.5454208254814148,0.3106542229652405,0.5243325233459473,0.28106334805488586,0.6785809993743896,0.3149745464324951,0.6359315514564514,0.33731940388679504,0.6069112420082092,0.35619837045669556,0.5831877589225769
A,0.21091963350772858,0.7729845643043518,0.19911262392997742,0.6974712014198303,0.2090730518102646,0.6337190270423889,0.23070424795150757,0.6004040241241455,0.25092583894729614,0.5830563902854919,0.20343969762325287,0.6087782382965088,0.2029179483652115,0.5261484384536743,0.21515187621116638,0.4824593663215637,0.23032289743423462,0.45131415128707886,0.22629791498184204,0.6240395307540894,0.23728400468826294,0.5397095084190369,0.25935888290405273,0.4945300817489624,0.28052958846092224,0.46912428736686707,0.25341543555259705,0.6483755111694336,0.275150328874588,0.5783542394638062,0.296703577041626,0.5399774312973022,0.31412795186042786,0.5155378580093384,0.28293877840042114,0.6768988370895386,0.3188636302947998,0.633798360824585,0.34238290786743164,0.6053535342216492,0.3618341088294983,0.5815310478210449
A,0.21091221272945404,0.7782818078994751,0.198581725358963,0.7003051042556763,0.2093808352947235,0.6384641528129578,0.23340879380702972,0.6063201427459717,0.25585654377937317,0.5904368162155151,0.20139044523239136,0.6150549054145813,0.19519565999507904,0.5322349071502686,0.20460620522499084,0.48532161116600037,0.21856430172920227,0.45044758915901184,0.22605833411216736,0.6300723552703857,0.23758921027183533,0.544284462928772,0.2592879831790924,0.4957631528377533,0.2802063822746277,0.46669965982437134,0.25449320673942566,0.6522614359855652,0.280865877866745,0.5790820717811584,0.3035394251346588,0.5394181609153748,0.32189497351646423,0.5137975215911865,0.2839406132698059,0.6774306297302246,0.3183864653110504,0.6307177543640137,0.33972808718681335,0.601772129535675,0.3575638234615326,0.5775759816169739
A,0.21138381958007812,0.7781933546066284,0.19816550612449646,0.7019618153572083,0.20794661343097687,0.641502320766449,0.2298506498336792,0.6098902821540833,0.2507311999797821,0.5951912999153137,0.2019340991973877,0.6174176931381226,0.18704107403755188,0.5383592247962952,0.19381093978881836,0.4917576313018799,0.20677721500396729,0.457478404045105,0.22938784956932068,0.6303699016571045,0.24525484442710876,0.5431830883026123,0.26753589510917664,0.49494242668151855,0.2881033718585968,0.46595126390457153,0.25710979104042053,0.6512413620948792,0.2892950773239136,0.5793115496635437,0.31345728039741516,0.5443962812423706,0.33101171255111694,0.5223973393440247,0.2821500599384308,0.6768227815628052,0.3105856478214264,0.6335903406143188,0.32780763506889343,0.6106964945793152,0.34088563919067383,0.5921849012374878
A,0.21098031103610992,0.7765586972236633,0.1969836950302124,0.7000666856765747,0.20593932271003723,0.6393918991088867,0.2263886034488678,0.6022365093231201,0.24769975244998932,0.5806505680084229,0.19761922955513,0.6206358075141907,0.18494975566864014,0.5428866744041443,0.19207851588726044,0.4956093430519104,0.20354951918125153,0.45859915018081665,0.22637638449668884,0.6345632672309875,0.2551249861717224,0.551321804523468,0.2834493815898895,0.5096768140792847,0.3047885596752167,0.48440974950790405,0.2548018991947174,0.6551101207733154,0.29000744223594666,0.592198371887207,0.3087539076805115,0.5694209337234497,0.31851157546043396,0.5566072463989258,0.28060972690582275,0.6797308325767517,0.29921257495880127,0.6369272470474243,0.29775530099868774,0.6385375261306763,0.29351088404655457,0.6467840671539307
A,0.21310928463935852,0.7733761072158813,0.201248899102211,0.7020878195762634,0.2124357521533966,0.6357260346412659,0.22877641022205353,0.5843964219093323,0.2409764677286148,0.5481224656105042,0.20111548900604248,0.6219569444656372,0.18939274549484253,0.5470010638237,0.19751876592636108,0.49954330921173096,0.20871777832508087,0.46281763911247253,0.22418290376663208,0.6378688216209412,0.2637946903705597,0.5580613613128662,0.29443877935409546,0.5281473994255066,0.31351810693740845,0.5129490494728088,0.249587282538414,0.6601901054382324,0.29757121205329895,0.5941507816314697,0.30328696966171265,0.6024119853973389,0.2964105010032654,0.6167117953300476,0.2740590274333954,0.6833184957504272,0.3035210371017456,0.6425077319145203,0.29932770133018494,0.6547127962112427,0.2897403836250305,0.6676174402236938
A,0.214499831199646,0.7683300375938416,0.20031815767288208,0.7014003992080688,0.21195858716964722,0.6365112662315369,0.2300344854593277,0.5854533910751343,0.2459794133901596,0.5508260726928711,0.20136119425296783,0.6196932196617126,0.19669142365455627,0.5427712798118591,0.2076256424188614,0.49420270323753357,0.22066378593444824,0.4599935710430145,0.22472243010997772,0.6346995234489441,0.2751469016075134,0.5564050078392029,0.2983720898628235,0.550332248210907,0.30564427375793457,0.5586556196212769,0.2504696547985077,0.6575838327407837,0.30061259865760803,0.5983835458755493,0.3001052141189575,0.6153457164764404,0.2876494824886322,0.633461594581604,0.27389347553253174,0.6835446357727051,0.3061797320842743,0.6441023349761963,0.3003334403038025,0.6585648059844971,0.28850114345550537,0.6721968650817871
A,0.21658645570278168,0.7658970952033997,0.20248156785964966,0.7018551230430603,0.21418869495391846,0.632254958152771,0.23422428965568542,0.5793354511260986,0.25197699666023254,0.5470758676528931,0.20456624031066895,0.6124699711799622,0.2070157676935196,0.534640371799469,0.2197999209165573,0.4875580668449402,0.2329319566488266,0.4549996852874756,0.2271624654531479,0.6298192143440247,0.2832907438278198,0.5555686950683594,0.29185646772384644,0.5781581401824951,0.2819083333015442,0.6038516163825989,0.25181838870048523,0.6535635590553284,0.3004901707172394,0.6006924510002136,0.29746270179748535,0.6233536005020142,0.28283220529556274,0.6401140093803406,0.27356603741645813,0.6802895069122314,0.3067129850387573,0.6414121389389038,0.3002750277519226,0.6602969169616699,0.28608545660972595,0.6740789413452148
A,0.21503305435180664,0.7658210396766663,0.20292973518371582,0.7069031000137329,0.21403664350509644,0.6338036060333252,0.2348412722349167,0.5786483287811279,0.24872244894504547,0.5371988415718079,0.2035224437713623,0.6067321300506592,0.22569836676120758,0.528531014919281,0.2454921156167984,0.49051225185394287,0.2614767849445343,0.46383148431777954,0.22377987205982208,0.6279323697090149,0.2859223484992981,0.5594664812088013,0.28634893894195557,0.5869871973991394,0.26919111609458923,0.6102871298789978,0.2476656436920166,0.6532575488090515,0.298644483089447,0.5976219177246094,0.2930205762386322,0.6240441203117371,0.27704912424087524,0.6413869857788086,0.2691686451435089,0.6798739433288574,0.3051700294017792,0.6349303722381592,0.2987830638885498,0.6562929153442383,0.28469720482826233,0.6717679500579834
A,0.21308764815330505,0.7735631465911865,0.20079438388347626,0.7097848057746887,0.20981185138225555,0.6427680850028992,0.233474001288414,0.5953183174133301,0.25524842739105225,0.5636357069015503,0.20508159697055817,0.6075968742370605,0.24759359657764435,0.5401899218559265,0.2724192142486572,0.5151289105415344,0.287794828414917,0.5026777982711792,0.22482933104038239,0.6274126172065735,0.28472083806991577,0.557080090045929,0.2906472682952881,0.5734965801239014,0.27925896644592285,0.5906583070755005,0.24744351208209991,0.6510896682739258,0.2980201840400696,0.5918937921524048,0.29596829414367676,0.6132780909538269,0.2812763452529907,0.630456268787384,0.2680065631866455,0.6787860989570618,0.30408182740211487,0.6304735541343689,0.3003785014152527,0.6469800472259521,0.28698188066482544,0.6636414527893066
A,0.2094753384590149,0.7739555239677429,0.20187363028526306,0.7019844651222229,0.21276526153087616,0.6373178958892822,0.23169399797916412,0.588907778263092,0.2466050386428833,0.5527704358100891,0.20472455024719238,0.6074923872947693,0.255822092294693,0.5503866076469421,0.2816765308380127,0.5507407784461975,0.2884553074836731,0.5704630613327026,0.22310808300971985,0.6238405704498291,0.274639755487442,0.5457267761230469,0.298679381608963,0.5446226596832275,0.30231985449790955,0.5634642243385315,0.2438698261976242,0.6477478742599487,0.290731281042099,0.5772094130516052,0.306141197681427,0.5845577120780945,0.30230894684791565,0.60084468126297,0.2656169533729553,0.6792337894439697,0.30208662152290344,0.6215489506721497,0.3093504011631012,0.6242366433143616,0.3032071888446808,0.6359448432922363
A,0.20444314181804657,0.7705659866333008,0.20138460397720337,0.6975300908088684,0.20855896174907684,0.644947350025177,0.23238974809646606,0.6151987910270691,0.25709664821624756,0.6114421486854553,0.20340286195278168,0.6087989211082458,0.25302132964134216,0.562423586845398,0.28157365322113037,0.557642936706543,0.2959168553352356,0.5737797021865845,0.22470076382160187,0.6205294132232666,0.26599258184432983,0.5383757948875427,0.29318955540657043,0.5273513197898865,0.30533188581466675,0.5416609644889832,0.24697016179561615,0.6439132690429688,0.28194358944892883,0.5633219480514526,0.304226279258728,0.5598107576370239,0.3107385039329529,0.5717300772666931,0.2703002393245697,0.6771152019500732,0.3016873002052307,0.6156740188598633,0.31892940402030945,0.6004098057746887,0.3270791471004486,0.5945963263511658
A,0.20086191594600677,0.7718725204467773,0.2007513791322708,0.6921490430831909,0.2097785770893097,0.6422408223152161,0.23495620489120483,0.6159650087356567,0.2600482404232025,0.6148928999900818,0.20458030700683594,0.6111760139465332,0.2530544400215149,0.5679387450218201,0.28379714488983154,0.5581944584846497,0.3054473400115967,0.5684211254119873,0.2289206087589264,0.6237413883209229,0.26223328709602356,0.5349494218826294,0.28880026936531067,0.512614905834198,0.30782678723335266,0.5134462118148804,0.25121986865997314,0.6473418474197388,0.2800384759902954,0.5644688010215759,0.3013356328010559,0.548619270324707,0.3133402168750763,0.5438012480735779,0.274795800447464,0.6821798086166382,0.3067986071109772,0.626664400100708,0.32561713457107544,0.6061478853225708,0.3395015001296997,0.5892733335494995
A,0.21097122132778168,0.7751691937446594,0.20303966104984283,0.6980166435241699,0.21698175370693207,0.640687108039856,0.2405731976032257,0.6112334132194519,0.26355302333831787,0.5987752676010132,0.2126311957836151,0.6104074716567993,0.21352733671665192,0.527138352394104,0.23345834016799927,0.496322900056839,0.253432959318161,0.4877855181694031,0.23341484367847443,0.6232490539550781,0.24915865063667297,0.5325469970703125,0.2764725983142853,0.4890408217906952,0.29980576038360596,0.46987682580947876,0.2576562762260437,0.6458549499511719,0.28251761198043823,0.5722742676734924,0.3080911338329315,0.5367329716682434,0.3286346197128296,0.5146964192390442,0.285689115524292,0.675469160079956,0.32213276624679565,0.6343549489974976,0.34607797861099243,0.61143958568573,0.3652719259262085,0.5948469042778015
A,0.21363230049610138,0.7764680981636047,0.2057247906923294,0.6982002258300781,0.22095318138599396,0.6362705826759338,0.2433663159608841,0.5989226698875427,0.26465511322021484,0.5777310729026794,0.21059368550777435,0.6158206462860107,0.20470331609249115,0.5378644466400146,0.2240363359451294,0.5071756839752197,0.24537482857704163,0.49817484617233276,0.23341253399848938,0.6276353597640991,0.2551775872707367,0.5411874651908875,0.283170223236084,0.49858444929122925,0.3069564402103424,0.47732651233673096,0.25733482837677,0.6493266820907593,0.29059702157974243,0.5776927471160889,0.3179773986339569,0.5453817248344421,0.3387906551361084,0.5226331949234009,0.2809450924396515,0.6791175007820129,0.31171950697898865,0.6447104811668396,0.32866185903549194,0.6292556524276733,0.3411096930503845,0.6179516315460205
A,0.21159213781356812,0.7786454558372498,0.20005735754966736,0.7045751214027405,0.21325910091400146,0.6505879759788513,0.2356339693069458,0.6294390559196472,0.2598135769367218,0.6240015029907227,0.20687295496463776,0.6190783977508545,0.20063725113868713,0.5476012229919434,0.21605512499809265,0.516162633895874,0.23255625367164612,0.5056400299072266,0.2343347668647766,0.626850962638855,0.2641752064228058,0.5458934307098389,0.2907697856426239,0.510430634021759,0.3108711838722229,0.49769148230552673,0.2587347626686096,0.6464457511901855,0.2969185709953308,0.5859304070472717,0.316610723733902,0.5669504404067993,0.32772350311279297,0.5581540465354919,0.2816157639026642,0.6764674782752991,0.3041591942310333,0.6459665894508362,0.3018282651901245,0.650288462638855,0.2955224812030792,0.6612122654914856
A,0.2125777155160904,0.7791133522987366,0.20082160830497742,0.7059303522109985,0.21093961596488953,0.6505194902420044,0.23301756381988525,0.6220539212226868,0.25820159912109375,0.6113647818565369,0.20547091960906982,0.6190987229347229,0.19663234055042267,0.5476776957511902,0.21417275071144104,0.517158031463623,0.23156926035881042,0.5093080997467041,0.23057717084884644,0.6302306652069092,0.2693873643875122,0.5531955361366272,0.29449114203453064,0.5316191911697388,0.3075825572013855,0.5322484374046326,0.2554652690887451,0.6498386263847351,0.3023535907268524,0.5886676907539368,0.3040030896663666,0.6017426252365112,0.2944544553756714,0.6205750703811646,0.2787925601005554,0.6742091178894043,0.3049595355987549,0.641631007194519,0.299711674451828,0.6543453931808472,0.28870832920074463,0.6697268486022949
A,0.21364600956439972,0.7746617794036865,0.20154856145381927,0.7017055153846741,0.21068936586380005,0.6464884877204895,0.23045766353607178,0.6134087443351746,0.25569021701812744,0.6008110046386719,0.20523154735565186,0.6108827590942383,0.20076684653759003,0.5371032953262329,0.22316239774227142,0.5059459805488586,0.24090580642223358,0.5060564875602722,0.22992485761642456,0.6247013807296753,0.28028830885887146,0.5473032593727112,0.29886317253112793,0.5471307635307312,0.2988851070404053,0.5701489448547363,0.2536468207836151,0.6482838988304138,0.3023650646209717,0.599030613899231,0.3005960285663605,0.6196619272232056,0.2859551012516022,0.6382374167442322,0.2760153114795685,0.6759903430938721,0.30411651730537415,0.6427081823348999,0.2994551658630371,0.6590309739112854,0.2859983742237091,0.6743146181106567
A,0.21251343190670013,0.7681875228881836,0.20326626300811768,0.7005589008331299,0.21132400631904602,0.6392027139663696,0.2369435876607895,0.6038548946380615,0.2651521563529968,0.5899379253387451,0.2063225656747818,0.6054248213768005,0.22666585445404053,0.5259562730789185,0.257335901260376,0.507391095161438,0.27625101804733276,0.5191948413848877,0.2249748557806015,0.6237178444862366,0.28411564230918884,0.5550459027290344,0.2959568500518799,0.5757188200950623,0.2854786813259125,0.5976868867874146,0.24769973754882812,0.6470823287963867,0.2991514205932617,0.597983717918396,0.29966649413108826,0.6195218563079834,0.28479209542274475,0.6372503638267517,0.26851123571395874,0.6742041110992432,0.30319511890411377,0.6402031183242798,0.29946547746658325,0.6572497487068176,0.28533488512039185,0.6719544529914856
A,0.2079523801803589,0.781929612159729,0.20879822969436646,0.7082571387290955,0.21692603826522827,0.6540482640266418,0.24002352356910706,0.6244627833366394,0.2634129226207733,0.620814859867096,0.21321821212768555,0.6135734915733337,0.2638815939426422,0.5717962384223938,0.29352903366088867,0.5724096894264221,0.309660941362381,0.5906524658203125,0.23254387080669403,0.6260945796966553,0.2797059118747711,0.5472925901412964,0.3095405697822571,0.5356540679931641,0.3244847357273102,0.5494289994239807,0.2535225450992584,0.6492002010345459,0.2930886745452881,0.5675188302993774,0.31812119483947754,0.5632763504981995,0.3282977342605591,0.5762287974357605,0.2757333517074585,0.6812800168991089,0.3063705563545227,0.6144891381263733,0.32613831758499146,0.5996822118759155,0.3389827609062195,0.5986354351043701
A,0.2062152922153473,0.7823773622512817,0.20915675163269043,0.7102847695350647,0.22007378935813904,0.6554983258247375,0.24257142841815948,0.6256813406944275,0.26508232951164246,0.6214011311531067,0.21859636902809143,0.6151609420776367,0.27158698439598083,0.573060154914856,0.3041154742240906,0.5706068277359009,0.3259163200855255,0.5801553726196289,0.23470938205718994,0.6275448799133301,0.284078449010849,0.5496580600738525,0.31840139627456665,0.5317347049713135,0.34111908078193665,0.5322570204734802,0.2525249123573303,0.6515746116638184,0.2946014404296875,0.5747483968734741,0.32452479004859924,0.5582650899887085,0.34360891580581665,0.553041398525238,0.27423155307769775,0.6859920620918274,0.3081894516944885,0.6241589784622192,0.33002644777297974,0.6008015275001526,0.34757423400878906,0.585537314414978
A,0.2093513160943985,0.7810510993003845,0.21336151659488678,0.716354250907898,0.22624829411506653,0.6584439277648926,0.2488347291946411,0.6270573139190674,0.27057889103889465,0.6180915832519531,0.22589710354804993,0.6137846112251282,0.2791760265827179,0.5660427212715149,0.3149673044681549,0.5571679472923279,0.34099307656288147,0.5580006837844849,0.23758353292942047,0.6274891495704651,0.29083913564682007,0.5528786778450012,0.3286285102367401,0.5310860872268677,0.3548760414123535,0.5239667296409607,0.25270283222198486,0.6516136527061462,0.2972680926322937,0.5767421126365662,0.3315402865409851,0.5519306659698486,0.35609161853790283,0.5382146835327148,0.2729446589946747,0.6848620772361755,0.3061026334762573,0.6261696815490723,0.3284493088722229,0.5996436476707458,0.3476381003856659,0.5806134939193726
A,0.21158601343631744,0.7828608751296997,0.216447114944458,0.7256934642791748,0.22603794932365417,0.6684586405754089,0.2385910153388977,0.6348705887794495,0.24891655147075653,0.6162788271903992,0.2322835922241211,0.6175978779792786,0.2810359299182892,0.5664950013160706,0.3176434338092804,0.5432778596878052,0.34657523036003113,0.531662106513977,0.24006584286689758,0.6287233233451843,0.28852134943008423,0.5568764209747314,0.3272935152053833,0.5273772478103638,0.3574860394001007,0.5106987953186035,0.252297580242157,0.6502685546875,0.2935056984424591,0.5778030157089233,0.32835623621940613,0.5505979061126709,0.35589563846588135,0.5337743759155273,0.2706989645957947,0.6800550222396851,0.30030590295791626,0.6233687996864319,0.32158800959587097,0.5943769812583923,0.34119713306427,0.5719467401504517
A,0.15976212918758392,1.045263409614563,0.20559458434581757,1.020434021949768,0.24942618608474731,0.9704514145851135,0.28549832105636597,0.9280872344970703,0.31529125571250916,0.8962653875350952,0.21555933356285095,0.9245197772979736,0.2295311689376831,0.8454163670539856,0.2374247908592224,0.7953897714614868,0.24355250597000122,0.7563368678092957,0.17561985552310944,0.9214136600494385,0.1681586056947708,0.8388544321060181,0.1651378720998764,0.7876276969909668,0.16254694759845734,0.7483103275299072,0.1383904665708542,0.929178774356842,0.12463511526584625,0.856561541557312,0.11977080255746841,0.8088037371635437,0.11753832548856735,0.7703726291656494,0.10635703057050705,0.9448375105857849,0.08600390702486038,0.8915917277336121,0.07442455738782883,0.856421172618866,0.06688427925109863,0.8264936208724976
A,0.20440593361854553,0.9604254364967346,0.2523202896118164,0.9190875291824341,0.29545119404792786,0.860195517539978,0.32996878027915955,0.8125622272491455,0.359387069940567,0.7833600044250488,0.25287488102912903,0.7627372741699219,0.27176979184150696,0.6914962530136108,0.27823081612586975,0.647183895111084,0.28189367055892944,0.6108409762382507,0.21741145849227905,0.7564182281494141,0.21795432269573212,0.6672475337982178,0.21710462868213654,0.6142955422401428,0.21531382203102112,0.572996973991394,0.1847437620162964,0.7683593034744263,0.1722642481327057,0.6889364719390869,0.16865020990371704,0.6397072672843933,0.16788503527641296,0.5989128351211548,0.15308091044425964,0.7953718900680542,0.13280020654201508,0.7391084432601929,0.12249533087015152,0.7006458044052124,0.11743471771478653,0.6631984114646912
A,0.20584046840667725,0.9476754069328308,0.25609445571899414,0.91022789478302,0.29854297637939453,0.8481740951538086,0.3305612802505493,0.7948588132858276,0.3580099046230316,0.7624367475509644,0.25755035877227783,0.7467253804206848,0.27649033069610596,0.676325798034668,0.283536434173584,0.6313903331756592,0.28776729106903076,0.5941053628921509,0.22357702255249023,0.7400847673416138,0.22318361699581146,0.6536062359809875,0.22180113196372986,0.6016936898231506,0.2189224660396576,0.5602231621742249,0.19303900003433228,0.7512006163597107,0.18268877267837524,0.6743218898773193,0.1784389466047287,0.6259986162185669,0.17523816227912903,0.5846784114837646,0.16427242755889893,0.7770262360572815,0.14262062311172485,0.7231149077415466,0.12995705008506775,0.6861584186553955,0.12118766456842422,0.6497299671173096
A,0.2049117088317871,0.9491778612136841,0.2536788582801819,0.9114125967025757,0.29440900683403015,0.8514178991317749,0.3266650438308716,0.7989107966423035,0.3539946973323822,0.7641303539276123,0.2518537640571594,0.7503111362457275,0.2701144814491272,0.679313063621521,0.2775703966617584,0.6343247890472412,0.28258979320526123,0.5969908237457275,0.21743637323379517,0.7440549731254578,0.21615269780158997,0.6579283475875854,0.2152603417634964,0.6056684255599976,0.21352578699588776,0.5639451146125793,0.18656395375728607,0.7560862898826599,0.1745433658361435,0.6792844533920288,0.17083686590194702,0.6309471726417542,0.1693199723958969,0.5898366570472717,0.15817421674728394,0.7823540568351746,0.13595086336135864,0.7287651896476746,0.12392070144414902,0.6917276382446289,0.11663734912872314,0.6557677388191223
A,0.19958138465881348,0.944046139717102,0.24922829866409302,0.9062414169311523,0.29158827662467957,0.8450849652290344,0.3246470093727112,0.7934896349906921,0.3523959517478943,0.7602574825286865,0.24771544337272644,0.7446914911270142,0.2664000689983368,0.6741811633110046,0.2735857367515564,0.6291598677635193,0.2777681052684784,0.5920987129211426,0.21318674087524414,0.7376739382743835,0.21238040924072266,0.6516499519348145,0.211307093501091,0.5998142957687378,0.20909324288368225,0.5587177276611328,0.1824866682291031,0.7485998868942261,0.17101168632507324,0.6710042953491211,0.16675208508968353,0.6230025887489319,0.16421455144882202,0.5828006267547607,0.1542689949274063,0.774124264717102,0.13170987367630005,0.7187784314155579,0.11755746603012085,0.6815283894538879,0.10749653726816177,0.6457331776618958
A,0.1977996826171875,0.8894954323768616,0.17547957599163055,0.824916422367096,0.164865180850029,0.7676212191581726,0.17043793201446533,0.7270106673240662,0.1826394945383072,0.6965692639350891,0.14976584911346436,0.7330789566040039,0.15224352478981018,0.6480926275253296,0.18265163898468018,0.631219208240509,0.20053908228874207,0.6483083367347717,0.16327700018882751,0.7415009140968323,0.18233250081539154,0.6492303013801575,0.2141554355621338,0.6381067633628845,0.2275078296661377,0.6553528308868408,0.18409374356269836,0.7570464015007019,0.2133369892835617,0.6780964732170105,0.23968245089054108,0.6730702519416809,0.24399439990520477,0.6855080127716064,0.20994998514652252,0.7786515951156616,0.246241495013237,0.7280150055885315,0.25838878750801086,0.7282716631889343,0.2521567940711975,0.7416481375694275
A,0.18904073536396027,0.8852460980415344,0.16479352116584778,0.8234100341796875,0.15497145056724548,0.7571873664855957,0.16247309744358063,0.6986611485481262,0.17452168464660645,0.6580482721328735,0.13101184368133545,0.7333186864852905,0.1590379774570465,0.6387194395065308,0.1813218891620636,0.6552659869194031,0.1808800995349884,0.6840312480926514,0.1520366668701172,0.7478889226913452,0.19208990037441254,0.6480819582939148,0.20927545428276062,0.6723805069923401,0.20141863822937012,0.7029112577438354,0.1794845163822174,0.7640692591667175,0.21776358783245087,0.6716048121452332,0.2297149896621704,0.696951687335968,0.22068263590335846,0.724517285823822,0.20943683385849,0.7846858501434326,0.24118131399154663,0.705484926700592,0.24739079177379608,0.7222388386726379,0.2385149598121643,0.7459149360656738
A,0.18661338090896606,0.8792420029640198,0.16315484046936035,0.8218125104904175,0.15514430403709412,0.759836733341217,0.16913743317127228,0.7149028778076172,0.19030319154262543,0.6875830292701721,0.13921822607517242,0.729332685470581,0.16912385821342468,0.6323575377464294,0.1847599446773529,0.6565227508544922,0.18038266897201538,0.6891484260559082,0.16283631324768066,0.7430325150489807,0.20386740565299988,0.6440197229385376,0.2144652009010315,0.6718770265579224,0.20472697913646698,0.7032005190849304,0.1911035031080246,0.7595086097717285,0.2320522964000702,0.6696801781654358,0.2369176596403122,0.6986076235771179,0.22552013397216797,0.7272529602050781,0.22065067291259766,0.7812902927398682,0.2535398006439209,0.7089225649833679,0.25462156534194946,0.7334209680557251,0.24396176636219025,0.7602400183677673
A,0.18581266701221466,0.876366376876831,0.16214147210121155,0.8212790489196777,0.14979451894760132,0.7529500722885132,0.13421161472797394,0.6989036798477173,0.11072666943073273,0.6722773909568787,0.20146670937538147,0.727578341960907,0.22290043532848358,0.64811772108078,0.2396058440208435,0.6023989915847778,0.25425460934638977,0.5726269483566284,0.22902898490428925,0.7445301413536072,0.27602410316467285,0.6897518634796143,0.2835884988307953,0.6772180199623108,0.2802528142929077,0.6737591624259949,0.2514549493789673,0.7686567902565002,0.29107147455215454,0.7230690717697144,0.2917158007621765,0.7118812799453735,0.2821168899536133,0.7111397981643677,0.26847296953201294,0.7960742712020874,0.2889772057533264,0.7640575170516968,0.28395602107048035,0.7614285349845886,0.27451765537261963,0.7636730670928955
A,0.18459106981754303,0.8842442631721497,0.16164906322956085,0.8257246017456055,0.15058410167694092,0.7543649673461914,0.13566020131111145,0.6990984678268433,0.11121830344200134,0.6743620038032532,0.20038165152072906,0.7299332022666931,0.22240297496318817,0.6522883176803589,0.23901289701461792,0.6086758375167847,0.25329720973968506,0.5800327062606812,0.22675560414791107,0.7472507953643799,0.2726511061191559,0.6936699748039246,0.2834368646144867,0.6825472712516785,0.28437235951423645,0.678439736366272,0.2490711659193039,0.7725700736045837,0.2895619571208954,0.7263485193252563,0.29162949323654175,0.7176510095596313,0.28385886549949646,0.7174527645111084,0.2672310173511505,0.8013728260993958,0.2903919517993927,0.7664221525192261,0.2867341935634613,0.7649751901626587,0.2783257067203522,0.7677544951438904
A,0.18197646737098694,0.892444372177124,0.1698727011680603,0.8295189142227173,0.1698959767818451,0.7550848126411438,0.16630692780017853,0.6968789100646973,0.1467069387435913,0.6637413501739502,0.2143380343914032,0.7366846799850464,0.24914410710334778,0.6636747121810913,0.27334773540496826,0.6226707100868225,0.29328617453575134,0.593252956867218,0.23290178179740906,0.753047525882721,0.26501795649528503,0.6706501841545105,0.2891238033771515,0.6234862208366394,0.309296190738678,0.5890708565711975,0.2521403729915619,0.7791184782981873,0.2838711440563202,0.7077361941337585,0.3084525167942047,0.6696380376815796,0.32739436626434326,0.6421296000480652,0.2729177474975586,0.8114042282104492,0.3082445561885834,0.7618333101272583,0.331572026014328,0.7353248000144958,0.35142743587493896,0.7128174901008606
A,0.18389150500297546,0.8970246315002441,0.16887784004211426,0.8331336379051208,0.16767175495624542,0.7591907978057861,0.16561099886894226,0.7012510895729065,0.14815744757652283,0.6639592051506042,0.206416517496109,0.7467480301856995,0.2400527447462082,0.673122227191925,0.2631675899028778,0.6296568512916565,0.2819526493549347,0.5971552729606628,0.22579750418663025,0.7625963687896729,0.25370195508003235,0.6788997650146484,0.2743479609489441,0.6273090243339539,0.29132431745529175,0.5872048735618591,0.24666151404380798,0.7856683135032654,0.2734067738056183,0.7113023400306702,0.2938278317451477,0.6682366132736206,0.3095773458480835,0.6358630657196045,0.2693912386894226,0.813605785369873,0.30206289887428284,0.7607746720314026,0.3228192627429962,0.7312744855880737,0.3402099609375,0.7056221961975098
A,0.18811193108558655,0.8941776752471924,0.17087289690971375,0.8339172005653381,0.16285893321037292,0.7650526762008667,0.16195441782474518,0.7050803899765015,0.14899685978889465,0.6636891961097717,0.1836487352848053,0.7434419989585876,0.19060280919075012,0.6603561043739319,0.20312722027301788,0.6150760650634766,0.21618932485580444,0.5819085836410522,0.20500339567661285,0.7602092623710632,0.26641517877578735,0.6935684084892273,0.2801989018917084,0.6959798336029053,0.2771642208099365,0.7037054300308228,0.2277495563030243,0.7846216559410095,0.2843780517578125,0.7320963740348816,0.2878183424472809,0.7370645403862,0.27715057134628296,0.7435693740844727,0.2501142621040344,0.8118163347244263,0.2872580289840698,0.7713151574134827,0.28536489605903625,0.7759995460510254,0.2736701965332031,0.7793483734130859
A,0.18907411396503448,0.8959287405014038,0.17066796123981476,0.8389583230018616,0.16201338171958923,0.7665026783943176,0.16309131681919098,0.7051593661308289,0.14930768311023712,0.6640638113021851,0.19042423367500305,0.7448087930679321,0.20444031059741974,0.661118745803833,0.21910372376441956,0.6164234280586243,0.23307789862155914,0.584211528301239,0.21048986911773682,0.7623803615570068,0.27219057083129883,0.7050045728683472,0.2835816442966461,0.709762692451477,0.2790977656841278,0.7160133123397827,0.23214592039585114,0.7872487902641296,0.2895960211753845,0.7409488558769226,0.28881046175956726,0.7508430480957031,0.27564936876296997,0.7601498961448669,0.25400155782699585,0.8136518597602844,0.2929561138153076,0.7767220735549927,0.2879537343978882,0.7869443893432617,0.27491772174835205,0.7939484119415283
A,0.1882338523864746,0.8981764912605286,0.17068026959896088,0.839307963848114,0.16405056416988373,0.7653698325157166,0.1655702292919159,0.705518901348114,0.15140081942081451,0.6655990481376648,0.19347360730171204,0.7436105012893677,0.2085772454738617,0.6602931022644043,0.22274143993854523,0.6164273619651794,0.23618356883525848,0.5845328569412231,0.21353505551815033,0.7619913816452026,0.27885258197784424,0.6997478008270264,0.28254392743110657,0.7131548523902893,0.27087080478668213,0.7265632152557373,0.2342739999294281,0.7873058915138245,0.2946069538593292,0.7370432615280151,0.29018571972846985,0.7490307688713074,0.27495166659355164,0.759265661239624,0.255108118057251,0.8157460689544678,0.29554668068885803,0.7766903042793274,0.2888983190059662,0.787816047668457,0.2743534743785858,0.7957791686058044
A,0.1875038743019104,0.899063229560852,0.1693282276391983,0.8400672674179077,0.16258631646633148,0.7677462697029114,0.16417014598846436,0.7087368369102478,0.15132880210876465,0.6673287749290466,0.19179922342300415,0.7484978437423706,0.20590044558048248,0.6643456816673279,0.21910697221755981,0.6201357841491699,0.23171208798885345,0.5875876545906067,0.21215789020061493,0.7671632766723633,0.270358681678772,0.7063543200492859,0.27975335717201233,0.7108957171440125,0.27581506967544556,0.7162231802940369,0.23314669728279114,0.7926461696624756,0.28927308320999146,0.7402524948120117,0.29017412662506104,0.7452605962753296,0.2801688611507416,0.7504658699035645,0.2540619671344757,0.8206393718719482,0.29286715388298035,0.7793413996696472,0.2894139587879181,0.7840210199356079,0.27789366245269775,0.7876222729682922
A,0.18125705420970917,0.9032741189002991,0.17238381505012512,0.8409743309020996,0.1748363971710205,0.7631174921989441,0.17752902209758759,0.7041110396385193,0.16432607173919678,0.6633015275001526,0.20122629404067993,0.7413524389266968,0.23711392283439636,0.6684990525245667,0.264312744140625,0.6284222602844238,0.2869819402694702,0.5981948375701904,0.21461918950080872,0.757190465927124,0.2454916536808014,0.677788496017456,0.27197888493537903,0.6316063404083252,0.2932436168193817,0.5975196361541748,0.23176707327365875,0.7820675373077393,0.25396567583084106,0.7162115573883057,0.27601635456085205,0.6741507053375244,0.2937323749065399,0.641875684261322,0.2531440258026123,0.8135083317756653,0.2794531285762787,0.7661514282226562,0.29827019572257996,0.7395259737968445,0.3155207335948944,0.7164779305458069
A,0.18167667090892792,0.9152597188949585,0.17330297827720642,0.8473315238952637,0.17359985411167145,0.7701377272605896,0.17663511633872986,0.7077661156654358,0.16467906534671783,0.6648036241531372,0.18989865481853485,0.7586982846260071,0.21332772076129913,0.6874324083328247,0.22516001760959625,0.6446694135665894,0.2322801649570465,0.6114355325698853,0.20776166021823883,0.7690328359603882,0.23218917846679688,0.682698130607605,0.24985378980636597,0.6278753280639648,0.2627750337123871,0.5863118171691895,0.23015360534191132,0.7896611094474792,0.25182583928108215,0.7188839316368103,0.26908451318740845,0.6738993525505066,0.2815870940685272,0.6396570205688477,0.2563364803791046,0.8183524012565613,0.2877763509750366,0.770478367805481,0.308610737323761,0.7430285215377808,0.3258974254131317,0.7192039489746094
A,0.18654441833496094,0.8988410830497742,0.16940149664878845,0.8403080701828003,0.16739711165428162,0.7702091932296753,0.17231717705726624,0.7122909426689148,0.16478897631168365,0.6699450612068176,0.19204844534397125,0.7448317408561707,0.2044093757867813,0.6599722504615784,0.21426235139369965,0.6110225915908813,0.22308506071567535,0.5746373534202576,0.21508577466011047,0.7591090202331543,0.2556842863559723,0.681973934173584,0.2866781949996948,0.6507754921913147,0.31117114424705505,0.6333099007606506,0.23753508925437927,0.7823341488838196,0.2716633081436157,0.7110516428947449,0.2978437542915344,0.681352972984314,0.31814831495285034,0.6624801754951477,0.2599095404148102,0.8099636435508728,0.29472815990448,0.7604278326034546,0.3193921446800232,0.7380668520927429,0.3395277261734009,0.72051602602005
A,0.18205878138542175,0.9096521139144897,0.17984604835510254,0.8372061848640442,0.19077664613723755,0.7731819748878479,0.20576106011867523,0.726688027381897,0.22086001932621002,0.6943053603172302,0.18555457890033722,0.741454005241394,0.17983314394950867,0.6567012667655945,0.18558627367019653,0.604087233543396,0.1938232034444809,0.5659112334251404,0.20027871429920197,0.7567160725593567,0.2440616637468338,0.673053503036499,0.27765560150146484,0.6330084800720215,0.30446940660476685,0.6107564568519592,0.21966734528541565,0.7841575741767883,0.27225664258003235,0.7127386331558228,0.30661576986312866,0.6818483471870422,0.331775963306427,0.6613794565200806,0.2415454387664795,0.818757176399231,0.2843306064605713,0.7852649092674255,0.30592119693756104,0.7721182703971863,0.3215935528278351,0.7609351277351379
A,0.2167484611272812,0.869274377822876,0.25380128622055054,0.8275319337844849,0.28208673000335693,0.7726600170135498,0.30959445238113403,0.7387433648109436,0.3365525007247925,0.7125604748725891,0.24309784173965454,0.7070344090461731,0.26726844906806946,0.6592687368392944,0.28905189037323,0.6324898600578308,0.3092837333679199,0.6137068867683411,0.22872745990753174,0.7073549032211304,0.21694469451904297,0.6285097599029541,0.2193407118320465,0.5778396129608154,0.22294487059116364,0.5360049605369568,0.21696963906288147,0.72929447889328,0.1965090036392212,0.6588258743286133,0.19240805506706238,0.6120150089263916,0.19049814343452454,0.5702623128890991,0.21109488606452942,0.7643272876739502,0.19285932183265686,0.722001850605011,0.184112548828125,0.6877707242965698,0.1770624816417694,0.6544593572616577
A,0.20627814531326294,0.8407754898071289,0.24730242788791656,0.8040792346000671,0.2833133041858673,0.7460656762123108,0.30889007449150085,0.6979444622993469,0.32903629541397095,0.6624743938446045,0.24678681790828705,0.678777277469635,0.26748377084732056,0.6420170664787292,0.2890322208404541,0.6369173526763916,0.3042072653770447,0.6476590633392334,0.21897804737091064,0.6699222326278687,0.22263862192630768,0.5968704223632812,0.23881807923316956,0.5954136252403259,0.2487601339817047,0.6266036033630371,0.19031253457069397,0.6750233769416809,0.18309439718723297,0.6077671051025391,0.19311589002609253,0.6038320660591125,0.1997925192117691,0.6292579174041748,0.15976443886756897,0.6911085247993469,0.14735719561576843,0.6330985426902771,0.1561446487903595,0.6210604906082153,0.1656934916973114,0.6358113884925842
A,0.21101771295070648,0.8025227189064026,0.2521592676639557,0.7766450643539429,0.2923385798931122,0.7195919156074524,0.3233931064605713,0.6773622632026672,0.3462039828300476,0.6505706310272217,0.2657397985458374,0.6343215703964233,0.2899194359779358,0.6010907888412476,0.3141747713088989,0.6058205962181091,0.3293004333972931,0.6341190338134766,0.2360309511423111,0.6224805116653442,0.23625338077545166,0.5402323007583618,0.25570815801620483,0.5375930666923523,0.2683391571044922,0.5752086043357849,0.20558665692806244,0.6290676593780518,0.1954142302274704,0.5549521446228027,0.20823724567890167,0.552196741104126,0.21769990026950836,0.581790030002594,0.17351391911506653,0.6480032801628113,0.1610819399356842,0.5869101881980896,0.17139461636543274,0.5725817084312439,0.18275406956672668,0.5865727663040161
A,0.20072978734970093,0.7350245118141174,0.25102055072784424,0.7002137303352356,0.296006441116333,0.6399521231651306,0.3306732177734375,0.5983035564422607,0.36081451177597046,0.5749348998069763,0.2712107300758362,0.5688343048095703,0.2901912033557892,0.5217799544334412,0.310878723859787,0.49988892674446106,0.32617872953414917,0.4836452305316925,0.24289998412132263,0.5648308992385864,0.26048681139945984,0.5050787329673767,0.2663504183292389,0.5617033243179321,0.26326316595077515,0.6008172035217285,0.21207007765769958,0.5715691447257996,0.2280542552471161,0.5258298516273499,0.2353033423423767,0.5822746157646179,0.23211592435836792,0.6146581768989563,0.17751887440681458,0.5865468978881836,0.1921367645263672,0.5525934100151062,0.2017105668783188,0.5922135710716248,0.19957759976387024,0.6174749135971069
A,0.23120829463005066,0.7194019556045532,0.28032171726226807,0.6897221207618713,0.3228116035461426,0.6295639872550964,0.35443517565727234,0.5899413824081421,0.38165056705474854,0.5690265893936157,0.2949339747428894,0.5350592136383057,0.30782610177993774,0.46087539196014404,0.31865549087524414,0.4191848039627075,0.3295938968658447,0.3858250677585602,0.26182353496551514,0.5286448001861572,0.26708731055259705,0.4422796368598938,0.27884286642074585,0.39762553572654724,0.2885010838508606,0.3651488423347473,0.2337154746055603,0.5391248464584351,0.27504998445510864,0.5345295667648315,0.2889370024204254,0.5863900184631348,0.2892470955848694,0.6250834465026855,0.21367357671260834,0.5624840259552002,0.2553846538066864,0.5818964838981628,0.2641061246395111,0.6222006678581238,0.2603636085987091,0.6506847739219666
A,0.24728098511695862,0.6932838559150696,0.2901095449924469,0.674839437007904,0.3317398726940155,0.623801052570343,0.3657642602920532,0.5837299227714539,0.3950151801109314,0.5594832897186279,0.3135669529438019,0.5267459154129028,0.3384856581687927,0.48686450719833374,0.3572419285774231,0.48246845602989197,0.36109596490859985,0.5042205452919006,0.2866549491882324,0.5104835629463196,0.29683271050453186,0.43054258823394775,0.31599006056785583,0.41575148701667786,0.3226342797279358,0.4435915946960449,0.258014976978302,0.5149608254432678,0.25543421506881714,0.44132372736930847,0.2680884301662445,0.4303089380264282,0.2757895886898041,0.4502231776714325,0.22877222299575806,0.5324084162712097,0.2221122831106186,0.47242438793182373,0.23319029808044434,0.4527488052845001,0.24373158812522888,0.4584004878997803
A,0.24321530759334564,0.6500219702720642,0.2909746766090393,0.6340687274932861,0.34193161129951477,0.6032193899154663,0.3807157576084137,0.5847896933555603,0.40777862071990967,0.5724995732307434,0.3168697655200958,0.5005516409873962,0.35539430379867554,0.4831748604774475,0.3833569586277008,0.5102695226669312,0.3957520127296448,0.5510168075561523,0.29484209418296814,0.48077309131622314,0.31458979845046997,0.4094681441783905,0.3405250012874603,0.3977651298046112,0.3546750545501709,0.41882795095443726,0.26701170206069946,0.48057863116264343,0.2695491313934326,0.403156042098999,0.2884620130062103,0.391869455575943,0.3012886345386505,0.4095821678638458,0.2372572422027588,0.49440938234329224,0.23632554709911346,0.43183207511901855,0.2526804506778717,0.4194532036781311,0.2667916715145111,0.43251660466194153
A,0.2549242079257965,0.6348913311958313,0.31329086422920227,0.602647602558136,0.3655015826225281,0.5563644766807556,0.4020582437515259,0.5256027579307556,0.43944090604782104,0.5151567459106445,0.3383861482143402,0.45606160163879395,0.36474794149398804,0.44116055965423584,0.37932050228118896,0.458772212266922,0.3893684446811676,0.4712153971195221,0.3070811331272125,0.44431519508361816,0.3429059684276581,0.44189712405204773,0.3501875698566437,0.5046522617340088,0.34872522950172424,0.537860631942749,0.2741990387439728,0.44640135765075684,0.31016677618026733,0.4457811415195465,0.31757116317749023,0.5079816579818726,0.31498685479164124,0.5400370955467224,0.24057406187057495,0.4597654342651367,0.2745334506034851,0.45633941888809204,0.28789958357810974,0.5019883513450623,0.28924301266670227,0.5292887687683105
A,0.29561975598335266,0.6468468308448792,0.3458387851715088,0.6327311992645264,0.3921012580394745,0.5798777341842651,0.4271923899650574,0.5317142605781555,0.4577559530735016,0.49673664569854736,0.3788706958293915,0.4699641764163971,0.39774054288864136,0.40234845876693726,0.4161514937877655,0.3681735694408417,0.43526700139045715,0.3401702344417572,0.3547837734222412,0.4505767524242401,0.36319538950920105,0.36434507369995117,0.37364381551742554,0.30999526381492615,0.3846159875392914,0.26462188363075256,0.3295081853866577,0.4485500454902649,0.3352065980434418,0.36646023392677307,0.34446489810943604,0.3135620355606079,0.35550764203071594,0.2675807774066925,0.30181026458740234,0.46048280596733093,0.3055604100227356,0.3922944664955139,0.313321590423584,0.34901973605155945,0.323709636926651,0.3099517226219177
A,0.2966702878475189,0.5827771425247192,0.36027371883392334,0.5790867805480957,0.41971802711486816,0.5261487364768982,0.4539004862308502,0.48075976967811584,0.47106531262397766,0.4376019537448883,0.3999490737915039,0.4287913739681244,0.41493937373161316,0.3662404417991638,0.43207117915153503,0.32382088899612427,0.4482119083404541,0.28819185495376587,0.3779542148113251,0.4116416573524475,0.3892008662223816,0.3387446403503418,0.4084852635860443,0.29064062237739563,0.42415371537208557,0.25406062602996826,0.3545288145542145,0.40977513790130615,0.36532482504844666,0.3347688317298889,0.384203165769577,0.2831040024757385,0.40088725090026855,0.24722075462341309,0.32717716693878174,0.4208328127861023,0.3347078561782837,0.3516068160533905,0.34627798199653625,0.3008688986301422,0.3578338325023651,0.26198890805244446
A,0.2557189166545868,0.4845927357673645,0.2913152575492859,0.46691441535949707,0.3361774981021881,0.4804229736328125,0.3702169954776764,0.4910286068916321,0.3969230353832245,0.48427239060401917,0.3886946141719818,0.5022273063659668,0.43948423862457275,0.4871091842651367,0.46988052129745483,0.4578682780265808,0.4895860254764557,0.42656898498535156,0.3909524381160736,0.49201130867004395,0.4448152482509613,0.4588756263256073,0.47377389669418335,0.4153714179992676,0.4911189377307892,0.3700176179409027,0.38290858268737793,0.4815536439418793,0.4371383786201477,0.44779157638549805,0.4631430506706238,0.4083695411682129,0.4800712764263153,0.3670380413532257,0.364896684885025,0.4708713889122009,0.39527979493141174,0.44926202297210693,0.41172343492507935,0.42586538195610046,0.423632949590683,0.3994705379009247
A,0.3017071783542633,0.5054571032524109,0.3787686228752136,0.5139854550361633,0.44139525294303894,0.48906409740448,0.48138731718063354,0.4592432379722595,0.5164836049079895,0.42793115973472595,0.45582401752471924,0.3828224837779999,0.47500428557395935,0.4504301846027374,0.47906240820884705,0.5089275240898132,0.4811537563800812,0.5522147417068481,0.42448854446411133,0.3668505847454071,0.4470809996128082,0.45538029074668884,0.4554981589317322,0.5253478288650513,0.4583416283130646,0.5807756185531616,0.3890412747859955,0.37057793140411377,0.4114607274532318,0.44563615322113037,0.4245727062225342,0.48698142170906067,0.4331526458263397,0.5191477537155151,0.3541308343410492,0.3884856402873993,0.3743172883987427,0.4427553713321686,0.38397908210754395,0.46841007471084595,0.3920155465602875,0.4851943254470825
A,0.3294800817966461,0.5505203008651733,0.3816889822483063,0.571397066116333,0.4361094534397125,0.5627850294113159,0.47058647871017456,0.5437442064285278,0.49946653842926025,0.5363069772720337,0.4685365855693817,0.452460914850235,0.47880223393440247,0.5204092264175415,0.47336599230766296,0.5813174247741699,0.4684349596500397,0.6284009218215942,0.43901896476745605,0.42457115650177,0.44654524326324463,0.5046307444572449,0.44899532198905945,0.5738213062286377,0.4488805830478668,0.6247455477714539,0.40067994594573975,0.41559725999832153,0.4090735912322998,0.48994576930999756,0.40818262100219727,0.5423804521560669,0.4053941071033478,0.5754863023757935,0.3610067367553711,0.42246517539024353,0.37361520528793335,0.4750058650970459,0.37583598494529724,0.5103031992912292,0.3751814663410187,0.5321469902992249
A,0.2838106155395508,0.6036562919616699,0.3557716906070709,0.6238529086112976,0.42723754048347473,0.6149932146072388,0.4764833450317383,0.5849294066429138,0.5091505646705627,0.5476451516151428,0.44216787815093994,0.5369240641593933,0.4668770432472229,0.5974407196044922,0.4557187557220459,0.6306516528129578,0.4454396069049835,0.636067807674408,0.4111559987068176,0.5283381938934326,0.4382283687591553,0.6089019179344177,0.42187565565109253,0.6387374997138977,0.4075745940208435,0.63441401720047,0.37704336643218994,0.5356857180595398,0.4076828360557556,0.6205620169639587,0.39073675870895386,0.643568217754364,0.3735852837562561,0.6364220976829529,0.3443600535392761,0.5493915677070618,0.3767881989479065,0.6206595301628113,0.3656406104564667,0.6458130478858948,0.3535534143447876,0.6445057988166809
A,0.318067729473114,0.6944391131401062,0.37537965178489685,0.7042107582092285,0.4397965669631958,0.6866542100906372,0.49026092886924744,0.662035346031189,0.5319674015045166,0.6378245949745178,0.44198256731033325,0.6523438096046448,0.4873290956020355,0.572856605052948,0.5187274217605591,0.5165839791297913,0.5452824831008911,0.47303879261016846,0.4208486080169678,0.6456506848335266,0.46849581599235535,0.5569664239883423,0.5009965300559998,0.4961690306663513,0.5279430150985718,0.4472227990627289,0.3870292901992798,0.647872269153595,0.4254712462425232,0.5687170624732971,0.4496050477027893,0.5094053745269775,0.47179538011550903,0.45784711837768555,0.3461272120475769,0.6520174741744995,0.36017099022865295,0.5925288796424866,0.37048590183258057,0.5473181009292603,0.3827524781227112,0.505028247833252
A,0.25833648443222046,0.47916939854621887,0.2932288944721222,0.5306393504142761,0.31149232387542725,0.5837814807891846,0.28872862458229065,0.6326931715011597,0.2527514696121216,0.6639577150344849,0.3754432499408722,0.5568459630012512,0.42892247438430786,0.5790352821350098,0.4649689793586731,0.5863852500915527,0.49461811780929565,0.586567223072052,0.3539276421070099,0.5317208766937256,0.3757448196411133,0.5655349493026733,0.38030868768692017,0.5890861749649048,0.3823722302913666,0.6009312868118286,0.318861186504364,0.5117499828338623,0.317905455827713,0.5650270581245422,0.3158597946166992,0.6011303067207336,0.3156185746192932,0.6213383078575134,0.27675601840019226,0.5030311346054077,0.264936625957489,0.5778575539588928,0.2506214380264282,0.6264445781707764,0.23891451954841614,0.6584033370018005
A,0.29668083786964417,0.5543968081474304,0.3607456088066101,0.5241008400917053,0.4143471419811249,0.46779125928878784,0.45633774995803833,0.4224588871002197,0.49307897686958313,0.38004496693611145,0.38480478525161743,0.33546656370162964,0.40216660499572754,0.25182491540908813,0.42918434739112854,0.21740572154521942,0.45929306745529175,0.19813039898872375,0.35855862498283386,0.32250452041625977,0.35682567954063416,0.21097442507743835,0.37523916363716125,0.1467726081609726,0.39638403058052063,0.10098826885223389,0.3320453464984894,0.3295140862464905,0.3256395161151886,0.22593171894550323,0.34150445461273193,0.16156582534313202,0.3625088036060333,0.11228421330451965,0.3076328635215759,0.35425305366516113,0.2909212112426758,0.2745048403739929,0.29127299785614014,0.21841508150100708,0.29727885127067566,0.17027978599071503
A,0.2655068039894104,0.38154667615890503,0.3238648772239685,0.41409972310066223,0.3915785849094391,0.4366530776023865,0.4404306411743164,0.4471065402030945,0.4804267883300781,0.4362833499908447,0.35348179936408997,0.4025246202945709,0.39170175790786743,0.44358396530151367,0.41716450452804565,0.46495795249938965,0.4430633783340454,0.48515865206718445,0.3183272182941437,0.37354329228401184,0.33584290742874146,0.40461981296539307,0.35341960191726685,0.41466933488845825,0.36499810218811035,0.42553576827049255,0.2790969908237457,0.35551005601882935,0.277692049741745,0.40016940236091614,0.283512681722641,0.40788182616233826,0.2931947112083435,0.41557642817497253,0.23699453473091125,0.3395930826663971,0.20002365112304688,0.38884350657463074,0.1733410507440567,0.4099302291870117,0.1619241088628769,0.43005630373954773
A,0.2175605595111847,0.43006908893585205,0.284292072057724,0.43647652864456177,0.34971004724502563,0.4069523215293884,0.40159645676612854,0.3840133845806122,0.4466114342212677,0.3704999089241028,0.3326885998249054,0.29761239886283875,0.37950196862220764,0.2244761884212494,0.4095970690250397,0.17568674683570862,0.4349256455898285,0.13251623511314392,0.2928959131240845,0.26596057415008545,0.3188290297985077,0.17188967764377594,0.3360655903816223,0.10522346198558807,0.347594678401947,0.04902872443199158,0.24717262387275696,0.26133182644844055,0.25448933243751526,0.17212863266468048,0.2584765553474426,0.10718974471092224,0.2588005065917969,0.0543844997882843,0.20075881481170654,0.27625447511672974,0.18562500178813934,0.20710861682891846,0.17758870124816895,0.1578100621700287,0.1699974238872528,0.1148805320262909
A,0.2557196617126465,0.39657455682754517,0.29512321949005127,0.4147794246673584,0.33089542388916016,0.4086502492427826,0.3555416762828827,0.3864803910255432,0.3844102919101715,0.37387433648109436,0.41292011737823486,0.28268250823020935,0.47909021377563477,0.23142310976982117,0.5207937359809875,0.19158445298671722,0.5535342693328857,0.15717612206935883,0.38911882042884827,0.23076722025871277,0.45193955302238464,0.1513553261756897,0.49439552426338196,0.0987752377986908,0.5292332172393799,0.05889618396759033,0.35449114441871643,0.20493462681770325,0.4025275707244873,0.1236811950802803,0.4359813928604126,0.07008108496665955,0.4659520387649536,0.028974175453186035,0.31056150794029236,0.19916889071464539,0.3252100944519043,0.12637579441070557,0.33580225706100464,0.07410885393619537,0.3488723635673523,0.02908766269683838
A,0.2854858636856079,0.44574111700057983,0.36459431052207947,0.4441773295402527,0.4228827655315399,0.40648141503334045,0.4653646945953369,0.3747166395187378,0.5058866739273071,0.3426247239112854,0.41438665986061096,0.3164669871330261,0.4442693889141083,0.21991249918937683,0.4638347327709198,0.16304892301559448,0.4799014925956726,0.11141987144947052,0.3827868103981018,0.32496657967567444,0.39627522230148315,0.2553255259990692,0.40746957063674927,0.22083328664302826,0.41653573513031006,0.1854475885629654,0.34455785155296326,0.3523983061313629,0.3450634181499481,0.31325775384902954,0.3598483204841614,0.309734046459198,0.37328359484672546,0.30124542117118835,0.3063359260559082,0.39271408319473267,0.30331674218177795,0.37785759568214417,0.31483012437820435,0.3836325407028198,0.3291305899620056,0.38643208146095276
A,0.2282349318265915,0.4556254744529724,0.2613737881183624,0.47823822498321533,0.29239290952682495,0.48238062858581543,0.3175446391105652,0.47328615188598633,0.3494485914707184,0.4715709686279297,0.3952712416648865,0.380936861038208,0.46578294038772583,0.3508024215698242,0.5107426047325134,0.32249125838279724,0.545578122138977,0.2929152846336365,0.3779855966567993,0.3253169059753418,0.4507502317428589,0.2652914226055145,0.4950259327888489,0.22285473346710205,0.5310506224632263,0.18516479432582855,0.3443305790424347,0.2910875082015991,0.4038613438606262,0.2211015820503235,0.4414982497692108,0.17064931988716125,0.47396355867385864,0.12942969799041748,0.2975129187107086,0.27313101291656494,0.3197610378265381,0.19329024851322174,0.3349757492542267,0.13862460851669312,0.3543878197669983,0.09152531623840332
A,0.2287236899137497,0.4925873875617981,0.3048376142978668,0.48727118968963623,0.38121771812438965,0.4435054063796997,0.42058688402175903,0.39538800716400146,0.406541645526886,0.36124706268310547,0.3516073524951935,0.2925153970718384,0.3858267664909363,0.32231777906417847,0.3620578646659851,0.38469216227531433,0.3416653275489807,0.4025731682777405,0.3134623169898987,0.2699665427207947,0.349882572889328,0.316850870847702,0.33058464527130127,0.3884289860725403,0.3157813251018524,0.41201210021972656,0.2747374176979065,0.2672502100467682,0.3113774061203003,0.319278359413147,0.2978951334953308,0.3847036063671112,0.2836947441101074,0.4069168269634247,0.23840303719043732,0.27808767557144165,0.27175813913345337,0.3174893260002136,0.267072856426239,0.3693236708641052,0.2589852213859558,0.3900885581970215
A,0.1536979377269745,0.9788646697998047,0.1715226173400879,0.9366270899772644,0.1814006119966507,0.8957114815711975,0.19152824580669403,0.8693618178367615,0.19797469675540924,0.8568632006645203,0.15409615635871887,0.8350276350975037,0.20287707448005676,0.8336167335510254,0.2016439586877823,0.8580986261367798,0.18936648964881897,0.8721628189086914,0.15696410834789276,0.8336502909660339,0.20996886491775513,0.8355792760848999,0.2064376175403595,0.8625438809394836,0.19474466145038605,0.8777182102203369,0.16426965594291687,0.8401883244514465,0.21310976147651672,0.8430090546607971,0.21007728576660156,0.8679278492927551,0.19940665364265442,0.8828660845756531,0.17397135496139526,0.8507652878761292,0.21077652275562286,0.8520331978797913,0.2124004364013672,0.8678179979324341,0.20707830786705017,0.8759605884552002
A,0.14156833291053772,0.9546759724617004,0.15436922013759613,0.9262262582778931,0.16215428709983826,0.8957238793373108,0.17436131834983826,0.878631591796875,0.18555930256843567,0.8718886375427246,0.13691876828670502,0.8430714011192322,0.16846151649951935,0.8414240479469299,0.18786267936229706,0.8481044769287109,0.20134228467941284,0.8594448566436768,0.1413726657629013,0.8413049578666687,0.17424419522285461,0.8415585160255432,0.19033417105674744,0.849782407283783,0.202495738863945,0.8607582449913025,0.1503840982913971,0.8463506698608398,0.1812930703163147,0.844367265701294,0.1968103051185608,0.852979838848114,0.20841088891029358,0.8627192974090576,0.1630236953496933,0.8556854128837585,0.18782758712768555,0.8496582508087158,0.20178082585334778,0.850811243057251,0.21223200857639313,0.8535405397415161
A,0.02046530693769455,0.8358196020126343,0.05424680560827255,0.7922435402870178,0.10953971743583679,0.759711742401123,0.15032652020454407,0.7347232699394226,0.16922643780708313,0.7016423344612122,0.13183613121509552,0.7969326972961426,0.18498560786247253,0.8089516758918762,0.21915708482265472,0.8158102631568909,0.24361419677734375,0.8222581148147583,0.12112340331077576,0.8328748345375061,0.15153464674949646,0.866189181804657,0.15672123432159424,0.8844664692878723,0.15871210396289825,0.8967054486274719,0.10396768152713776,0.8649839162826538,0.12700088322162628,0.8897804021835327,0.12644091248512268,0.892413854598999,0.12214215099811554,0.8918139338493347,0.08381165564060211,0.8896611332893372,0.10043305903673172,0.9058422446250916,0.09650638699531555,0.9031445980072021,0.09044606983661652,0.8999821543693542
A,0.06990620493888855,0.6726188063621521,0.1164516806602478,0.6384201049804688,0.18105711042881012,0.6210459470748901,0.22415432333946228,0.5921570658683777,0.24539366364479065,0.5478084683418274,0.20072339475154877,0.6634528636932373,0.25835198163986206,0.6790856122970581,0.293254017829895,0.6834355592727661,0.32302623987197876,0.6871236562728882,0.18393999338150024,0.6937339305877686,0.22960953414440155,0.7758318185806274,0.2485068440437317,0.8160384893417358,0.26331284642219543,0.8435607552528381,0.1583908498287201,0.7232886552810669,0.18982890248298645,0.792887806892395,0.17145738005638123,0.7716951370239258,0.15511354804039001,0.7450335025787354,0.13075682520866394,0.7507328987121582,0.15989400446414948,0.8007614016532898,0.14501871168613434,0.7837877869606018,0.13055479526519775,0.7599456310272217
A,0.0761096179485321,0.6621066927909851,0.12411855906248093,0.6275382041931152,0.18867652118206024,0.6101903915405273,0.2312939465045929,0.5806847810745239,0.25259047746658325,0.5359415411949158,0.21128997206687927,0.6497376561164856,0.27311670780181885,0.6670735478401184,0.30912238359451294,0.6726396679878235,0.3396468460559845,0.6781303882598877,0.19390706717967987,0.6794165968894958,0.24362953007221222,0.7657210230827332,0.2655718922615051,0.812629222869873,0.2817683815956116,0.8468546867370605,0.16795861721038818,0.7092673182487488,0.19971594214439392,0.7812517881393433,0.18164131045341492,0.7587847709655762,0.16533514857292175,0.7316199541091919,0.14066635072231293,0.7366377115249634,0.16841602325439453,0.7874367833137512,0.15372928977012634,0.769070029258728,0.1396453082561493,0.744560718536377
A,0.07537399232387543,0.6566462516784668,0.12357901781797409,0.6225557327270508,0.18833544850349426,0.6054711937904358,0.23120051622390747,0.5762059092521667,0.2531477212905884,0.531129002571106,0.21040752530097961,0.6451998949050903,0.2729129195213318,0.6644867658615112,0.3087729215621948,0.6707091927528381,0.338771253824234,0.6767204403877258,0.19303348660469055,0.6735694408416748,0.24333322048187256,0.7621741890907288,0.26454728841781616,0.812352180480957,0.2792893350124359,0.8500092029571533,0.1669638603925705,0.7031624913215637,0.19766858220100403,0.7765260338783264,0.1796262264251709,0.7545595765113831,0.16398955881595612,0.7275792956352234,0.13955694437026978,0.7310820817947388,0.1668618768453598,0.7836818695068359,0.1523015946149826,0.7658753395080566,0.13868510723114014,0.7414344549179077
A,0.07459225505590439,0.6534227728843689,0.12194548547267914,0.6215822100639343,0.18645021319389343,0.6049411296844482,0.22932882606983185,0.5764260292053223,0.2523226737976074,0.5318649411201477,0.20765568315982819,0.6459905505180359,0.27031463384628296,0.6666451096534729,0.3066592216491699,0.6730274558067322,0.33681872487068176,0.6788405179977417,0.18895812332630157,0.6742281913757324,0.2393595278263092,0.7620617747306824,0.26120150089263916,0.8110069632530212,0.27678319811820984,0.8468955755233765,0.16244608163833618,0.7032102346420288,0.1949782520532608,0.7772808074951172,0.17633751034736633,0.7549572587013245,0.16015563905239105,0.7266053557395935,0.13529543578624725,0.730518639087677,0.1640336662530899,0.7837648987770081,0.14887899160385132,0.7653350830078125,0.1348327398300171,0.7394365072250366
A,0.07889586687088013,0.6789200901985168,0.12641701102256775,0.6373012065887451,0.18763737380504608,0.6167252659797668,0.23159410059452057,0.5891346335411072,0.2551537752151489,0.5500177145004272,0.20647560060024261,0.6404803395271301,0.2742469906806946,0.6212974190711975,0.3126187324523926,0.6062623858451843,0.3434096574783325,0.5904935598373413,0.2010347992181778,0.6720420122146606,0.2777100205421448,0.6730409860610962,0.32241445779800415,0.6772968173027039,0.3550260066986084,0.6813158392906189,0.18318483233451843,0.7088878154754639,0.25409987568855286,0.7360842823982239,0.2953045070171356,0.7589184641838074,0.3279517889022827,0.777029812335968,0.15909406542778015,0.7479388117790222,0.20746096968650818,0.7796493768692017,0.23605960607528687,0.8018587827682495,0.26242518424987793,0.8192617893218994
A,0.07923071086406708,0.7233732342720032,0.11783471703529358,0.6676579713821411,0.1712666004896164,0.6276800036430359,0.20874057710170746,0.5914911031723022,0.2258821427822113,0.5490149259567261,0.2005709707736969,0.6287444233894348,0.2636587619781494,0.5900529026985168,0.30013900995254517,0.5624828338623047,0.32781457901000977,0.5385618805885315,0.20125825703144073,0.6548287272453308,0.26899999380111694,0.6180400252342224,0.31136855483055115,0.5942952036857605,0.343702495098114,0.5754982829093933,0.1941402554512024,0.6906465888023376,0.2597188949584961,0.6691182851791382,0.30017316341400146,0.660079836845398,0.3334108591079712,0.6530136466026306,0.1816858947277069,0.7328495979309082,0.22674712538719177,0.7285065054893494,0.2561117708683014,0.726736307144165,0.28351151943206787,0.7257941961288452
A,0.1445554494857788,0.8294842839241028,0.14779043197631836,0.7608999609947205,0.16484247148036957,0.6901347637176514,0.1859426200389862,0.6431272625923157,0.20417074859142303,0.6120727062225342,0.16806119680404663,0.6549834609031677,0.18752534687519073,0.5791783928871155,0.19926199316978455,0.5326928496360779,0.20926308631896973,0.49750155210494995,0.17503605782985687,0.663040816783905,0.19057871401309967,0.5694462060928345,0.2025402933359146,0.5124186873435974,0.2128472775220871,0.46972012519836426,0.18724316358566284,0.685662031173706,0.2135993093252182,0.6041904091835022,0.2371920645236969,0.5569559335708618,0.256194144487381,0.5210998058319092,0.20453377068042755,0.7184081077575684,0.2339950054883957,0.6626074910163879,0.25581449270248413,0.628867506980896,0.2762245833873749,0.6014257073402405
A,0.2424078732728958,0.810494601726532,0.22550371289253235,0.7429357171058655,0.2237265408039093,0.6718330383300781,0.23672384023666382,0.6185898184776306,0.25446638464927673,0.5810535550117493,0.19704358279705048,0.6820664405822754,0.16826322674751282,0.6066120266914368,0.17792655527591705,0.5608322024345398,0.19581079483032227,0.5294132828712463,0.21403083205223083,0.7001947164535522,0.20444349944591522,0.617142379283905,0.22150900959968567,0.5638816356658936,0.24262216687202454,0.5291385054588318,0.24093584716320038,0.7216432690620422,0.2660556435585022,0.6407960653305054,0.2942931354045868,0.593163251876831,0.3173193335533142,0.5595090985298157,0.27286237478256226,0.7438948750495911,0.3019275963306427,0.7008359432220459,0.32249194383621216,0.677596926689148,0.33910664916038513,0.6577566266059875
A,0.2292085438966751,0.8022106289863586,0.21472956240177155,0.7509462237358093,0.2085862010717392,0.6790485382080078,0.2022024393081665,0.6204298138618469,0.18220554292201996,0.5827740430831909,0.20569536089897156,0.673981785774231,0.2193281650543213,0.5974719524383545,0.23110762238502502,0.5543895363807678,0.24307218194007874,0.5198622345924377,0.225894957780838,0.6919592022895813,0.27705466747283936,0.6253157258033752,0.3129028379917145,0.5895065665245056,0.337993323802948,0.5634043216705322,0.2481551170349121,0.7121931314468384,0.2929624319076538,0.6636820435523987,0.28871405124664307,0.6872010231018066,0.27599963545799255,0.7093191146850586,0.27189236879348755,0.7295897603034973,0.29913008213043213,0.6887905597686768,0.2922975420951843,0.7095118165016174,0.2784738838672638,0.7290418148040771
A,0.2152780443429947,0.7705997228622437,0.2685314118862152,0.7248222827911377,0.2929666340351105,0.6725751161575317,0.3136153817176819,0.6315768957138062,0.33435261249542236,0.5986390709877014,0.2507702708244324,0.603179931640625,0.30816733837127686,0.6263852119445801,0.3201332688331604,0.6721625328063965,0.3208156228065491,0.7045335173606873,0.23348720371723175,0.6184831857681274,0.30216553807258606,0.6395928263664246,0.30759698152542114,0.6878411173820496,0.30318811535835266,0.7122101783752441,0.22135628759860992,0.6449403166770935,0.2868257761001587,0.6677960157394409,0.2815818190574646,0.7028825879096985,0.2676033675670624,0.7143824696540833,0.21316051483154297,0.6784844994544983,0.2639533281326294,0.6893697381019592,0.26587846875190735,0.7108773589134216,0.2567000091075897,0.7166755199432373
A,0.19107118248939514,0.7237465977668762,0.24300959706306458,0.7237284779548645,0.2844288945198059,0.7379167079925537,0.31156909465789795,0.761340320110321,0.330407053232193,0.7892341613769531,0.3047512173652649,0.681742250919342,0.3218947947025299,0.7468063831329346,0.33204221725463867,0.7849289178848267,0.3433868885040283,0.812628448009491,0.2757130265235901,0.6803444623947144,0.2964135408401489,0.7578350901603699,0.3106510043144226,0.7948114275932312,0.3229573965072632,0.8209632635116577,0.24496212601661682,0.690768837928772,0.2664770483970642,0.7657811641693115,0.28338733315467834,0.8045137524604797,0.2985023558139801,0.8319658041000366,0.21706853806972504,0.7098848223686218,0.23737086355686188,0.7714102864265442,0.25498661398887634,0.8057150840759277,0.2706688642501831,0.830845832824707
A,0.23294290900230408,0.8399222493171692,0.28367769718170166,0.8492748737335205,0.3321467936038971,0.8562703132629395,0.36789771914482117,0.8604155778884888,0.396095335483551,0.8560590147972107,0.33944785594940186,0.8511360287666321,0.3827899694442749,0.8193209767341614,0.41592171788215637,0.7902082204818726,0.44046396017074585,0.7631404995918274,0.329562783241272,0.8492120504379272,0.3803996741771698,0.8096852898597717,0.4156986474990845,0.7774695158004761,0.44082486629486084,0.7511123418807983,0.31274470686912537,0.8499038815498352,0.3619440197944641,0.8177865147590637,0.39871421456336975,0.7858306169509888,0.4269666373729706,0.7550027966499329,0.2886032164096832,0.8516485691070557,0.3185485601425171,0.8324763774871826,0.34443002939224243,0.808814525604248,0.36712968349456787,0.783454179763794
A,0.2536328434944153,0.9203296899795532,0.31100401282310486,0.8960937857627869,0.35012590885162354,0.8526811003684998,0.37912705540657043,0.8304828405380249,0.3998126983642578,0.8143409490585327,0.3401038646697998,0.7630575895309448,0.3468673825263977,0.6979517340660095,0.36489683389663696,0.6662865281105042,0.3827205002307892,0.6480069756507874,0.3184806704521179,0.7553402185440063,0.3166767954826355,0.6686558723449707,0.33921074867248535,0.631680428981781,0.3638644814491272,0.6190748810768127,0.298010915517807,0.7641462683677673,0.30655601620674133,0.6846636533737183,0.3376469016075134,0.654194712638855,0.3644075095653534,0.6465170979499817,0.28213781118392944,0.7891924381256104,0.3105856776237488,0.7726383209228516,0.3461565375328064,0.7852962613105774,0.37796318531036377,0.8051861524581909
A,0.25227025151252747,0.8032419681549072,0.29676899313926697,0.7732566595077515,0.3255499005317688,0.727510929107666,0.3448253870010376,0.6828770041465759,0.35779044032096863,0.6454055905342102,0.30079057812690735,0.6634598970413208,0.30457383394241333,0.617752194404602,0.32024821639060974,0.6132808923721313,0.33022528886795044,0.6266084313392639,0.28304916620254517,0.6564894318580627,0.2845216393470764,0.5923141241073608,0.30237576365470886,0.5919191837310791,0.31325381994247437,0.6109845638275146,0.264767050743103,0.6570355296134949,0.2653115391731262,0.5903165936470032,0.2825348973274231,0.5981404781341553,0.29200419783592224,0.624303936958313,0.245777428150177,0.665162980556488,0.2530961036682129,0.6172194480895996,0.26732566952705383,0.6223604679107666,0.2752249538898468,0.6435911059379578
A,0.23880824446678162,0.705217719078064,0.2823103368282318,0.6937187314033508,0.3185076415538788,0.6490231156349182,0.33968299627304077,0.6018092632293701,0.3572947382926941,0.5646367073059082,0.312316358089447,0.6005772352218628,0.32688209414482117,0.5614876747131348,0.325118750333786,0.5519336462020874,0.3182491064071655,0.5541315674781799,0.2930189073085785,0.5852463841438293,0.307237446308136,0.5422055125236511,0.3093985319137573,0.5262418985366821,0.3060778081417084,0.5256978273391724,0.2716233730316162,0.5772954225540161,0.28164762258529663,0.5325634479522705,0.28723323345184326,0.5115622878074646,0.2906481921672821,0.5035094022750854,0.2468891143798828,0.5761022567749023,0.25162187218666077,0.5352885723114014,0.2555319666862488,0.5083339214324951,0.2609773874282837,0.4880985915660858
A,0.2418917417526245,0.7303234338760376,0.2822389304637909,0.7134068012237549,0.30211469531059265,0.663087785243988,0.30882054567337036,0.6130120158195496,0.32842111587524414,0.58598792552948,0.30736657977104187,0.5657832622528076,0.3249417841434479,0.5015896558761597,0.3315536677837372,0.4615009129047394,0.33421653509140015,0.4289490580558777,0.2816263437271118,0.5528454184532166,0.29523953795433044,0.483643114566803,0.3012564182281494,0.44211745262145996,0.3050834536552429,0.4113805592060089,0.25597086548805237,0.5572599172592163,0.26197850704193115,0.4949512183666229,0.26638495922088623,0.458640456199646,0.2715587019920349,0.4311707615852356,0.22857004404067993,0.5767310261726379,0.2163979709148407,0.5369236469268799,0.2110321819782257,0.5105392932891846,0.20806419849395752,0.48869049549102783
A,0.2560747265815735,0.7314087748527527,0.29819077253341675,0.7166261076927185,0.33382076025009155,0.6655291318893433,0.36217808723449707,0.6197676062583923,0.389128714799881,0.5984475016593933,0.31328538060188293,0.5778157114982605,0.33501163125038147,0.5172129273414612,0.34552615880966187,0.47944357991218567,0.3532901108264923,0.4491661787033081,0.28788262605667114,0.5672392249107361,0.30217376351356506,0.5045209527015686,0.31031695008277893,0.46582674980163574,0.31638577580451965,0.437499463558197,0.263564795255661,0.5713005065917969,0.27149587869644165,0.5141475796699524,0.2782820761203766,0.4804604947566986,0.285380095243454,0.4540954828262329,0.23876775801181793,0.5880905389785767,0.23310670256614685,0.5508242249488831,0.23191720247268677,0.5275351405143738,0.23302459716796875,0.5075765252113342
A,0.25250884890556335,0.725993812084198,0.29741764068603516,0.7099323272705078,0.33818504214286804,0.6661468744277954,0.37416043877601624,0.6321239471435547,0.4035191237926483,0.6152637004852295,0.31248199939727783,0.574582040309906,0.3380822241306305,0.5150705575942993,0.3509601354598999,0.47778937220573425,0.36085638403892517,0.4483494162559509,0.28675752878189087,0.5638157725334167,0.30191269516944885,0.49704110622406006,0.31088683009147644,0.4557172954082489,0.31781309843063354,0.42605286836624146,0.2616918385028839,0.5677744150161743,0.2703026235103607,0.5088179111480713,0.27880796790122986,0.47478121519088745,0.28762173652648926,0.44938167929649353,0.23565608263015747,0.583691418170929,0.23108498752117157,0.5441298484802246,0.23148071765899658,0.519110918045044,0.2341756671667099,0.4982854723930359
A,0.24727800488471985,0.7298783659934998,0.28556936979293823,0.7194865345954895,0.32095247507095337,0.6796356439590454,0.32510679960250854,0.6226478815078735,0.3126679062843323,0.5781876444816589,0.3380511403083801,0.6029333472251892,0.3730517625808716,0.5514705777168274,0.38995373249053955,0.5170197486877441,0.4030223786830902,0.4872545599937439,0.3145720660686493,0.5791184306144714,0.34190791845321655,0.5136616230010986,0.35583367943763733,0.4733657240867615,0.36580973863601685,0.4427074193954468,0.2885464131832123,0.5723855495452881,0.304563045501709,0.5100871324539185,0.3163032531738281,0.47277942299842834,0.32602986693382263,0.44430238008499146,0.2587263882160187,0.5781751275062561,0.26024794578552246,0.5275529026985168,0.26344361901283264,0.49372223019599915,0.2683144509792328,0.46363434195518494
A,0.24153175950050354,0.7063574194908142,0.27861660718917847,0.6947519779205322,0.31041157245635986,0.6502748727798462,0.3152957260608673,0.5971412062644958,0.3063558042049408,0.5552219748497009,0.329547643661499,0.6022117137908936,0.35871583223342896,0.5533605813980103,0.37282660603523254,0.5220950841903687,0.3837478458881378,0.49493807554244995,0.30467644333839417,0.5892731547355652,0.32090428471565247,0.5335835814476013,0.32932794094085693,0.5084946155548096,0.3367668688297272,0.4858468174934387,0.2774209976196289,0.5888015627861023,0.29068076610565186,0.5582396984100342,0.2860783040523529,0.6020776033401489,0.28064271807670593,0.6288676857948303,0.25070613622665405,0.5966681838035583,0.26513850688934326,0.582561194896698,0.2627248466014862,0.6166961789131165,0.25739598274230957,0.635945200920105
A,0.24365083873271942,0.7140708565711975,0.2793032228946686,0.6969523429870605,0.3077607750892639,0.6490979194641113,0.3032611608505249,0.5923206210136414,0.28936871886253357,0.5484375357627869,0.3354851007461548,0.6023443937301636,0.3645281493663788,0.5542030930519104,0.3810661733150482,0.5210692286491394,0.39219826459884644,0.4932343065738678,0.3098899722099304,0.5885357856750488,0.3284602165222168,0.5164405703544617,0.34152767062187195,0.47480547428131104,0.35128557682037354,0.4410487711429596,0.2804979383945465,0.5914068818092346,0.289023220539093,0.5629168152809143,0.2857396900653839,0.6031564474105835,0.28240635991096497,0.6268669366836548,0.2525757849216461,0.6033152937889099,0.26589342951774597,0.5832926034927368,0.26422029733657837,0.6165337562561035,0.26016533374786377,0.637895405292511
A,0.24663862586021423,0.7090600728988647,0.288717657327652,0.6872068047523499,0.31572580337524414,0.6400899291038513,0.3152991831302643,0.5894225835800171,0.30456334352493286,0.5537093877792358,0.33539289236068726,0.6171553730964661,0.354230135679245,0.5804759860038757,0.34641870856285095,0.5894357562065125,0.33345678448677063,0.6089116334915161,0.3126158118247986,0.6018627882003784,0.3271588683128357,0.5508003234863281,0.31972265243530273,0.5803573131561279,0.3116902709007263,0.6085672378540039,0.2867675721645355,0.5954082012176514,0.2984375059604645,0.5657495260238647,0.2916281521320343,0.6092088222503662,0.2847355008125305,0.6339345574378967,0.2596386671066284,0.5967289209365845,0.27666711807250977,0.5813316106796265,0.2724526524543762,0.6135299801826477,0.2658780813217163,0.6308701634407043
A,0.24454602599143982,0.709553062915802,0.2900238037109375,0.6773117780685425,0.31542932987213135,0.6343206167221069,0.32549044489860535,0.602145791053772,0.3315706253051758,0.5808670520782471,0.2843993008136749,0.5548641681671143,0.33096590638160706,0.5534785985946655,0.36170631647109985,0.5520591139793396,0.38657087087631226,0.5527014136314392,0.265581876039505,0.5585854649543762,0.32114851474761963,0.5727652907371521,0.3359319567680359,0.6126144528388977,0.3392988443374634,0.6358075737953186,0.2519127428531647,0.5772820711135864,0.3068816363811493,0.5975714325904846,0.30523058772087097,0.6314060688018799,0.29381075501441956,0.6447874903678894,0.24335698783397675,0.6050075888633728,0.29046061635017395,0.6257010102272034,0.2909645140171051,0.6504360437393188,0.2803827226161957,0.6583886742591858
A,0.2219877690076828,0.6993739604949951,0.25008276104927063,0.6503021121025085,0.27945417165756226,0.6113215684890747,0.313593327999115,0.6013591289520264,0.3408866226673126,0.6009824275970459,0.2587822377681732,0.5502126216888428,0.30728551745414734,0.5131773948669434,0.33590930700302124,0.4884589910507202,0.3577462434768677,0.46581602096557617,0.2554432451725006,0.5729926824569702,0.3207303583621979,0.5499334931373596,0.360179603099823,0.5406917929649353,0.3890780210494995,0.5293744206428528,0.2556736469268799,0.6046789884567261,0.31670239567756653,0.6101228594779968,0.30567941069602966,0.6321572065353394,0.28700143098831177,0.6387349963188171,0.25901418924331665,0.6402916312217712,0.30881431698799133,0.646573007106781,0.2996087670326233,0.6621506214141846,0.28274908661842346,0.6657968759536743
A,0.2508031129837036,0.714668333530426,0.2852848172187805,0.6879689693450928,0.3106396198272705,0.643430769443512,0.33028778433799744,0.6164804100990295,0.35099735856056213,0.5965366363525391,0.2900019884109497,0.575550377368927,0.32286810874938965,0.540145218372345,0.3484427034854889,0.5186643600463867,0.37037262320518494,0.5032557845115662,0.2716069519519806,0.5745680332183838,0.29516905546188354,0.5153167843818665,0.3171786665916443,0.4779220223426819,0.33545055985450745,0.44799721240997314,0.2537766098976135,0.5904107689857483,0.273201584815979,0.543978750705719,0.29973316192626953,0.5189912915229797,0.3211686313152313,0.4988756477832794,0.24070189893245697,0.6199193596839905,0.2611560821533203,0.6012988686561584,0.2764357030391693,0.5941784977912903,0.2860604524612427,0.5902150869369507
A,0.25489044189453125,0.7145832180976868,0.2941952347755432,0.6841982007026672,0.32230034470558167,0.6421118378639221,0.34855586290359497,0.616571843624115,0.37366703152656555,0.5982712507247925,0.2901684641838074,0.572969913482666,0.2975066602230072,0.5095090270042419,0.32519274950027466,0.5003477931022644,0.3455580472946167,0.5046340823173523,0.2764756381511688,0.5778669714927673,0.281886488199234,0.5031253695487976,0.3162875175476074,0.5126712322235107,0.33410921692848206,0.5373104810714722,0.26412779092788696,0.5906575918197632,0.26718220114707947,0.5243793725967407,0.3011196255683899,0.534085214138031,0.3190162479877472,0.5573211312294006,0.2550221085548401,0.6093378067016602,0.2615335285663605,0.5600414276123047,0.2882290184497833,0.5551652908325195,0.30666273832321167,0.5649654865264893
A,0.24733111262321472,0.7241085767745972,0.29367539286613464,0.6957641243934631,0.3276957869529724,0.6578311324119568,0.3584316074848175,0.6409178376197815,0.3865562677383423,0.6309598088264465,0.29167431592941284,0.587289571762085,0.3119652271270752,0.5322845578193665,0.343596488237381,0.5264629125595093,0.37053805589675903,0.5378289818763733,0.2770332992076874,0.5889992713928223,0.2906901240348816,0.5106748342514038,0.32563042640686035,0.5009010434150696,0.35324937105178833,0.5119081735610962,0.2664937973022461,0.6025272011756897,0.27990275621414185,0.5361751914024353,0.3159712553024292,0.527104377746582,0.343044638633728,0.5338619351387024,0.26436883211135864,0.6247462034225464,0.2879544198513031,0.5820540189743042,0.3182185888290405,0.5695933103561401,0.343519926071167,0.566796600818634
A,0.2279348075389862,0.7240076065063477,0.27802690863609314,0.6991138458251953,0.3054128885269165,0.6582483649253845,0.323262482881546,0.6378108859062195,0.3419399559497833,0.634834885597229,0.28177976608276367,0.5819116830825806,0.311450332403183,0.5319389700889587,0.34072741866111755,0.5191036462783813,0.3655276596546173,0.5185582041740417,0.271496057510376,0.5847027897834778,0.3069506883621216,0.5199999809265137,0.340969443321228,0.5054063200950623,0.36744827032089233,0.5049234628677368,0.2629695534706116,0.5982229709625244,0.29505789279937744,0.5346375703811646,0.32537052035331726,0.5166274905204773,0.34911468625068665,0.509293794631958,0.25885769724845886,0.6193690896034241,0.276863694190979,0.5757359266281128,0.2932652235031128,0.545206606388092,0.3077481687068939,0.5222418308258057
A,0.22804953157901764,0.7509740591049194,0.2831680476665497,0.723849892616272,0.31305521726608276,0.6803705096244812,0.33407583832740784,0.6580193042755127,0.3602381646633148,0.6491699814796448,0.2687746584415436,0.5985199809074402,0.31496661901474,0.5668947696685791,0.34679126739501953,0.5727558732032776,0.3687804937362671,0.5882710218429565,0.26048749685287476,0.6027089953422546,0.3177250325679779,0.5608310103416443,0.35245198011398315,0.5709671974182129,0.3745536804199219,0.5906592607498169,0.25996163487434387,0.617317259311676,0.3120231032371521,0.5735856890678406,0.3480214476585388,0.5811788439750671,0.37083959579467773,0.5974065065383911,0.26640453934669495,0.6395299434661865,0.3031880855560303,0.6059523820877075,0.3304009437561035,0.5980829000473022,0.35102909803390503,0.5983333587646484
A,0.31401532888412476,0.8575775623321533,0.34465181827545166,0.8314323425292969,0.35135990381240845,0.7863544821739197,0.35649120807647705,0.759471595287323,0.36879050731658936,0.7380027174949646,0.3304765224456787,0.7190156579017639,0.33024832606315613,0.6713194847106934,0.33141881227493286,0.6350923180580139,0.33149972558021545,0.6043359041213989,0.3249427378177643,0.7126393914222717,0.3236326277256012,0.6602776050567627,0.32567575573921204,0.6220090389251709,0.3279932737350464,0.5865155458450317,0.32165732979774475,0.7094358801841736,0.322793573141098,0.655042290687561,0.3258029520511627,0.6191741824150085,0.3283928632736206,0.5865515470504761,0.3229469060897827,0.709482729434967,0.3258698284626007,0.6618439555168152,0.32921475172042847,0.6297516822814941,0.3331533372402191,0.601121187210083
A,0.3463967740535736,0.854319155216217,0.3752063512802124,0.824374258518219,0.38711002469062805,0.7746714353561401,0.390947163105011,0.7398557662963867,0.39305099844932556,0.7106560468673706,0.37120383977890015,0.7283591032028198,0.3864096701145172,0.6782180070877075,0.3960190713405609,0.6386992335319519,0.4014553129673004,0.6074095368385315,0.369235634803772,0.7268187403678894,0.38684844970703125,0.6713745594024658,0.39735740423202515,0.6321336030960083,0.40426647663116455,0.5970621109008789,0.3732811510562897,0.7308471202850342,0.3930053412914276,0.6755193471908569,0.4023573100566864,0.63877934217453,0.4078510105609894,0.6073952913284302,0.383817195892334,0.7394328713417053,0.39980611205101013,0.6950082778930664,0.40708887577056885,0.6640999913215637,0.4122427999973297,0.6376919746398926
A,0.33853060007095337,0.8370712399482727,0.3454797863960266,0.7920722961425781,0.3575991690158844,0.7488260269165039,0.3687518239021301,0.7210785746574402,0.37751269340515137,0.6997185945510864,0.35753265023231506,0.7254574298858643,0.37455466389656067,0.6685096621513367,0.38450610637664795,0.6287527084350586,0.39229676127433777,0.5966835021972656,0.3592272102832794,0.7254226803779602,0.3756938874721527,0.6608623266220093,0.3855505883693695,0.6164251565933228,0.3934742510318756,0.5774002075195312,0.3671291768550873,0.730462908744812,0.3839946985244751,0.6667284965515137,0.39225974678993225,0.6269840598106384,0.3985459804534912,0.5918703079223633,0.38277822732925415,0.7401660084724426,0.39594343304634094,0.6950744986534119,0.4009511470794678,0.6648138165473938,0.4055618643760681,0.6372600197792053
A,0.3687417805194855,0.9069749712944031,0.33937838673591614,0.8645640015602112,0.31980329751968384,0.8049981594085693,0.3146709203720093,0.7540957927703857,0.31117069721221924,0.7154483795166016,0.3670843541622162,0.7700329422950745,0.38455820083618164,0.7206153273582458,0.3943704068660736,0.6921589970588684,0.39987003803253174,0.6714106798171997,0.39149922132492065,0.7821542024612427,0.4037994146347046,0.7340378761291504,0.4058212637901306,0.7117995619773865,0.4046624004840851,0.6983842849731445,0.41104188561439514,0.7991511225700378,0.4206095039844513,0.7605281472206116,0.417435884475708,0.7453950643539429,0.41086894273757935,0.7389252781867981,0.428446501493454,0.8188368082046509,0.4335973560810089,0.7880456447601318,0.4276445209980011,0.7796276807785034,0.4189378619194031,0.779438853263855
A,0.3782755136489868,0.9003579616546631,0.3440714180469513,0.8688279986381531,0.32024240493774414,0.8179942965507507,0.31080302596092224,0.7705854177474976,0.3017667829990387,0.7299060225486755,0.3446056544780731,0.7852414846420288,0.36139658093452454,0.7046630382537842,0.3731710612773895,0.6582434773445129,0.3835539221763611,0.6244032979011536,0.3706463575363159,0.7899710536003113,0.38503849506378174,0.7022045850753784,0.3962668478488922,0.650239109992981,0.40599408745765686,0.6134118437767029,0.39720067381858826,0.7978929877281189,0.40642213821411133,0.715628445148468,0.41445690393447876,0.6671075820922852,0.42215752601623535,0.6318447589874268,0.4229079782962799,0.8080401420593262,0.42660969495773315,0.7471252679824829,0.4293714165687561,0.7104990482330322,0.4329184293746948,0.6806783080101013
A,0.3757682144641876,0.9020058512687683,0.34287014603614807,0.8667553663253784,0.3214033842086792,0.8160211443901062,0.31430619955062866,0.7685679793357849,0.3058761954307556,0.729012668132782,0.34428006410598755,0.7825920581817627,0.35799020528793335,0.6976216435432434,0.36772969365119934,0.6502126455307007,0.3762262463569641,0.6151310801506042,0.36709097027778625,0.7883744835853577,0.3780571222305298,0.6943155527114868,0.38568755984306335,0.6406346559524536,0.39211946725845337,0.6015768647193909,0.3912360668182373,0.7974154949188232,0.3989354968070984,0.7093862891197205,0.4044540226459503,0.6598659753799438,0.40912359952926636,0.6232157349586487,0.41595280170440674,0.8090599775314331,0.41853106021881104,0.7435023188591003,0.42014840245246887,0.7055785655975342,0.4219093322753906,0.6741906404495239
A,0.4155479669570923,0.826445996761322,0.41914868354797363,0.7824454307556152,0.4090098440647125,0.7421917915344238,0.39781349897384644,0.7152236104011536,0.39017924666404724,0.6952372193336487,0.39172691106796265,0.7142559289932251,0.3816226124763489,0.6774305105209351,0.3748977780342102,0.6567957997322083,0.368728905916214,0.6389716863632202,0.3872474431991577,0.721738338470459,0.3759203553199768,0.6843755841255188,0.369642972946167,0.661445677280426,0.36454030871391296,0.6418626308441162,0.38443195819854736,0.733995795249939,0.3749397397041321,0.697721004486084,0.3707892894744873,0.6762816309928894,0.36750859022140503,0.6583143472671509,0.38389211893081665,0.7507506012916565,0.3818284869194031,0.7267346382141113,0.38172972202301025,0.7095502018928528,0.38201797008514404,0.6936898827552795
A,0.4002419114112854,0.7996290922164917,0.4059290587902069,0.7592027187347412,0.40030431747436523,0.7202224731445312,0.39563968777656555,0.6939787268638611,0.38893651962280273,0.6749876737594604,0.37947192788124084,0.6968721151351929,0.3693062365055084,0.6618353128433228,0.3620290756225586,0.6423833966255188,0.35543960332870483,0.6262124180793762,0.37666216492652893,0.6999500393867493,0.3640187680721283,0.6630310416221619,0.3553600311279297,0.6412968039512634,0.3471992015838623,0.6237821578979492,0.37620288133621216,0.7075371146202087,0.36620593070983887,0.6728249788284302,0.35817447304725647,0.651637077331543,0.35057923197746277,0.6353063583374023,0.3792843818664551,0.7174323797225952,0.3746364116668701,0.692134439945221,0.3695541024208069,0.6748789548873901,0.36456719040870667,0.660468578338623
A,0.40567976236343384,0.8266603946685791,0.4030799865722656,0.7834346890449524,0.3919180631637573,0.7419298887252808,0.3811834752559662,0.7105425000190735,0.37102842330932617,0.6885223388671875,0.38545337319374084,0.7357558608055115,0.3740050792694092,0.7018240690231323,0.36581775546073914,0.684593677520752,0.3579947352409363,0.6704955697059631,0.38499483466148376,0.744452714920044,0.37239664793014526,0.7119503021240234,0.3626862168312073,0.6926888227462769,0.3535470962524414,0.6757031083106995,0.38559234142303467,0.7576349973678589,0.37407875061035156,0.7268786430358887,0.36630532145500183,0.7086004018783569,0.35927340388298035,0.6930958032608032,0.38760069012641907,0.7734552621841431,0.3819904029369354,0.7530161738395691,0.37792253494262695,0.7387350797653198,0.374234676361084,0.7260779142379761
A,0.40682724118232727,0.8299854397773743,0.4024028480052948,0.8027096390724182,0.3937716484069824,0.7727895379066467,0.3876814544200897,0.7499994039535522,0.3831149935722351,0.732312023639679,0.38783395290374756,0.7675908207893372,0.3775940537452698,0.7354604601860046,0.3683449923992157,0.710877001285553,0.3604968190193176,0.6910614371299744,0.38764655590057373,0.7689015865325928,0.3760885000228882,0.7343751192092896,0.36657559871673584,0.707328736782074,0.357461154460907,0.6824802160263062,0.3895253837108612,0.7720235586166382,0.37865355610847473,0.7387346029281616,0.37218785285949707,0.7160401940345764,0.3654141426086426,0.6961203217506409,0.39361372590065,0.7759464383125305,0.38784223794937134,0.7543373703956604,0.38397711515426636,0.7391228079795837,0.3807297646999359,0.7253787517547607
A,0.4027082324028015,0.9837426543235779,0.36842820048332214,0.9265759587287903,0.343085378408432,0.8695181012153625,0.33317065238952637,0.8217507600784302,0.32635360956192017,0.7870264649391174,0.32517319917678833,0.8626831769943237,0.29293274879455566,0.7931695580482483,0.2763577699661255,0.7574484348297119,0.260843425989151,0.7276527881622314,0.3403990566730499,0.8707066178321838,0.3087376356124878,0.8023799061775208,0.2899593710899353,0.7611061930656433,0.2733937203884125,0.7269049882888794,0.36748868227005005,0.8808552026748657,0.3420325219631195,0.8162620067596436,0.32485905289649963,0.7765594720840454,0.30883878469467163,0.7422008514404297,0.40255206823349,0.8915305733680725,0.3977010250091553,0.8474377989768982,0.3924594819545746,0.8187419176101685,0.3883281946182251,0.7916668653488159
A,0.3165731430053711,0.9181134104728699,0.344677597284317,0.8631395101547241,0.3529299199581146,0.796366274356842,0.35392335057258606,0.740515947341919,0.35716208815574646,0.6962081789970398,0.29365530610084534,0.7462681531906128,0.28544843196868896,0.6816039681434631,0.27807870507240295,0.6413934826850891,0.27023255825042725,0.6084572076797485,0.26570549607276917,0.7568813562393188,0.23588943481445312,0.694021463394165,0.21640458703041077,0.6567015647888184,0.198799267411232,0.6268426775932312,0.24637942016124725,0.779446005821228,0.21348172426223755,0.7240524291992188,0.1939259171485901,0.6904925107955933,0.17672716081142426,0.6602680683135986,0.23494264483451843,0.8121234178543091,0.2001822292804718,0.7788737416267395,0.17807960510253906,0.7560793161392212,0.15894296765327454,0.7331300973892212
A,0.26967987418174744,0.8480561375617981,0.3076454699039459,0.8044174909591675,0.3337326645851135,0.7426385283470154,0.33434656262397766,0.6856628656387329,0.3339988887310028,0.6402919292449951,0.29675403237342834,0.6806442737579346,0.3037741780281067,0.6170768737792969,0.30819231271743774,0.5769965648651123,0.31266364455223083,0.5432347655296326,0.26743075251579285,0.6790786385536194,0.26001423597335815,0.6098964810371399,0.2579157054424286,0.5639466643333435,0.25823336839675903,0.5256896615028381,0.24208827316761017,0.6886722445487976,0.23147806525230408,0.6249632239341736,0.23076045513153076,0.5827255249023438,0.23348820209503174,0.5471885204315186,0.21874520182609558,0.7089300155639648,0.20057685673236847,0.66090989112854,0.19107988476753235,0.6282451152801514,0.18467062711715698,0.5965679883956909
A,0.251710444688797,0.8108735084533691,0.29951053857803345,0.7797142267227173,0.337869793176651,0.7246696949005127,0.3565589189529419,0.668576717376709,0.3734511435031891,0.6281817555427551,0.3002054989337921,0.6439956426620483,0.3186435401439667,0.5845961570739746,0.3290073871612549,0.5466628074645996,0.33742430806159973,0.515613317489624,0.2703612148761749,0.635616660118103,0.2721812427043915,0.5635049343109131,0.27299225330352783,0.5194960832595825,0.27405819296836853,0.4819442629814148,0.24376358091831207,0.6419673562049866,0.23785459995269775,0.5779660940170288,0.23684340715408325,0.5378612279891968,0.23790410161018372,0.5025463104248047,0.218065083026886,0.6609801650047302,0.19802674651145935,0.6182340979576111,0.1864633858203888,0.5897701382637024,0.17825709283351898,0.5610836744308472
A,0.24540749192237854,0.8125343322753906,0.2915763854980469,0.7800313830375671,0.32799285650253296,0.7238035202026367,0.34669697284698486,0.6671571731567383,0.3618937134742737,0.6258097290992737,0.2924382984638214,0.6408541798591614,0.31091582775115967,0.5794116258621216,0.32027798891067505,0.54078209400177,0.3273453712463379,0.5090007185935974,0.2621171474456787,0.6327292323112488,0.26341500878334045,0.5584757328033447,0.2629162669181824,0.5137051939964294,0.26215553283691406,0.4769928455352783,0.2349587082862854,0.6404412388801575,0.22810831665992737,0.5756457448005676,0.2259836345911026,0.5349794626235962,0.2253188043832779,0.5003132820129395,0.20849758386611938,0.661160945892334,0.1879972219467163,0.6177461743354797,0.17502212524414062,0.5885342359542847,0.1650790423154831,0.5601499676704407
A,0.24194036424160004,0.8137516975402832,0.28855466842651367,0.7821564674377441,0.3263191878795624,0.7234262824058533,0.3473985195159912,0.6647506952285767,0.36393341422080994,0.6221668124198914,0.2916843593120575,0.6379353404045105,0.31187698245048523,0.5762251615524292,0.322104275226593,0.5363644361495972,0.3298066258430481,0.5039800405502319,0.26078715920448303,0.6296992897987366,0.263860821723938,0.5551847219467163,0.2644366919994354,0.5107607245445251,0.2646072804927826,0.47366487979888916,0.23308181762695312,0.6373509168624878,0.22735051810741425,0.5707998275756836,0.22562143206596375,0.5302179455757141,0.2252323031425476,0.49508580565452576,0.20661695301532745,0.6584872603416443,0.18680454790592194,0.6132967472076416,0.17493385076522827,0.5831629037857056,0.16626176238059998,0.553474485874176
A,0.2422780841588974,0.8162875771522522,0.2885662615299225,0.7848389148712158,0.32548099756240845,0.7261646389961243,0.34666678309440613,0.6675356030464172,0.36399269104003906,0.6245145797729492,0.2923620939254761,0.6390340328216553,0.31329455971717834,0.5760045647621155,0.3240886330604553,0.5350111126899719,0.33247900009155273,0.5012189149856567,0.26117220520973206,0.6301403641700745,0.2639862596988678,0.5545121431350708,0.26475709676742554,0.5086819529533386,0.2653166651725769,0.4701784551143646,0.2330564260482788,0.6375100612640381,0.2273179590702057,0.5698133707046509,0.22578132152557373,0.5274357795715332,0.2258121222257614,0.49018576741218567,0.20638833940029144,0.6589030623435974,0.18651333451271057,0.6132001280784607,0.17471563816070557,0.5818812847137451,0.1660761535167694,0.5507004261016846
A,0.2384432703256607,0.8186308145523071,0.28554531931877136,0.7876793146133423,0.3233124911785126,0.7273004651069641,0.34569627046585083,0.667985737323761,0.36439478397369385,0.6256288290023804,0.2894494831562042,0.6396468281745911,0.31049644947052,0.5755681395530701,0.32140007615089417,0.5339772701263428,0.3297877013683319,0.4998255968093872,0.25770103931427,0.6308754682540894,0.26043128967285156,0.5542069673538208,0.26114803552627563,0.5078543424606323,0.26144862174987793,0.4689248204231262,0.22927358746528625,0.6386123299598694,0.22344708442687988,0.5695129632949829,0.2218194305896759,0.5263670682907104,0.22166502475738525,0.48844558000564575,0.20230641961097717,0.6604379415512085,0.18152791261672974,0.6136459112167358,0.16905477643013,0.5814353227615356,0.15985259413719177,0.5491604804992676
A,0.23458625376224518,0.8130992650985718,0.283185213804245,0.7836828231811523,0.32242077589035034,0.7271474599838257,0.34931790828704834,0.6707180738449097,0.3724558353424072,0.6311935186386108,0.2899036109447479,0.6379686594009399,0.31276655197143555,0.5731638073921204,0.3236389458179474,0.5315630435943604,0.33155590295791626,0.496089905500412,0.25834038853645325,0.62733393907547,0.2643345594406128,0.5480020046234131,0.2663480341434479,0.5001059770584106,0.26712101697921753,0.4603229761123657,0.2291123867034912,0.634581983089447,0.2268986701965332,0.5628748536109924,0.2268478274345398,0.5180659294128418,0.22764676809310913,0.4797787070274353,0.2004128396511078,0.6558209657669067,0.18445709347724915,0.6038426160812378,0.17558428645133972,0.5682713985443115,0.16933327913284302,0.5340825319290161
A,0.23886257410049438,0.7882890701293945,0.28666234016418457,0.759638786315918,0.321521520614624,0.7027423977851868,0.3364255428314209,0.6472933888435364,0.35265645384788513,0.6082056164741516,0.28864189982414246,0.6353783011436462,0.30968034267425537,0.5803611278533936,0.318558931350708,0.5464200973510742,0.32391244173049927,0.517338752746582,0.2604517638683319,0.624695360660553,0.2612415552139282,0.5567346215248108,0.2608028054237366,0.5180948972702026,0.25902047753334045,0.48783034086227417,0.23506894707679749,0.6284528374671936,0.22995224595069885,0.5648607015609741,0.22990858554840088,0.5253324508666992,0.22978579998016357,0.490589439868927,0.21095886826515198,0.642629861831665,0.20735597610473633,0.5871305465698242,0.20876750349998474,0.5529512166976929,0.21258249878883362,0.5201706886291504
A,0.24886257946491241,0.7786011099815369,0.2918004095554352,0.7558650374412537,0.32388144731521606,0.7074161767959595,0.33560481667518616,0.658390462398529,0.3339824378490448,0.619016170501709,0.2915306091308594,0.668487012386322,0.30275893211364746,0.6271116733551025,0.31063312292099,0.5996720194816589,0.31778037548065186,0.5791820287704468,0.2693748474121094,0.6612094640731812,0.27745863795280457,0.6161952614784241,0.28465330600738525,0.5866314768791199,0.29388049244880676,0.563468337059021,0.2485266625881195,0.6591992378234863,0.2567177712917328,0.6151719689369202,0.2659492492675781,0.5890156030654907,0.27694740891456604,0.5702191591262817,0.2280655801296234,0.6626165509223938,0.23780231177806854,0.6258306503295898,0.24687795341014862,0.6020824909210205,0.25832661986351013,0.5830419063568115
A,0.23424509167671204,0.7891677021980286,0.28204381465911865,0.751134991645813,0.31850263476371765,0.6979122161865234,0.3184150159358978,0.6401619911193848,0.29248538613319397,0.6173932552337646,0.2926847040653229,0.6418161392211914,0.2993406653404236,0.5971890091896057,0.29871702194213867,0.6430095434188843,0.2946774363517761,0.6679441928863525,0.2667831778526306,0.6373597383499146,0.2748502492904663,0.5878015160560608,0.2758175730705261,0.645868182182312,0.2707520127296448,0.6722025275230408,0.2412201464176178,0.6384035348892212,0.2491912543773651,0.5938840508460999,0.2524614930152893,0.6497381925582886,0.24759936332702637,0.6771435141563416,0.21163639426231384,0.643672525882721,0.22263474762439728,0.6040616631507874,0.22820836305618286,0.6398305296897888,0.2245265543460846,0.661761999130249
A,0.2291027158498764,0.7703293561935425,0.2786819338798523,0.7545985579490662,0.3210294842720032,0.7050124406814575,0.32190537452697754,0.6487168669700623,0.29017531871795654,0.6398369073867798,0.2947830855846405,0.6460700631141663,0.30662479996681213,0.6090876460075378,0.2987678647041321,0.6536279320716858,0.2931423783302307,0.6686588525772095,0.2697009742259979,0.6351785063743591,0.28028929233551025,0.5946366190910339,0.2738999128341675,0.6497504711151123,0.26797017455101013,0.6598145365715027,0.24355442821979523,0.6322393417358398,0.25181302428245544,0.5917951464653015,0.25040391087532043,0.6454285979270935,0.2444433569908142,0.658839225769043,0.21316340565681458,0.6326804161071777,0.22158321738243103,0.5966737270355225,0.22468581795692444,0.6321080923080444,0.22175437211990356,0.6474670767784119
A,0.22944332659244537,0.7706766724586487,0.27869081497192383,0.7544556260108948,0.32258522510528564,0.7052417397499084,0.3242088854312897,0.6498500108718872,0.2925505042076111,0.639959990978241,0.29787471890449524,0.6443954706192017,0.3097198009490967,0.6098051071166992,0.30022215843200684,0.6553614139556885,0.29413920640945435,0.668624997138977,0.27252301573753357,0.6331151127815247,0.2829309105873108,0.5957326292991638,0.2756273150444031,0.6512748599052429,0.26966020464897156,0.6593392491340637,0.24608518183231354,0.6301224231719971,0.25449085235595703,0.5917831063270569,0.25223666429519653,0.6454333662986755,0.24585773050785065,0.6565409302711487,0.21550634503364563,0.6304933428764343,0.22544331848621368,0.5981903076171875,0.22702060639858246,0.6338776350021362,0.22241276502609253,0.646182119846344
A,0.23152866959571838,0.7634426951408386,0.2809312343597412,0.7497926354408264,0.3222312033176422,0.7040730118751526,0.32618248462677,0.6513426303863525,0.297068327665329,0.6417098045349121,0.29652759432792664,0.6396610140800476,0.30789461731910706,0.5903093218803406,0.31032809615135193,0.6205613613128662,0.3034729063510895,0.6505710482597351,0.272188276052475,0.6313607692718506,0.282461553812027,0.5778079628944397,0.28410467505455017,0.6233155727386475,0.27603408694267273,0.6549784541130066,0.2462814599275589,0.6299077868461609,0.25571030378341675,0.5825729966163635,0.2597224712371826,0.6275447607040405,0.25292378664016724,0.6572621464729309,0.21604138612747192,0.6330941915512085,0.2266456037759781,0.5915513634681702,0.23356948792934418,0.6208463907241821,0.22998687624931335,0.6445654034614563
A,0.21925976872444153,0.7944602966308594,0.27086374163627625,0.7686131596565247,0.31645938754081726,0.7158733010292053,0.352772057056427,0.6724181175231934,0.3817489743232727,0.6448442935943604,0.2781938314437866,0.6081864237785339,0.2964898347854614,0.5467249751091003,0.3036896586418152,0.5085684061050415,0.30794256925582886,0.477882444858551,0.24541883170604706,0.597310483455658,0.2472514808177948,0.5203396081924438,0.2473764270544052,0.4758419096469879,0.2459721565246582,0.4415951371192932,0.21507208049297333,0.6040871143341064,0.20993176102638245,0.5322517156600952,0.20716166496276855,0.49089914560317993,0.20529389381408691,0.45628824830055237,0.1851544976234436,0.6257222890853882,0.1664179265499115,0.5736395716667175,0.1557137370109558,0.5394089221954346,0.1488068699836731,0.5059564709663391
A,0.22139456868171692,0.7888036370277405,0.26816198229789734,0.7510378956794739,0.30878373980522156,0.6963022947311401,0.32746008038520813,0.6450119018554688,0.3245803117752075,0.6105756163597107,0.2737084627151489,0.6183692216873169,0.28416526317596436,0.571649432182312,0.2892264127731323,0.553023636341095,0.2930647134780884,0.5487642288208008,0.2448248267173767,0.6102266311645508,0.2438453733921051,0.5501399040222168,0.24431590735912323,0.5206758975982666,0.2455216944217682,0.5113726854324341,0.21816131472587585,0.6159448027610779,0.2148357629776001,0.5584067106246948,0.21797215938568115,0.5295110940933228,0.2241194248199463,0.5210602283477783,0.1898990124464035,0.6321347951889038,0.18176192045211792,0.5858542919158936,0.1826927661895752,0.5646794438362122,0.1873927116394043,0.5581907033920288
A,0.2085999846458435,0.7770786285400391,0.25842249393463135,0.7456009387969971,0.28731265664100647,0.6822855472564697,0.27146387100219727,0.6291415095329285,0.23721277713775635,0.6299193501472473,0.26232656836509705,0.644259512424469,0.270116925239563,0.6036680340766907,0.2663780450820923,0.6476818919181824,0.2611520290374756,0.6661202907562256,0.23639413714408875,0.6403511762619019,0.24312518537044525,0.5908435583114624,0.24401429295539856,0.6432562470436096,0.2385874092578888,0.662600040435791,0.21033422648906708,0.6438047885894775,0.21419671177864075,0.5948830842971802,0.22166408598423004,0.647011399269104,0.21767425537109375,0.6685886979103088,0.18081390857696533,0.6521723866462708,0.19107380509376526,0.613096296787262,0.19932955503463745,0.6486226916313171,0.1962069272994995,0.6675662398338318
A,0.18337522447109222,0.8119738698005676,0.2282996028661728,0.7863845825195312,0.26210924983024597,0.7079747319221497,0.2642401158809662,0.647354781627655,0.2429765909910202,0.6217381358146667,0.22419777512550354,0.6567134857177734,0.2304001897573471,0.6167325973510742,0.23392315208911896,0.6615340709686279,0.23500056564807892,0.6842074394226074,0.19659918546676636,0.6591628789901733,0.1994834989309311,0.6235008239746094,0.20591557025909424,0.6719421744346619,0.2071949690580368,0.6899126172065735,0.1698640137910843,0.6686896681785583,0.1717204749584198,0.6341386437416077,0.18160098791122437,0.6800110936164856,0.18430130183696747,0.698221743106842,0.1422806978225708,0.6823858618736267,0.14876654744148254,0.6552878022193909,0.15660503506660461,0.6878259181976318,0.15875932574272156,0.7048104405403137
