A,0.0,0.0,0.21002527628410225,-0.12337759064159588,0.32252359578448225,-0.38968935119915443,0.34524522108597244,-0.6277745789350605,0.32847124937373445,-0.7871775052498521,0.2796031519979397,-0.6912942984070201,0.31983457532748916,-0.9323605236587709,0.33438599119123946,-0.8595006640025521,0.31924436981180043,-0.747672347274499,0.17753657708887324,-0.7199657836735219,0.20833077970074168,-0.9780584267973366,0.22552580145376697,-0.8660642641580214,0.2073710062453226,-0.7293219200820382,0.06681052891737913,-0.7263843146227986,0.09890355139305607,-0.9699786787657396,0.12648802886866956,-0.8614494453922047,0.10902180676186204,-0.7313063712131375,-0.056709189096063296,-0.7114806140961014,-0.02090908761499184,-0.9148341778125146,0.01404468489763249,-0.8522657740222292,0.011250861592059142,-0.7557425343444711
A,0.0,0.0,0.21329032630498107,-0.1286464747986635,0.34673538413622296,-0.3992119002845781,0.3975919798493859,-0.6466806221608992,0.40244512186640863,-0.8367488795427657,0.2876889232213639,-0.6817293538848269,0.3140842389603205,-0.9236222277847397,0.33713821807106614,-0.865739156979355,0.3295809963875221,-0.7554983160505822,0.17981919168640081,-0.7080035165847969,0.20754939728372843,-0.9782245384814068,0.23166767776014144,-0.872004213303376,0.21329032630498107,-0.7319388639957202,0.06542905975683729,-0.7055413418272456,0.09408095113917085,-0.972692217341853,0.12419089126387839,-0.8703247192711986,0.10812708145055888,-0.7389567139543717,-0.061909403506674114,-0.6785627263575388,-0.040277167343506795,-0.9059539425428538,0.004118601572040822,-0.8583325742565378,0.01039709705767126,-0.7617966694018744
A,0.0,0.0,0.206630289512483,-0.12492891277267383,0.3348934973715858,-0.38219103856265757,0.37153860747423323,-0.6580975800073023,0.38611502646119156,-0.8699905163395318,0.2861191131125957,-0.6741574700808436,0.3068214281381109,-0.9181981045781675,0.3101430697343619,-0.9023141582728156,0.2953637932064546,-0.7946040345947478,0.1697501860208155,-0.7077340083908001,0.18056189040624235,-0.9835636246491247,0.18848538544627744,-0.8994311710027354,0.1802411344726825,-0.7508806022563357,0.054000677400606156,-0.7038945779425033,0.05648236826789826,-0.9710125674868486,0.07407875357733992,-0.8964140165669583,0.06855540469011648,-0.7567259121714217,-0.07132009186948488,-0.6718306338314443,-0.06174822867245187,-0.8863880336668704,-0.03397241178838262,-0.8521213780195865,-0.027018415114843083,-0.7504276876475834
A,0.0,0.0,0.2003753895038957,-0.12348359692766969,0.283164166411977,-0.43617641435266136,0.28990172609901854,-0.6894005499053476,0.2721923500886833,-0.8707457749554508,0.20868214465771182,-0.7275967232405169,0.23575932000214514,-0.954057077150559,0.2645316151560616,-0.8467300592741017,0.25058539297573623,-0.7408455027188634,0.09975515880629388,-0.7505752839255706,0.12767736342157188,-0.9918157544976365,0.16217881126730288,-0.8326872681042715,0.13919397461018498,-0.7226125891679426,-0.018489013701284647,-0.7406894132201042,0.010902173278451695,-0.9812565327248893,0.058302160871201575,-0.8267305608124499,0.03879542744194945,-0.7230174905914427,-0.1475796855415836,-0.7053332184693645,-0.10289962326119557,-0.9063204140241687,-0.049587265082497375,-0.8148537898076336,-0.058972272727094224,-0.7317583000712509
A,0.0,0.0,0.19453400124072392,-0.18770413541152123,0.28596338097045493,-0.4657134536142561,0.3051075037938651,-0.7146668088138894,0.29138582195027346,-0.900121603097838,0.22017266320287912,-0.7228654516705252,0.2253867090643342,-0.960059259791013,0.2521296757037084,-0.8920461028111443,0.2527181077379239,-0.7768841186518538,0.11687593928277656,-0.7344450211474475,0.11816457891469348,-0.9929940242971824,0.14759678983149502,-0.8845226601380063,0.14545164626310408,-0.7505846547143786,0.007548639537449195,-0.7198577417622168,0.015549496481747211,-0.96597900730329,0.04976342811445332,-0.8635492070755797,0.04718292819879023,-0.7405218227989274,-0.1147468989735319,-0.6829998444278006,-0.09912275914938902,-0.8872848427068608,-0.05828925130691978,-0.8287428649563984,-0.05085617633510853,-0.7363251240153016
A,0.0,0.0,0.1992330761183903,-0.1585774467473777,0.3093509502480704,-0.4247780561070606,0.32745741855511884,-0.6828534876268602,0.32079297202013435,-0.8798984204350814,0.2608528783671424,-0.7103336098814094,0.2702330507084176,-0.9423992243424147,0.27442621120365424,-0.9096557028147824,0.26975415246579915,-0.8206342027365803,0.14287993233960875,-0.731662609110714,0.1472490894667562,-0.9890994417404204,0.1559979961109346,-0.9011640690248902,0.15214827348769064,-0.776578416212957,0.022864692062609864,-0.71903851736761,0.028731042759832078,-0.9592608831383439,0.045381872257118025,-0.8788538478327217,0.03961981586028741,-0.7637970682200439,-0.10646349961986497,-0.6764338882580294,-0.08871045047527637,-0.8822195797182109,-0.06111564523025749,-0.8342637567193969,-0.056914133042997334,-0.7427935812798522
A,0.0,0.0,0.1931858554388349,-0.1428400619761977,0.2938389175500068,-0.41620536925357654,0.29668721369595585,-0.659277472158255,0.22310058526419904,-0.7918449559564722,0.22586802163549347,-0.716555403736505,0.24739153892981486,-0.930570271441803,0.27031930686565125,-0.8998782717407013,0.2622075050742527,-0.823244796198006,0.11960854069839957,-0.751760733582072,0.13391796903983091,-0.9909924205402616,0.16884409982055648,-0.9120595216151759,0.1601455354759051,-0.8046260922219707,0.004212328574939478,-0.7567801781799383,0.020575214177953122,-0.9994960323915704,0.0660499470794593,-0.9171903071592943,0.05981548911374611,-0.8094522777249165,-0.12467434207807052,-0.7325520919307424,-0.09587281004042528,-0.9445966905719433,-0.045104725346280336,-0.9051692951105098,-0.037694202176428264,-0.821198112530112
A,0.0,0.0,0.18390351243170455,-0.09236717483635949,0.2911975972755159,-0.4355930254410362,0.3066874989347703,-0.6971586459183953,0.25530263392704716,-0.8449586795750376,0.22391590308014497,-0.7472982224042046,0.2511970296667277,-0.9620041925596349,0.25951894483138277,-0.7996214068315988,0.23286142984536484,-0.7124254145747588,0.11358996094079218,-0.7683303351237009,0.12972368085019878,-0.9915501836148666,0.15461827314189347,-0.8047164920286296,0.13163471398671064,-0.7108553149089453,-0.003923529449675422,-0.7561577634264994,0.01281531512556706,-0.989271131498635,0.05799028977923459,-0.8173649948129218,0.034854750823431535,-0.7178416565216152,-0.13377790862912048,-0.722692112280024,-0.0914688387871488,-0.9216721499118702,-0.043351432010582024,-0.8205417380852922,-0.05198418563591159,-0.7337464393904836
A,0.0,0.0,0.18044081831276768,-0.23611484637353627,0.2655745085817582,-0.4652067089448075,0.2774656090452732,-0.6726738196461206,0.26557330368759835,-0.8389493858325335,0.22836892607536394,-0.5992949046728454,0.24401860780664836,-0.7767481018524077,0.2499558098431555,-0.8882433271891832,0.2569658840651365,-0.9664204749624372,0.13249653054288207,-0.618838115817802,0.14652872792844251,-0.8097165879818368,0.14978056513812832,-0.8964269683228536,0.16010340978873588,-0.9272521198696547,0.034369605909592225,-0.6217341649948591,0.04621664167240431,-0.8013048775964813,0.05273374205527137,-0.8755778240363618,0.06662634384602684,-0.8831295842470618,-0.07089132491640558,-0.5963974784738914,-0.06158196838196519,-0.7608068357344407,-0.04820506129162359,-0.8234897331230304,-0.033124433859260484,-0.8330414455113369
A,0.0,0.0,0.20193533420158355,-0.13116823746641829,0.31638003390333425,-0.4135886131702106,0.34447356704544274,-0.6724088376990085,0.325409049771332,-0.8537434632660525,0.24018756649353373,-0.6977355363149944,0.2441828203993622,-0.9377240739626127,0.2911120432374284,-0.9249868949598221,0.3130634794810073,-0.8375685335045954,0.13368022611832958,-0.7235981673540599,0.13732945892444362,-0.9905254260802796,0.18876807498873657,-0.9480982579746802,0.20392562266073777,-0.8236707605947292,0.02031250597051003,-0.7218077972552163,0.025440778837164276,-0.97654937590364,0.08333504562427811,-0.9446095825168912,0.1056485142266842,-0.8316425886040879,-0.10236509421557671,-0.6890552100898966,-0.10105483951151675,-0.9179681816248695,-0.04050514987627324,-0.9224161983578307,0.0017031976881186786,-0.8431128767295824
A,0.0,0.0,0.18234947520415984,-0.11484928288896763,0.2943802384927725,-0.424263455530469,0.31803831725813914,-0.6896485019848699,0.30946710074639056,-0.8877809420369489,0.2570098599607602,-0.734043812245796,0.27660109997046095,-0.9609848237590077,0.2782532409630741,-0.7807432593395619,0.2583146357612862,-0.6820378325618499,0.1566413145094211,-0.7543403682606488,0.18199779735167432,-0.9803059344037559,0.18695853298991214,-0.7647448575017423,0.1619333408782612,-0.6797509463706035,0.04339516510853963,-0.7532371113187377,0.08301047940792328,-0.9600595620735386,0.0991378689976579,-0.7540914101376518,0.0723680097248469,-0.6716913682061164,-0.08671034996969125,-0.7362213136869382,-0.026529918530646967,-0.8966497321161853,0.0006018121555911671,-0.7596527817513722,-0.018275486528160693,-0.6871259877118578
A,0.0,0.0,0.19095804697663962,-0.15863264161471777,0.3005597326429156,-0.4945775251313762,0.31315998280853347,-0.7632164138596023,0.25138145327914396,-0.9321137776591104,0.23316904265280278,-0.7830796453524421,0.25631962487686766,-0.9665920804056807,0.25456519424751933,-0.7994533504713361,0.23657240269253285,-0.7155227173858302,0.1075849731220466,-0.8007689632815567,0.11499065430520138,-0.9931397178157525,0.13389134479631443,-0.7916151563227767,0.12054649140599824,-0.7003074240576607,-0.021653599788409847,-0.7754730494973112,-0.018775434063814107,-0.9700992603700511,0.020172589648853354,-0.7886266556580266,0.006792218915897022,-0.6969229785790999,-0.15374301739066193,-0.7203787157233629,-0.12770165973455513,-0.8772186772628121,-0.08783985255561952,-0.7691097707963758,-0.09228666588652286,-0.6968010847404532
A,0.0,0.0,0.20947727970769514,-0.18435747384195253,0.3086889565294206,-0.46304052326035033,0.33484196004715233,-0.7133651969587351,0.31629380677287683,-0.8948415314854837,0.229198037136276,-0.7220045336662204,0.22527618209885017,-0.9683658955398958,0.27396341972827176,-0.9617401128427527,0.3074437492968673,-0.8875292415750855,0.1254372834177051,-0.7356401650483977,0.12377106425211673,-0.9872588060348455,0.17369599104385886,-0.9687392214274545,0.20593519461802748,-0.8707222733667195,0.011609404053442587,-0.7322005405159024,0.018955417878884943,-0.9686831581037187,0.07057341408704675,-0.9581082405143052,0.10761065008376883,-0.8667048314363341,-0.11319786507875643,-0.706376184068346,-0.09814389604666553,-0.9083289494830722,-0.04002190987913155,-0.9211526292801103,0.008956814073314874,-0.862554427063832
A,0.0,0.0,0.20155327841591691,-0.12162703962237677,0.26443870990962504,-0.4305389044111123,0.22064842711339547,-0.6619482426241537,0.1268163936468373,-0.77517668607714,0.20436491883349156,-0.7209220154158661,0.2267798642773495,-0.9382006987932988,0.25043696963606343,-0.8119309581668424,0.2299433052302505,-0.7005499610716475,0.09955244441583795,-0.7532193577157099,0.11908665281621539,-0.9915632333046626,0.15578683211878003,-0.8258602456926684,0.13014329747473843,-0.7033531124751822,-0.014123350335155861,-0.7515162245965963,0.006748568742758848,-0.9999772281506836,0.0585299750344656,-0.8412145030636041,0.03644274501633256,-0.7194103786599773,-0.14358081444304593,-0.7252257481151448,-0.11226109069030431,-0.9430311452009112,-0.056838094794428064,-0.8496620591279224,-0.06176251261327245,-0.7451672317705045
A,0.0,0.0,0.21593076089876606,-0.1307883716642274,0.33532092475988073,-0.4444294605716451,0.3554935295166769,-0.7185878851942593,0.29014077334058513,-0.8653705292335566,0.2904588722604805,-0.6927147618647256,0.3105651895676415,-0.9305737344562033,0.3252858536878318,-0.8819017703698477,0.3152602811222854,-0.7710744090728799,0.18228098799008732,-0.7251038606550387,0.1891672031085849,-0.9819448911563599,0.21555405417279083,-0.9138335261768552,0.20977916431509677,-0.7768416192870188,0.0664816637787192,-0.7256515404980606,0.07371022932307622,-0.9802769938336809,0.10860309400829654,-0.9199242918997312,0.10559994918641259,-0.7886234050761298,-0.06022376476057407,-0.702216501901448,-0.044224642084311275,-0.9141766849862467,-0.005271873204822666,-0.8936518271053225,0.005443452609518459,-0.7989654597945073
A,0.0,0.0,0.20254935904055182,-0.18364617968851352,0.3138473640214213,-0.45074889053144734,0.32710529920100495,-0.7119152629160406,0.3052839972978921,-0.9189993366771259,0.2300861182826461,-0.7162938193308703,0.2315553155942534,-0.9585395910514299,0.22729427384761053,-0.8997053920178465,0.2175949319982758,-0.77310081115045,0.11459063294798943,-0.7265210797255185,0.09766904864763966,-0.9952189492449713,0.10706599875421886,-0.8938908971597643,0.10828168958036666,-0.7416474242206754,-0.0034374888159539266,-0.708567625836499,-0.026433620649807327,-0.9740561729352825,-0.006363530145208194,-0.8776810526422061,-0.003478349711361187,-0.7329076271193024,-0.12693505787676265,-0.662603658602821,-0.14899687946912032,-0.8900778470906744,-0.1134178091077211,-0.836943267839713,-0.09291577564934651,-0.7300479979430485
A,0.0,0.0,0.2027286316292241,-0.1976433035095225,0.3068209537586192,-0.4535214357249928,0.3244674983844646,-0.7090416152746876,0.31430539961403914,-0.9139070051638983,0.21896820312387835,-0.7208795169334582,0.21113947568117164,-0.9560702809734131,0.21571062514656533,-0.8706673667319903,0.20348388044619717,-0.7510700587681143,0.11275112406294102,-0.7329935535058271,0.09424298841416759,-0.9955492248677446,0.11101614940739628,-0.8649495164235815,0.10637518351826969,-0.7269365352196426,0.0025634837557173403,-0.7183508892099184,-0.013158987022051238,-0.9692439826677309,0.012834011919653264,-0.8445986028820196,0.010293591586424669,-0.7189853942268033,-0.11857192489752692,-0.6752882442827204,-0.12964492449688006,-0.8951342141330821,-0.0896677167533517,-0.8265124965569769,-0.07609844083756968,-0.7316118353440578
A,0.0,0.0,0.20248903843129942,-0.1356508790287159,0.3227979324631685,-0.4191061028967509,0.3444858897496901,-0.700126367193959,0.32133130269360055,-0.9109455686241539,0.25198062206676886,-0.743433936384815,0.24901660710564874,-0.9684992149638486,0.24129937792063974,-0.7963094448674173,0.23634071333575224,-0.6950760576647753,0.13892545126434944,-0.7624068215871523,0.12659946514052864,-0.9815509047821643,0.1379451092444031,-0.7769724651745201,0.133956845532962,-0.6905847305189939,0.020503407548889116,-0.7449605236942107,0.00517726625427661,-0.9665983849101742,0.03008035600465085,-0.7706857255494074,0.026319599573005045,-0.6817712828251488,-0.10481313192510153,-0.7006360580592993,-0.09896338853154833,-0.8857692008986409,-0.06632018424849337,-0.7629496496074922,-0.0629418512962668,-0.686205034164118
A,0.0,0.0,0.17639182155596403,-0.1860300620855224,0.27387121570754186,-0.4617806652347965,0.2791192860976208,-0.7207115108306602,0.25351063140990066,-0.9187868065215253,0.21216531571842984,-0.760833296875829,0.21421845765822994,-0.9767857761037112,0.20778782985864713,-0.7933131064103771,0.2082010756376557,-0.7146178217941326,0.10058815003502808,-0.7713250082249816,0.09334532565930859,-0.9704166569937688,0.09780445398602819,-0.7601547885809404,0.09221370670636458,-0.7037149787125876,-0.014406523006664144,-0.7506399681062089,-0.02303898069138098,-0.9588594661500909,-0.003494217049789756,-0.7610591978570945,-0.012179123224363708,-0.6898013305741392,-0.13621929839200836,-0.710004770739982,-0.12968125689054927,-0.8781600653417629,-0.09910247860832692,-0.7481965328935182,-0.0998526631503907,-0.6754950737784111
A,0.0,0.0,0.17716659563642276,-0.22774301983781692,0.25418116606318863,-0.5024784723230092,0.2574564905280371,-0.7321489561251061,0.218123179782517,-0.9053661904624564,0.14869205666046875,-0.7571049460859746,0.13455977235302788,-0.986665008926614,0.15603952712284416,-0.8815101467585758,0.15743087387078208,-0.7535710489835822,0.03729254805341291,-0.7566602778898357,0.014008114017771212,-0.9999018815572182,0.04262206478676207,-0.8553130934046485,0.040894125957470696,-0.7160206743802029,-0.0768817668379861,-0.7295035427434744,-0.09660320635571629,-0.971414978844267,-0.06368987262990607,-0.8310443566865182,-0.06726320578996174,-0.7009416049370233,-0.19557886462367022,-0.6743403852840169,-0.2186497044442922,-0.8873654420661227,-0.17443229124913923,-0.8028844535003536,-0.1614184988041819,-0.6966547988850804
A,0.0,0.0,0.18253344652679962,-0.22617159977609305,0.3085477939493971,-0.5078836035458602,0.33741363556780624,-0.74406208334135,0.3139783903776155,-0.9189298286119242,0.2657014763326132,-0.7226294270824526,0.25826359946140603,-0.9660744863587064,0.1765347194749671,-0.9073733766076365,0.13343586121642767,-0.7915376643033372,0.14758660476121482,-0.7191426040486619,0.13821193454956587,-0.9762967182076384,0.06388397147634274,-0.9066868139204896,0.03348583636733596,-0.7703874141630862,0.04061922268679346,-0.6920883725074047,0.027462965194338756,-0.9310073816957564,-0.02819655742555534,-0.8695655136975956,-0.05088756866287876,-0.7413549666659294,-0.05875660690161429,-0.63755881764344,-0.07504759519646774,-0.8392400398063119,-0.10381777574713442,-0.8121560572152783,-0.10942951029764508,-0.7256237558153298
A,0.0,0.0,0.2253837613859959,-0.14280807880826002,0.36078359654966424,-0.3982540882479282,0.3863717249667049,-0.6637858810517698,0.37365126799317994,-0.8684157089832908,0.28874305664591543,-0.6992003916287906,0.3081930030271863,-0.9508266632231419,0.3104693159550129,-0.9118207074564305,0.30479384296052847,-0.7936797480682641,0.16736215417194647,-0.7208066258292434,0.17041948762816822,-0.985371604135492,0.18157288208627606,-0.8893115904999281,0.18374398933213765,-0.7528207515935997,0.04559570165510659,-0.7098047324521493,0.04897110164923676,-0.9673416282742482,0.07029539931897522,-0.8711214178610239,0.0730919843503964,-0.741392401657015,-0.08738011621234175,-0.6693045865574122,-0.08016721955579938,-0.8891954845785045,-0.04670801597828113,-0.8297830557993846,-0.03576454298570084,-0.7292968100960464
A,0.0,0.0,0.1979440198488743,-0.18158302118651573,0.30318046706332225,-0.4825470429694489,0.31825687461741303,-0.741169934301438,0.28735029117297517,-0.9176560160476788,0.24426829866493746,-0.7135115698901244,0.2503146822868376,-0.9681645313848465,0.2440853209329382,-0.8465857163465086,0.24141455380944513,-0.7175770478263536,0.1376503591656055,-0.725684064632623,0.12843652483824386,-0.9796082376862423,0.1279711702081138,-0.8386171297925481,0.12362727052381985,-0.7088053576432085,0.028909753075606472,-0.7146200527375602,0.024139842096049184,-0.9630536448364442,0.035313245115304974,-0.8246581562149896,0.029728052807675934,-0.6994241580183186,-0.08507465342159069,-0.6843233950664531,-0.07783547980611176,-0.8834175309213523,-0.053800345103914245,-0.7906665557190968,-0.04945748624858502,-0.6869510718708065
A,0.0,0.0,0.2015173972635242,-0.20704512504905348,0.2947691138098686,-0.4856833220527986,0.28907980487664736,-0.7363526027545668,0.24182971318524343,-0.9168605490006523,0.193597052043173,-0.7527501055025144,0.18503612019894658,-0.9827317203701735,0.18754705451109116,-0.8381999084651682,0.1882718744889479,-0.7107745824973439,0.07607958826791349,-0.756963150313641,0.05487780060023918,-0.9832485964278471,0.06525192998248594,-0.8011445773109525,0.0675271486146879,-0.6771815405660442,-0.04258650171988055,-0.7320397173195111,-0.06010554747663017,-0.952440075070125,-0.03865622391721473,-0.7810086743732232,-0.038218646561995015,-0.6642348511072277,-0.16644143516853463,-0.6790147062288503,-0.16602359641942502,-0.8602061590911667,-0.1352025662938772,-0.744371296727455,-0.12970628256691866,-0.648064571848222
A,0.0,0.0,0.19808751684429934,-0.19870507107442742,0.3068880770240863,-0.4654117323299569,0.2987460219123519,-0.7214724625447129,0.2777898051017981,-0.917511031533114,0.25422519228309587,-0.7223794842481712,0.23858473678408634,-0.9711216830931477,0.20411011733490578,-0.8655545135640486,0.1912536751973055,-0.7324575819100088,0.14353441304551587,-0.7317558211076717,0.11254356002974855,-0.9889342666090851,0.08784871313525253,-0.8796060276570258,0.08913720360201428,-0.7350810949465483,0.03778312283468598,-0.7147425504679069,0.0072404660903541305,-0.9549304008721422,-0.004707773325944776,-0.8499022478866085,0.0007465213785885537,-0.7131536090618746,-0.07047499584979057,-0.6712107051804166,-0.09839933603609233,-0.8711459244401594,-0.08545242793171483,-0.8053970076928808,-0.06464183062120851,-0.6984461576588704
A,0.0,0.0,0.22519869270834098,-0.16103953763043458,0.3541580689509273,-0.4458468671286011,0.37631023018765397,-0.717415072621994,0.3413927967093826,-0.9181990728554802,0.2694507023207971,-0.7336362632431651,0.28928918715618857,-0.9572417490866723,0.2899585115294829,-0.8183800620443469,0.27942003897368883,-0.704081598635779,0.14603625580435417,-0.7570264176769724,0.15653969742644477,-0.9864323255231002,0.1706095216391067,-0.8266534344268746,0.16210120846120776,-0.71975700730985,0.020087671543802133,-0.7453919439753758,0.02759760311115216,-0.9774412860787675,0.05433881666303347,-0.8249180019712046,0.04687699424463621,-0.7208345588305688,-0.1118939401191616,-0.7061948980963304,-0.09347642672456193,-0.8952201815833516,-0.05741943697291668,-0.8033660373985974,-0.056175138207769405,-0.7236213863764589
A,0.0,0.0,0.18224426600428642,-0.1829582337047174,0.3058450542858388,-0.4581022601998915,0.33577898867907524,-0.7218661373900347,0.3170964519016762,-0.9181135037785542,0.25489855254571986,-0.7129970626964115,0.2486551373001654,-0.9685920827129632,0.20429226360245054,-0.8780221444554924,0.18044195069164323,-0.7444676839173044,0.1560418389009301,-0.7296672814059779,0.13633418450754894,-0.9809180777606135,0.09989610228133779,-0.8739614661802955,0.09002691029973132,-0.7389688617739794,0.05609417344309488,-0.7201902820698518,0.04161783768345213,-0.9530770874930057,0.02228747990678546,-0.8466531912351277,0.014822902806525411,-0.7172406600381327,-0.04934252236293251,-0.6862046278522846,-0.05323142755117136,-0.8730904130856056,-0.048371051284114425,-0.8024030273494739,-0.04375953244867836,-0.7014552446036554
A,0.0,0.0,0.19623170357387382,-0.20666530970149433,0.2943500841068426,-0.46632886546054225,0.2810155005314261,-0.7323192314026921,0.23861045257328406,-0.9325817561514149,0.18790268847706948,-0.753310520796565,0.16962457499235672,-0.9775954585160653,0.1679335744236469,-0.8197767558313069,0.16694286792270463,-0.7078344512685708,0.07538596520459813,-0.7604964302982379,0.04435465495438087,-0.9990158480143736,0.05330652829602036,-0.8056836608350328,0.056079495000245935,-0.6917219558855774,-0.0380487490718093,-0.7399605399675321,-0.06624988676312377,-0.9674325967969268,-0.04461045166409665,-0.788670707087258,-0.041036827771815186,-0.6828985428423585,-0.1597548230354937,-0.6935979482751099,-0.17481873173059242,-0.8815568311084437,-0.14056523709217159,-0.7559581740863209,-0.12915980576731365,-0.6628119825843432
A,0.0,0.0,0.1941829722702137,-0.1685082474836638,0.31415933854490397,-0.42885119157306906,0.30981929546111797,-0.6941732220754152,0.28587508975913317,-0.8920620865209353,0.26992789510948817,-0.7104854844964001,0.26062507368167886,-0.9645407361284378,0.24208443012931735,-0.862573370359397,0.23498599367433448,-0.7346540426322078,0.15621324486810392,-0.7279199750313256,0.12874964140750547,-0.9916771298348263,0.12119143389525426,-0.8588299696255801,0.1252591322281172,-0.7210102462309601,0.04518266979813515,-0.7197866751173176,0.02165618363285269,-0.9686536311094437,0.02493212521976863,-0.8349139535855813,0.02883383070829224,-0.6986868296069665,-0.07217135899461327,-0.6852338376120541,-0.08752051345981042,-0.8881411608083303,-0.06369745341264167,-0.8010514133403562,-0.04619796357445913,-0.6914931074350226
A,0.0,0.0,0.20176493293139797,-0.10647988964471353,0.3356796501523363,-0.38448527693102297,0.3661705091547735,-0.6699208624031249,0.3718969979487509,-0.887191195223634,0.2944204130686376,-0.7239464522345851,0.30796224136380385,-0.9513985799307156,0.2831279831526064,-0.777223829330854,0.2725320531771712,-0.6927562804617204,0.17579342598215378,-0.7525412475590346,0.18008428970441503,-0.9751938220764449,0.1729052988597322,-0.7703360745594989,0.1668352120832551,-0.69206865175367,0.056624860967334566,-0.7426721095377659,0.05711126415666659,-0.9616807711941706,0.06661430155678326,-0.7739875604238972,0.057703256650444346,-0.6951246831798824,-0.06448974954786374,-0.7067388575543374,-0.04780296112950312,-0.8868186034567169,-0.02448373633988166,-0.7632531526721397,-0.024343311219829845,-0.6873647347892226
A,0.0,0.0,0.19175329026960763,-0.15402618170454901,0.29832992303101513,-0.4431670254858206,0.3143655486457436,-0.7009577871377014,0.2800426284602952,-0.8861224292193267,0.21938977376380947,-0.7227408095850423,0.21664426442173054,-0.9492292855607686,0.23789493909309742,-0.9557900665587016,0.2475075996315918,-0.8693911372057287,0.09944871222295401,-0.743675656102516,0.08311651214927554,-0.996539836337785,0.10862495567606872,-0.9623064289446164,0.1214219071308744,-0.8424173861585198,-0.020914917254286864,-0.7264484969980995,-0.04201460242320428,-0.9732778261130951,-0.012351414198137107,-0.9488307002970318,0.005350838273606354,-0.8388091761693358,-0.15021969243586208,-0.676712656226481,-0.16845834609304122,-0.8889753539121416,-0.13735889978203414,-0.8986471266719528,-0.11232808300348154,-0.8301728806349359
A,0.0,0.0,0.19915670856143247,-0.166436875103185,0.30147120917836867,-0.4425106995897615,0.32517478899535796,-0.6948660775301715,0.30557141967707774,-0.8907716495750075,0.22272030726549427,-0.7095971686839301,0.2260902105736079,-0.9534093556463404,0.24961338513765963,-0.8501524046247063,0.24123656789292466,-0.7018445870227393,0.10496779417032555,-0.7265834925413093,0.09727685097055515,-0.9952573608194277,0.1362226701579595,-0.8646459621954303,0.13500259611401869,-0.703712115474445,-0.016079119293764398,-0.7068398080262999,-0.03401774902799281,-0.9766014531628715,0.01613524537245609,-0.868802632856633,0.02301737168822302,-0.7274335687748272,-0.147868163318882,-0.6567178834194124,-0.16280872501632923,-0.8884828414493124,-0.11112295413351439,-0.8534508139992484,-0.08765657381575784,-0.7619437573265793
A,0.0,0.0,0.20933974016024665,-0.15216695793410007,0.3255003782667698,-0.41964220978773037,0.3482414442321452,-0.6626948032990967,0.3257564721169362,-0.8569749344108961,0.24656709101083196,-0.7148144870426822,0.2546819375203495,-0.946602007969871,0.2896299172456472,-0.8895982001342521,0.2933256164282213,-0.7763884153039171,0.1289497068521022,-0.7408414680656639,0.13156634746441273,-0.9913073671747192,0.1715336307941659,-0.884280007155597,0.16961190797686929,-0.7517449864011648,0.00416611029992226,-0.7306087525870313,0.0033023879378888095,-0.9811361278060071,0.05286571841452795,-0.8806887494304846,0.05577173828458623,-0.758391199212911,-0.13170865956417366,-0.6881404784539619,-0.131671977686431,-0.9156982052657029,-0.0784289114369761,-0.8600757418447084,-0.061733222711802566,-0.7604504790717427
A,0.0,0.0,0.23654619560996593,-0.14190744342592299,0.3878021780619714,-0.4016462755739299,0.4273371120589409,-0.6618256904748328,0.4134813758036166,-0.8450103126909194,0.32770984429098,-0.6745428948186472,0.3422109676381049,-0.9343990530086481,0.35913745492532995,-0.9128298334484698,0.36001974676112486,-0.8078260294105083,0.2081897114508511,-0.6986596851242666,0.21444309562829808,-0.9767364837751032,0.22733882327761062,-0.9034274183039036,0.2178889145512453,-0.7669884947649045,0.08511675833747649,-0.6877515544871661,0.09030388344528195,-0.947563222642043,0.1085399170828273,-0.8835347409534029,0.10178719327065382,-0.7556170670531781,-0.05013332388320574,-0.6453330279604848,-0.034151076581948464,-0.8630794617663325,-0.005787083556146013,-0.8352923374238062,-0.003397011289477691,-0.7455266519983591
A,0.0,0.0,0.19351409976892495,-0.13913986994056746,0.32807247002620527,-0.4215817048846838,0.37515302580966636,-0.6864223178190959,0.3750255885038467,-0.8850019586807326,0.28592267293996365,-0.700845503154706,0.31386706659938796,-0.945273928261708,0.3157602634625018,-0.8218026036107406,0.2989330302770482,-0.7188718222292122,0.1808074618898026,-0.7301893200240032,0.1959747048092475,-0.980608951149707,0.20607530487252973,-0.8326259604978072,0.18559976564669348,-0.7371295116284055,0.06501212320119075,-0.7286057186905897,0.07852304839946332,-0.9752314273731514,0.10015543924873481,-0.8233329530440279,0.07982459828944886,-0.7237025040796424,-0.06146554665277361,-0.7060843883636911,-0.03420241006048341,-0.9048853000517151,-0.0033655200879874367,-0.8005326929368122,-0.015870168001113173,-0.7096577744894134
A,0.0,0.0,0.17650544147341327,-0.19105487619601075,0.27371678152069995,-0.5165104525453594,0.2663074122204749,-0.7720584221329175,0.16977786261177671,-0.8838797484579463,0.2040754677859539,-0.7680519833240186,0.22152134098612716,-0.9681942763374085,0.23592357855809712,-0.8294790269757898,0.23193185946426084,-0.738240211315216,0.10017435178162361,-0.7823685789174415,0.11073708549506531,-0.9938497360748548,0.137459055496604,-0.8347814697881687,0.12970678374321246,-0.7319160864618904,-0.016992572884036165,-0.7637963129759888,-0.00339623971175208,-0.9833736479568962,0.03966862847718936,-0.8416194465127759,0.034161782348825394,-0.7310539795137831,-0.1465146911110068,-0.719148071800865,-0.12351915079319607,-0.9144990975613282,-0.07153848428294801,-0.8289738731179543,-0.061642486754053386,-0.7366949757726055
A,0.0,0.0,0.19445770513647748,-0.16274449493909113,0.2978670647136677,-0.43415380548080856,0.27642532254725233,-0.6628050238895622,0.1964202388692806,-0.8009687595244805,0.20014377158471286,-0.7360703578273924,0.20429435060356835,-0.9625847246647681,0.2274151170069634,-0.8415809277822,0.22040708628105976,-0.7378997230998716,0.08367288652679641,-0.7498936328220397,0.08255213298844973,-0.9965867475232939,0.11535045553042211,-0.8547283161388042,0.10778058998650947,-0.7357874963532737,-0.03859098856063739,-0.739169197619456,-0.032961300000714344,-0.9804720677806882,0.011011508817783296,-0.8516751618769247,0.004126278204927771,-0.7332485473141049,-0.17036652623023527,-0.703488474534803,-0.15364691822625548,-0.9213595278743653,-0.10472030748587792,-0.8468337917208171,-0.0971310012908231,-0.7464053319854278
A,0.0,0.0,0.205452160097183,-0.18748148706395104,0.294628706409831,-0.4599082368255952,0.29906300237282507,-0.6978981635332326,0.23776626339064275,-0.8509056891070714,0.22230901312739149,-0.7237318595363738,0.23197666431990271,-0.9522581466399724,0.2519068478429036,-0.8645897872213706,0.24628145728337486,-0.7495229212810259,0.10157345620874017,-0.7406989620943935,0.10175032176544037,-0.9948099677931607,0.12990758485622864,-0.8761233533830618,0.12201125387187502,-0.7411264704597884,-0.0242778786484393,-0.7272052192826445,-0.02221777795504802,-0.9736683717848139,0.017928371854887486,-0.871272873779584,0.01357834516843799,-0.7455840820328935,-0.15966729652194095,-0.6858020250075741,-0.160385417313364,-0.9041497159770833,-0.11258775042524184,-0.8521127715505394,-0.09980413448144923,-0.7529859555428188
A,0.0,0.0,0.20335665563584954,-0.15146429379836576,0.30464955634191,-0.423528835729664,0.32287784762967314,-0.6633116730718357,0.2912025879658781,-0.8291270990285987,0.23109517745534403,-0.7067394894476281,0.24869029201899281,-0.9371118600299971,0.28946240028039816,-0.891154306957612,0.29790265999025406,-0.7826186612401174,0.11714258605505617,-0.7309064332885502,0.12403030482383026,-0.9922784304242976,0.17037276085516243,-0.912916437213901,0.17597141288262416,-0.7692822891296386,-0.004240047665785844,-0.7224235424747528,-0.005169196070543101,-0.9778643999158229,0.05061639891910426,-0.9085306750371022,0.06343368492380384,-0.7729246277520482,-0.13800282385828821,-0.6824615999058747,-0.13367017584377702,-0.8976560744616044,-0.08075029957072022,-0.8670500867491284,-0.05830502334553297,-0.7687348987663244
A,0.0,0.0,0.22042344599198552,-0.15368197026946864,0.33899010936681395,-0.4316308088280091,0.3625109127821028,-0.6848775467184812,0.34258930053458325,-0.8644365482004749,0.27093218026912547,-0.6985885259502331,0.2775764770746415,-0.9374494135267527,0.30133557728714944,-0.9402247526375713,0.30816250766854947,-0.8521791794317598,0.15406524611049208,-0.7184159109145775,0.15592687162403454,-0.9877686018018298,0.1823367053701892,-0.9578268820901739,0.1875806901566267,-0.8235620988631189,0.03488555967716861,-0.7029575431071866,0.03194450424400911,-0.9639707556215298,0.0596611503498754,-0.949596729194462,0.06876008607270062,-0.8261218794207278,-0.09699407270627013,-0.6573911935479427,-0.09738153238419131,-0.8770429944912232,-0.053365021536632175,-0.9047709187661183,-0.020671792393879593,-0.8351966216519269
A,0.0,0.0,0.19231047002937568,-0.17061922080872613,0.3045320441035536,-0.4613768952606446,0.31856401363789816,-0.7144652560844327,0.2675120160895026,-0.871835526427734,0.23881658729466407,-0.7176184759893353,0.24085694751475636,-0.9594903177068318,0.254086163926239,-0.8937279925198296,0.257771146106119,-0.777012692447963,0.12851203560343985,-0.7365626391830885,0.12543035164407765,-0.9921024276184606,0.1416038184249681,-0.8915114353895394,0.136571987063535,-0.7527678214078146,0.012934615177631696,-0.7209017292139639,0.0107913559619838,-0.9629631588068335,0.03428228042339523,-0.8623235362306975,0.03036225156531118,-0.7303649128668755,-0.11158268407780017,-0.6761348516492395,-0.10277988644431046,-0.8786989246706748,-0.0707205062399726,-0.8214069135476187,-0.06613022433549555,-0.7197952126179207
A,0.0,0.0,0.17313003155234624,-0.1795090141348187,0.2357522401021189,-0.4632689528891423,0.1981479781042865,-0.6957994342140791,0.1162910213857757,-0.8260014012420029,0.12553116527362182,-0.7558898094078235,0.12056696225535751,-0.986308600003018,0.16043094623289036,-0.876159045890793,0.16286531182209213,-0.7592576035079982,0.015420531737228479,-0.7604668025947362,0.00011243721906944572,-0.9999999936789359,0.05500841248450203,-0.8644552628182476,0.055128500756940105,-0.7358154412955016,-0.0944532517992316,-0.7270509933344877,-0.11599196499541051,-0.9697410755694834,-0.05164494289275302,-0.8494013163337248,-0.04528425630746641,-0.7242680058352718,-0.2083927385648833,-0.662162409715129,-0.2208037450922855,-0.8700368725779111,-0.16031817635932663,-0.8175210402191112,-0.1405651524884873,-0.7261035933347547
A,0.0,0.0,0.16979939805310162,-0.1498516921016818,0.23424533991834126,-0.47721301692463897,0.22945386770316745,-0.7348824424350081,0.18545527728772138,-0.8947891799058856,0.12834803882263401,-0.759457314101175,0.1327189760766766,-0.9904696914165775,0.18013020930313048,-0.838787567248738,0.17268004652257177,-0.7353772836497436,0.023557964962745984,-0.7561843158012511,0.012620532831999277,-0.9999203579040864,0.080580327750225,-0.8421829146386484,0.07657227405365515,-0.7334523673387012,-0.08784184232659004,-0.718543714352611,-0.09675154647643665,-0.968096142513438,-0.01698314266106897,-0.8271528734192993,-0.016530258856773797,-0.7105612369449387,-0.21019605688219442,-0.6582537981199981,-0.2202293228322302,-0.8832611411732151,-0.1468070574173608,-0.8137149717976527,-0.12319080047980453,-0.7130700338608115
A,0.0,0.0,0.19111374010821508,-0.1692466494803459,0.28141175807147395,-0.439583137496225,0.2757379290236421,-0.6784835222964072,0.2101293980679007,-0.8324164677702632,0.1997181602774993,-0.7288770380596684,0.2066415867426525,-0.9560472807967549,0.24312049823569176,-0.8913297145279142,0.24201504525074194,-0.7696911711320535,0.08090754398291276,-0.7421754853737701,0.07649195410494246,-0.9970701986105127,0.12578174523376198,-0.864628081858923,0.12333785761537698,-0.70909658500017,-0.041329354358835335,-0.7179792696012505,-0.04766445031104777,-0.964242081895631,0.010701600675754064,-0.8425473671082586,0.011979197371305827,-0.697226619380973,-0.17181359565490417,-0.6609592579901192,-0.1840696747775999,-0.8716408640453425,-0.1282636565633241,-0.8112676796135403,-0.11354778899756934,-0.7017113432792653
A,0.0,0.0,0.20164153668340107,-0.15483558072120665,0.2911046102262793,-0.42730020077837083,0.2882539949480968,-0.6892909832592408,0.25696493131325526,-0.8780018996596932,0.1894750884779458,-0.7182529385099462,0.18532514018782592,-0.9491659099612753,0.23460138274475426,-0.8926280903280942,0.24665831996742665,-0.7801438473657131,0.07327172675061597,-0.7293179874054535,0.05290453380068383,-0.998599574555954,0.11541458667566401,-0.8852231500564752,0.12388762899895234,-0.7388863245413387,-0.046147780156887884,-0.7052688576289837,-0.06730411812802227,-0.9644195689634593,0.002853205064937542,-0.8532866397328837,0.011106485483587268,-0.7166176731589317,-0.17631342221949753,-0.6474886802924752,-0.1864531773043968,-0.8784144156928111,-0.12548700730493328,-0.8049808272700076,-0.1125062561497986,-0.6867910991015925
A,0.0,0.0,0.19377411713957912,-0.15905931244496616,0.282546683213247,-0.4298738007549785,0.2892160627403008,-0.686300210867253,0.26217552547224643,-0.8744061274679337,0.21727499052299643,-0.7060007368826123,0.22636924115192847,-0.9448366887691099,0.23596396773683562,-0.7829752559535752,0.22172174815482135,-0.6407735511285556,0.10468864005532429,-0.7279404613561709,0.1023591409595756,-0.994747508799101,0.1289462827381728,-0.7969122851159749,0.12054431176643199,-0.6506320645716862,-0.013111682849037222,-0.7150418516795579,-0.02104178946664178,-0.9894468310981089,0.02151713565592244,-0.8126954438255968,0.01657626020186438,-0.6745654424336942,-0.13852662783009217,-0.6770925735199225,-0.14038865271166928,-0.8894023914349183,-0.0935861274687498,-0.7964758446498296,-0.08561302775631859,-0.6998380400611389
A,0.0,0.0,0.19145715700106578,-0.14071726742215387,0.2925543725796713,-0.41642030147037845,0.3131633630685447,-0.678196383442675,0.27075813712201224,-0.8562922447747264,0.21468785137207802,-0.6808531608031994,0.23333828938511506,-0.9257186887788895,0.26676006960349363,-0.8844859908460051,0.2689720163725117,-0.7689534122635969,0.10793175409360602,-0.7060660474834972,0.11297012879260795,-0.9935983846608154,0.1559301955359792,-0.9053267444079106,0.15678740988876716,-0.7530108939958666,-0.002799852430942805,-0.6977921057762522,-0.011853908642013798,-0.9818749972560975,0.041169619749840805,-0.9060965840821655,0.050930707842374974,-0.7620633278654264,-0.12434768706518316,-0.662657750956882,-0.13688004347631952,-0.8925988958446717,-0.08476749847019632,-0.87306818305308,-0.05883058394974624,-0.7769110746305108
A,0.0,0.0,0.2006743801426982,-0.15275187713172686,0.3152265869678139,-0.41514983634740515,0.34121799518870777,-0.6621696621271509,0.3132164170756061,-0.8421633076154414,0.24706321465030504,-0.6826287953049097,0.2545633573773209,-0.927798462206147,0.28447451150741604,-0.8979624041981737,0.29355652396966997,-0.8023575893389245,0.14008116264745468,-0.7067289455292967,0.14258467719310575,-0.9897826073586754,0.17533481402369488,-0.921807266416712,0.17704289181533614,-0.7888055529749292,0.026837762862357846,-0.6993957606923935,0.019739374686352392,-0.9842622856000952,0.058147761760287166,-0.9196216005739951,0.06374376178147084,-0.7884922061583857,-0.10037933704221437,-0.6621369070227215,-0.11370631789603698,-0.8993933055018594,-0.06670274303989798,-0.8838466618011966,-0.044457214771044785,-0.7898438587378477
A,0.0,0.0,0.19244373774196288,-0.14299520127084275,0.31530135430298567,-0.4032668831258439,0.35498205113466763,-0.6625252981459132,0.33922473370683986,-0.8592368039942623,0.24941384676189368,-0.6730477261992923,0.2626621151293715,-0.9245749779834447,0.28046207072019846,-0.8903289281814513,0.2762578689064293,-0.7762015728343359,0.13998242224731816,-0.6977431147428352,0.14504867899652943,-0.9894245199717671,0.1673876240372718,-0.9049669059109059,0.1608309274185383,-0.7608032772078055,0.029810345899399786,-0.6900869767658048,0.026946533437379634,-0.977332678092143,0.05735785566234989,-0.9010587790093991,0.05468884562691249,-0.7638524461917807,-0.09176386643943077,-0.6529313560621607,-0.10202877745353556,-0.8888844790279028,-0.057341441467423204,-0.869838902833394,-0.037572711590767055,-0.7776499706857204
A,0.0,0.0,0.2074880132935046,-0.16928839847549795,0.3392730374416289,-0.4188475137656236,0.3760353154484408,-0.6756121135552234,0.3670635253815816,-0.8782215287755397,0.27011587906028384,-0.6698534831039028,0.2801108501103523,-0.9375081032734622,0.27950268306665765,-0.9147651443627164,0.27095152366932146,-0.806667586883359,0.15296259260449618,-0.6890077025848632,0.15035541574876005,-0.9886320088663008,0.15516754918351483,-0.913199324852578,0.15085717696284984,-0.774886568292668,0.03608335576703837,-0.6756139857985596,0.03064667315939755,-0.9715985340193015,0.04188699806856575,-0.8921227795262195,0.03919120169491822,-0.750657711259196,-0.088642452892249,-0.6324017514885515,-0.10033016594861946,-0.8633705825925948,-0.07494543268548817,-0.8308008034864091,-0.06480567481742364,-0.7330939624923001
A,0.0,0.0,0.21235467509665384,-0.16498016667979506,0.352528688407146,-0.4133545049378382,0.38532943045816626,-0.674531763996444,0.37619174079588025,-0.883411975239477,0.2840569159438091,-0.6668918980641801,0.29457988296544335,-0.9270909606979832,0.2849973860026164,-0.9097061450654615,0.27189581791065215,-0.7932715068757488,0.1668861786171592,-0.686580236568013,0.16510948032424463,-0.986275245307849,0.16073464550523303,-0.9324025483028424,0.15320313412519904,-0.7900858039492751,0.04992368766716727,-0.6747462585553108,0.04371109636960495,-0.9630023879435137,0.05078451317553987,-0.911593333365285,0.0498415122074834,-0.7632249477242194,-0.07507056469413914,-0.6326986022897203,-0.08906823284213627,-0.8667090023768635,-0.06305720848840225,-0.8538696997558441,-0.045471264661485905,-0.7520074833864313
A,0.0,0.0,0.21830634075172792,-0.1588454119302651,0.36402037911182383,-0.4005010812616865,0.39540485924718655,-0.6601668569957115,0.3777611906312922,-0.866068644929362,0.29339339099198136,-0.6750878742882366,0.29746917378550614,-0.935170665749789,0.27816704924267405,-0.8752604288203881,0.2669282513574195,-0.7377098234971426,0.16724635542503552,-0.6960857524573806,0.15284524545712128,-0.9882501358164097,0.14573841910730592,-0.8855654117951189,0.14938632786039013,-0.7309504631605455,0.04435358449396859,-0.6836288052520869,0.024249963069345258,-0.968629204747974,0.026849176768595006,-0.8713325451291439,0.031059941712236094,-0.726565157900785,-0.08503948115185146,-0.6379099796453089,-0.10071924828759922,-0.8690108844395233,-0.0844212435288904,-0.8154552632237483,-0.07136999542761502,-0.709714347954922
A,0.0,0.0,0.2130263231031294,-0.16127937008278112,0.3443486344265948,-0.44241290298172,0.3714871204007595,-0.7116655892503472,0.3223702915739263,-0.8911925351928409,0.2653928813562049,-0.7086018186621381,0.27410907945062096,-0.9544779507963738,0.28797683530928325,-0.9418806561035556,0.28976173108154313,-0.8513935662964988,0.15083828786328224,-0.7238601448345712,0.14621661834850147,-0.9892525969229137,0.1665711267309187,-0.9325487161871749,0.16606699455320298,-0.8102518475262679,0.030392422225459542,-0.7077127190653357,0.026653584996688774,-0.9690970112679772,0.05617802760418068,-0.9083615326212452,0.05995438284413363,-0.7887264681221056,-0.10236518912304866,-0.6635866442614577,-0.10035552869798572,-0.8903728911361903,-0.06033977953108286,-0.8590319586417589,-0.044395397460808186,-0.769014316169128
A,0.0,0.0,0.19753156073526615,-0.1831289886875756,0.3003133151556006,-0.465895545040286,0.3143384435035817,-0.7157604148259474,0.26862789213249044,-0.8763813793957359,0.21305183036966305,-0.7176307290946279,0.1933843896746444,-0.9678763225051967,0.2226894280104606,-0.9739795904935237,0.23617261179495525,-0.8906771015725529,0.10272422957840012,-0.7227612049094836,0.07362406041649036,-0.9972860661454109,0.10714237292076512,-0.9823994107787526,0.11979952015923795,-0.8577403870864021,-0.010222265332504296,-0.6971409522820159,-0.040314990319719406,-0.9590420121856501,-0.0031623524947578447,-0.9561319616292007,0.016879504276710495,-0.843892795202344,-0.13160590526173477,-0.6421302150622916,-0.15641088622588184,-0.8669461279094617,-0.10912378414294731,-0.8897625911468309,-0.06785879292485056,-0.8183035757132883
A,0.0,0.0,0.2095763568068307,-0.15375008193629303,0.3136491286566535,-0.4494736608993006,0.3223256185006642,-0.712517653814568,0.26964673035570086,-0.8574027785889684,0.21287610834458878,-0.7315888680110713,0.20187227440443337,-0.9657861284284637,0.23004481664759394,-0.9539085351766715,0.24595684305733825,-0.8629459555655583,0.09723305161774842,-0.7472083155187048,0.0839249512122093,-0.9964720781657799,0.11959842277485556,-0.9600321495330091,0.13677936921538553,-0.8408726388189537,-0.023664012379024445,-0.733582242075691,-0.03160971058226855,-0.9762559424961976,0.01129405263002925,-0.9489155061894554,0.03273666821776652,-0.8417515993390383,-0.15201375246732807,-0.6888383437636375,-0.16203294082834535,-0.9067182768810447,-0.11573361894452389,-0.9026106334361138,-0.08261092490311799,-0.8238576065571528
A,0.0,0.0,0.204933277032849,-0.15938704467261072,0.2905271151677842,-0.45539239867644643,0.30119816434702984,-0.7092652046561064,0.25898406532489493,-0.8692574790491089,0.1785683785727769,-0.7386255437235545,0.16635224127103895,-0.9675285798859163,0.2038781688733019,-0.9350299174708662,0.22158518204589908,-0.8348010029547459,0.06813889168330294,-0.7524725324906799,0.05583311568132879,-0.9984401149760137,0.09820256598470009,-0.9327369275050028,0.10969316899467667,-0.8107130454263314,-0.050849069153158406,-0.7385426868986651,-0.05767205698655027,-0.9849843688065357,-0.007596374363625197,-0.9237955935267905,0.006807823391622581,-0.8070830150543604,-0.17555099164828486,-0.6952851900359049,-0.1813876167914837,-0.9175649456382865,-0.12974831172834833,-0.8887246626766261,-0.10411332839877098,-0.7954930007038963
A,0.0,0.0,0.21501990375008445,-0.18207869343365818,0.2995176366630511,-0.4771480873400215,0.26667090400527615,-0.7194288928564119,0.1547772209040708,-0.8076312586549128,0.19917818559180542,-0.7349643620055253,0.20087942615269005,-0.959218372323817,0.22954054145014724,-0.9354261101417798,0.23706469076872533,-0.8284336162594017,0.08111003400989795,-0.7573166834436535,0.07185925727657995,-0.9974147818955051,0.11542952554385993,-0.9496292514923612,0.12952887001095717,-0.8238710523222201,-0.044051011727628195,-0.7481416655811759,-0.051652928370674395,-0.9824064514855421,0.005658697589085241,-0.9403787961116237,0.028272600027697176,-0.8221950781079731,-0.17305479162213552,-0.7070177741706912,-0.16565082816864446,-0.9216201605806303,-0.10806540981034427,-0.912833175959042,-0.07256719701130394,-0.832844823131193
A,0.0,0.0,0.22402385601178976,-0.13730333664202887,0.3266152712296634,-0.3829854917714162,0.2801982989420537,-0.6082301416503941,0.15838104537125064,-0.6817012611021085,0.2496665296442616,-0.6973104349269668,0.2549914175569111,-0.9471195426385621,0.2518793675612663,-0.9119764335644079,0.23494760537823992,-0.8002079736423511,0.11972413518438543,-0.7281390363026568,0.11087081011751083,-0.9938348270532115,0.1280272108702926,-0.9177514208660914,0.12661195499085276,-0.7830301944019645,-0.011310206642383662,-0.7214960001792647,-0.023739659335832566,-0.9755597558240308,0.011647657846730691,-0.9057210880912343,0.01543954374820915,-0.7744973821992578,-0.15254998065208059,-0.6795958911977943,-0.15058973778862222,-0.8988224968160122,-0.1080682548424221,-0.869458280728777,-0.09180744827037814,-0.7741309878116919
A,0.0,0.0,0.22155049210868027,-0.161598861119406,0.3139358587776114,-0.4737295477665002,0.2842072268654125,-0.7143965086846588,0.18563913358387693,-0.7963576940380993,0.23439438592885914,-0.7238139377327242,0.25629583266699324,-0.9590015955424834,0.2687320706473423,-0.8493896325890942,0.25371090210883007,-0.7199299460432959,0.11236404205834934,-0.741657567945228,0.1234193338156916,-0.992354608010912,0.14995879075994006,-0.8594639119899715,0.14196140042465194,-0.7113657146063344,-0.014295303049438796,-0.7193862708614865,-0.009635413919008408,-0.9776665702262781,0.03455776095719161,-0.8630042758680831,0.03445930579776941,-0.7199277742383087,-0.15162544999460342,-0.6695608012811185,-0.14688737588463188,-0.8829752292842133,-0.09254559761465742,-0.8447589421701591,-0.07082593899767867,-0.7543933541393746
A,0.0,0.0,0.22205708154562143,-0.15048646006721925,0.33299055090877105,-0.431410894189438,0.32173133029116374,-0.681220703071996,0.217026939689008,-0.7881380103768447,0.26070378242995823,-0.7162593575311407,0.25719305455683733,-0.9552471878519782,0.2914792620227917,-0.9213645153057579,0.30262474266302264,-0.8099713324626199,0.1429241344285601,-0.7368944341409692,0.13467228178419546,-0.9908901939766274,0.1761763106716189,-0.9354955839235637,0.18490905179176012,-0.7983412469187802,0.01743229367545533,-0.7193657726275393,0.008527386875273305,-0.970160867028403,0.05963708528063513,-0.9234949791677084,0.075105722203818,-0.7925946987760933,-0.11652850825025833,-0.6698239746245971,-0.11338562030397155,-0.8942876592629574,-0.06016810231786938,-0.8782301845997554,-0.031485922308664406,-0.7769435247463612
A,0.0,0.0,0.2051378646910679,-0.1409266014267315,0.2907873134828428,-0.44519572324132906,0.2806125409740021,-0.6922426310229566,0.23125407008005153,-0.840588078324783,0.22103133089529428,-0.7141697467152271,0.23578501751464614,-0.9487648607376257,0.2687553817209768,-0.8307881565055125,0.25180157280786475,-0.7074610106772462,0.11274059590315783,-0.7345345192490725,0.11933030352312361,-0.9928546110388364,0.16535699388039363,-0.8418737882728957,0.1507642113485079,-0.7003923976739229,0.00198960188279306,-0.7222086062901324,0.0033249281544067712,-0.9789584873714531,0.06280804764982491,-0.8486226234367752,0.0567493996560782,-0.7163137809911166,-0.11559575518390557,-0.6882943898735706,-0.11208099066132109,-0.9065980919359905,-0.05496346580197847,-0.8493601428029843,-0.03963722457486066,-0.7536366769009872
A,0.0,0.0,0.18515390141552987,-0.16744466955660586,0.2628778236999261,-0.47294978841523405,0.2661100596741194,-0.7203149856322136,0.22207315620117918,-0.8820981051774426,0.18452358457822296,-0.7401406847851104,0.1808151434628859,-0.9702417760922503,0.20899754934022446,-0.8359406247652987,0.20204325905086643,-0.7104549193117011,0.07235518449572918,-0.7452535971581468,0.06107099767625654,-0.9981334245694945,0.10565846518373925,-0.8378770382275875,0.1018302022246354,-0.7044260697578023,-0.04121049496530968,-0.7186757508906926,-0.05538286339729151,-0.9806335277645253,0.0004931574277217883,-0.8434918410244617,-0.00013086651532513078,-0.7182560533714752,-0.1603161046241701,-0.6706206417931276,-0.16404085589401776,-0.8927017604319418,-0.11094192783386278,-0.8330751746279736,-0.09648239794136379,-0.743425061883172
A,0.0,0.0,0.1825683900718842,-0.2030037354314866,0.26521604729865617,-0.5236957507447382,0.24393668158209916,-0.7538140228612074,0.15315155057826205,-0.8530759707723241,0.18655248253677115,-0.7518955860220472,0.18319119953117263,-0.9830773033766623,0.21744278562211422,-0.858475608866106,0.21353957418901523,-0.7472098442277694,0.07825367398091539,-0.7515549671657793,0.06777396716973802,-0.9968370294438342,0.1131821603158112,-0.8541218109909327,0.105779377172921,-0.7309473987889628,-0.03476417281921299,-0.7228626124979046,-0.04152756206412005,-0.9753339013775042,0.01172889776270389,-0.8413535792124928,0.004590955348507433,-0.7161849520437885,-0.15719113712647356,-0.6768117085661093,-0.14616388869316058,-0.8877667893434644,-0.09301548286306284,-0.8170257385186402,-0.08570991004544463,-0.7171374091152853
A,0.0,0.0,0.17637247645339077,-0.18378531424526667,0.27338251617239634,-0.4892953679844369,0.2894926695997406,-0.7402097862829627,0.2399276242003886,-0.9087588493845189,0.21841398457444763,-0.738795639322649,0.21064085373581046,-0.9775635174951288,0.2111606995634671,-0.8401080171799188,0.2099791254678136,-0.7281144381729368,0.10181221462282714,-0.7457322874223575,0.07696719608633461,-0.9825585069973614,0.08952600084901022,-0.8152362332746441,0.09223450025499141,-0.7107169484645572,-0.013555749785322339,-0.7216722997508243,-0.037459432900327105,-0.9581614835655328,-0.010422122774219281,-0.8020357093060709,-0.00729772072031783,-0.6995804761875996,-0.12873882526251568,-0.6762400351777914,-0.13534857206195325,-0.8603454944166461,-0.10396760638363602,-0.768967745820632,-0.09564071825495317,-0.6886916485363638
A,0.0,0.0,0.17395029511273905,-0.19473994684061238,0.2729331084860238,-0.47375635033617164,0.3011090386048752,-0.7222937914616462,0.27490262330648124,-0.9099327117063196,0.20899026566822712,-0.7166846575541667,0.21554923204742954,-0.9764929741497188,0.22382914836943563,-0.8791824045887809,0.2140505431547203,-0.7464970884852367,0.10654604478602545,-0.7236555494242859,0.09880252517721441,-0.9945056842355714,0.1197092855727621,-0.8669905175872249,0.1182440742787647,-0.7262796393985039,0.0015392144069393753,-0.7066459087434461,-0.004520419743356092,-0.968004515041752,0.02717713980540325,-0.8569029367904133,0.02620433868042877,-0.7224596691875943,-0.1121875865193256,-0.6705648603814002,-0.12111635156373365,-0.8951371233432949,-0.07711866916795886,-0.8348933034718886,-0.05830822314438057,-0.7245307495048956
A,0.0,0.0,0.1888855218244902,-0.1673456725834131,0.3021344097327263,-0.45146407444387,0.3345239110910772,-0.7137344825047799,0.3071436902523826,-0.9183396829826252,0.24822399362219735,-0.722478036856827,0.26065983663559833,-0.965430706765174,0.2501176324902464,-0.8004316442842396,0.23760529160865146,-0.6819508847911968,0.14357136367410508,-0.7355639850977768,0.15037999057361434,-0.9824651608650874,0.15106517843276862,-0.7812793137738312,0.14038068065344997,-0.6647044150764545,0.033275559447564065,-0.7248205940921167,0.03943718409596621,-0.9717481134961564,0.05369105467391988,-0.7844182594117757,0.04038948123330096,-0.667971785943453,-0.08630327374952082,-0.7011749003900122,-0.06759675862991144,-0.9102217900028928,-0.03679199166854168,-0.7949420356766272,-0.0347597954034659,-0.6973099849168233
A,0.0,0.0,0.17910182020430032,-0.1713032682905699,0.2932042362205549,-0.4586033980458655,0.323680327560879,-0.7193109521113409,0.2945778680320679,-0.9227826100276779,0.24556558020295235,-0.7344994833659091,0.24232292076240902,-0.9701956514400459,0.22572646880624056,-0.7802331870641331,0.2249013963207286,-0.6738721957832619,0.13400538653854166,-0.7456571511156902,0.1301397388601198,-0.9801491185361212,0.12573509499568447,-0.7553285055821302,0.12290270684368951,-0.657918613329683,0.01901800258106315,-0.7279535140443746,0.012771888030456632,-0.9669902379131388,0.02609856401098527,-0.7615827991340419,0.022088273840250465,-0.6603841418154419,-0.10286144828394968,-0.6969221314308213,-0.09392862617767296,-0.8900834661325973,-0.061566740255642904,-0.7656418487356347,-0.04976022604077992,-0.6777588572034986
A,0.0,0.0,0.17887557497993328,-0.18125618239726018,0.28292906164651577,-0.4928649824691904,0.2892723364195179,-0.7495891952097495,0.20817983053235317,-0.8727961692316216,0.21361060490692407,-0.747426658222667,0.23736869230927463,-0.9714196332746137,0.2126575099555488,-0.8281975399820309,0.17812194462203632,-0.714293233759516,0.11094359763194389,-0.765122375135042,0.11669486850784488,-0.9749425889526431,0.1064725586757422,-0.8348297377151843,0.08318569384630112,-0.7369437413840098,0.007094900461617874,-0.7548654847578388,0.017233765934891076,-0.9653354620062052,0.024532516204039848,-0.8399298669501891,0.0022256840694400183,-0.7386993305070109,-0.10094330492273289,-0.7307119763397737,-0.09022515267311111,-0.9213527673932598,-0.06777768045925288,-0.8442970389792592,-0.0681759831870591,-0.758276680123442
A,0.0,0.0,0.18253041288798003,-0.18701191830539182,0.2655044434807974,-0.5058806692019419,0.2608783313478819,-0.763006521420663,0.19539506923867764,-0.8916103542945896,0.16919819482382045,-0.7605062582819722,0.17015911296215852,-0.9854166003655161,0.20563413663058117,-0.8565993748789814,0.20242035008575174,-0.7352063363321987,0.07204775561147062,-0.7610818190649409,0.05958265673505212,-0.9960570491001826,0.10820620885604855,-0.863702039860298,0.1067132422257131,-0.7384796591553932,-0.031665874339942876,-0.7411018609298601,-0.03623831262890565,-0.9756836564778755,0.021040537658428143,-0.8528539306711155,0.022621049975987448,-0.7346797594456528,-0.14351812657148863,-0.7044496604314453,-0.12443668421733488,-0.9098352298429444,-0.06963412622576165,-0.8378187405483395,-0.05843778843248773,-0.7447303170021204
A,0.0,0.0,0.23088295349632326,-0.14452033677728232,0.31522933931235264,-0.4426245157448174,0.26910117955804275,-0.6739059758354539,0.1594138057159428,-0.7702051079707283,0.2234243700612701,-0.7054912326024915,0.22455587819030418,-0.9532106130260164,0.29240060440955623,-0.9006265374878268,0.31472024237129226,-0.8002320214526903,0.11585564576843035,-0.7265104806248899,0.12946833684894973,-0.9915835566171753,0.20297360000355497,-0.9067855481535921,0.21330317421376918,-0.7911058663358975,-0.003453905410725077,-0.7201199384449986,0.019271321285756187,-0.9736687376141803,0.10034330671201219,-0.8791766408491543,0.11556718474083116,-0.7652386207977195,-0.13680216565639153,-0.6908998441922611,-0.09244018276983731,-0.9071717971971575,-0.022582766717789686,-0.8389272024335092,-0.008473508636974424,-0.7342161218050162
A,0.0,0.0,0.163328977441077,-0.16775464984931643,0.22011321388129582,-0.427728905941007,0.19136728489528643,-0.6308563591289437,0.10047475988153087,-0.7143973246773243,0.1352180204982173,-0.7102736259443286,0.13745903746483837,-0.9588892249742369,0.21614334591608278,-0.8913445909624019,0.23072960517113897,-0.7681026189099416,0.045185138010305645,-0.7181957812155796,0.046460511417820836,-0.9989201273769563,0.13780599694444212,-0.9103790155278776,0.14763074149319236,-0.7662685424954042,-0.05621932849466423,-0.7007493038361892,-0.059401944883578084,-0.9776860521017424,0.03530299778013066,-0.8972183409006419,0.052549365891850906,-0.7580762138588881,-0.16883792870143252,-0.6525645951236757,-0.16194450053103365,-0.8960119974342997,-0.07600118961418936,-0.8790290806711013,-0.03384044206022118,-0.7775258522278239
A,0.0,0.0,0.14793321891434552,-0.18464264207547224,0.168959039141195,-0.4682687112566692,0.08218199440993013,-0.63538479163903,-0.03814587423234024,-0.6792828425824182,0.11562209741581618,-0.7184342325646079,0.10595671998618322,-0.9775285850412654,0.15789305553768934,-0.8920695704611102,0.15616904873447507,-0.7552955318833565,0.01728387846222619,-0.7237015738494016,-0.007963939635855477,-0.9999682873298915,0.06316455050519876,-0.8959214365775787,0.06817699474223549,-0.7462631487889866,-0.08577498071227047,-0.6933343078577769,-0.11978222964941569,-0.9667291812668721,-0.0465163215558164,-0.8829445216691704,-0.03573975230861808,-0.7511343375787247,-0.19284422010480945,-0.635069887577947,-0.23777779030471016,-0.871664265234894,-0.18057172380858766,-0.8661879614744913,-0.1503512891371813,-0.7847515409292501
A,0.0,0.0,0.15683145352068623,-0.1536545881488802,0.19832782801384827,-0.4566482591206956,0.1369676045263872,-0.6665677794844985,0.05715907224586292,-0.796530651801385,0.1538081493478602,-0.7286979871398948,0.17305203584202192,-0.9606265846660168,0.20484437719183982,-0.8324808532037269,0.18620901778938076,-0.7000128096247572,0.04059542767148682,-0.740638459447107,0.05953518675561191,-0.9982262075992467,0.11547312074362857,-0.834476604247208,0.10465495209279131,-0.6952842682370167,-0.07161397305055803,-0.7150400253944451,-0.07247108413990028,-0.976881745484286,0.0013782389880084127,-0.8399440908371324,0.00021836184677652052,-0.706733834796426,-0.1893480374047006,-0.6599227180974314,-0.21956664873660295,-0.8972610806280457,-0.15888683205100537,-0.8565861496407748,-0.13858435346174752,-0.7639236737364108
A,0.0,0.0,0.1819794508243651,-0.12041935708717734,0.26798102229432047,-0.3782522208610301,0.23826824356814544,-0.5978153777471499,0.14422024965960162,-0.7174402410293325,0.23500672595088748,-0.6844191273021896,0.2721581421582661,-0.9460517684341577,0.29581914326679043,-0.8290273725249926,0.2712153465809205,-0.7047333863344868,0.12173332761082252,-0.7191438891778693,0.1483544769504477,-0.9889342491635927,0.20197215573022306,-0.8372268625773873,0.19006456068182767,-0.7069074510690437,0.004570161612217583,-0.7168332971027928,0.012656953531370349,-0.9988166419370121,0.08482160519429448,-0.867133639085163,0.08112555497374015,-0.7351074956485174,-0.12402065116585156,-0.6846498500973591,-0.13246067603994202,-0.9403756512606471,-0.06789894321662902,-0.8886315088601167,-0.0490747104982157,-0.7782935885130299
A,0.0,0.0,0.1937427071317755,-0.14167733486428896,0.2894698892036137,-0.4396999588589124,0.2667672144495946,-0.6564938794918778,0.17824232051811836,-0.7469814187957716,0.23793409279954678,-0.7273078728622282,0.25870034718396934,-0.9459730743416538,0.30692869135052386,-0.8894528354659124,0.31206258813935084,-0.802161080645583,0.12728319218683792,-0.7509002237872211,0.1403387317633024,-0.9901035503254535,0.20791464225844133,-0.9155591208011213,0.21763312072324048,-0.7954218188991161,0.008724748250373891,-0.7326541075771228,0.008202786097450747,-0.9913564286860357,0.08310787990789247,-0.9269997077845059,0.10018768846564606,-0.7996784470451858,-0.1183996839731492,-0.6832842708146564,-0.13740265940444998,-0.939126938658959,-0.07622311169416013,-0.9439971754731867,-0.04050381188399173,-0.848145354140629
A,0.0,0.0,0.17899109765673019,-0.11675638956528452,0.2922303758530076,-0.4007503768533969,0.3381668492252323,-0.6709353078764936,0.30817225990557623,-0.870028170367294,0.23082463736109823,-0.6894193241011748,0.25804995209272524,-0.9407225775534795,0.2499541495325943,-0.7715966558505251,0.22531789283943585,-0.6400128715586259,0.12349120935888251,-0.72610456335844,0.14380220991049533,-0.9896064492639778,0.14927529278681945,-0.7828492545847289,0.13263815722059627,-0.6593239856538776,0.009406764475403846,-0.7274145967782416,0.019933957700172967,-0.9926470508619357,0.04437897380230286,-0.8113922665083011,0.030272857938584134,-0.6911700244192313,-0.11143871914521779,-0.705351834770891,-0.08378253830086577,-0.9218137820197181,-0.050583504777636484,-0.8119085099903101,-0.051458250677707214,-0.7146346672079195
A,0.0,0.0,0.17888338451519675,-0.13587121753324638,0.28741403795261566,-0.40389336368699796,0.32991980820933137,-0.6714574110690777,0.29874585017496463,-0.8790988899814279,0.2238936232002984,-0.6861754074514611,0.2425452098212486,-0.9427158420978968,0.23451934861304563,-0.7747159184385508,0.2120928232131107,-0.6374870307949094,0.11193934737096221,-0.7176579455018639,0.12501983822715615,-0.9921542420660489,0.1335823628781598,-0.7867688630148235,0.12308010459761139,-0.6609809116970962,-0.004593340284235309,-0.7154628181481762,-0.000699237281641918,-0.9864271000040541,0.024944868513162514,-0.8040752199073571,0.01664245029571001,-0.6786576114432522,-0.12399763399361385,-0.6867308631889207,-0.0987837019718758,-0.9012861502465612,-0.07017026726351486,-0.7925918399252818,-0.07109651956264564,-0.6973808253929105
A,0.0,0.0,0.1772077343341761,-0.11577333369734863,0.28192867771267077,-0.4075642065174613,0.32048151873997305,-0.681562313399244,0.291957513628011,-0.8784556572014658,0.21062099300287584,-0.6960713977119362,0.22039386373608397,-0.9461151028858439,0.20736904664874223,-0.8151281679749109,0.1918024671209277,-0.6685987613148061,0.09468469439780311,-0.7229258089647639,0.09795649061287758,-0.9951906982818968,0.09831648376994029,-0.8270688395708671,0.09772607293695638,-0.6880179292852231,-0.02116574130569994,-0.7117684104309329,-0.029831737231445138,-0.9788560394126773,-0.012318278441353692,-0.8280554511776298,-0.00914037084322931,-0.6993589390327568,-0.1350794064724052,-0.6725063657300162,-0.13473822167123395,-0.8866704363808244,-0.11286863737967373,-0.7953124929057005,-0.1049504420793723,-0.6971575036834147
A,0.0,0.0,0.1810907249142213,-0.12457302967274846,0.2916326625696658,-0.4053511137549386,0.3208740064509115,-0.671590124061279,0.3011629616238891,-0.8777824923145403,0.23801457802310916,-0.6966976455020417,0.2492432060374074,-0.9388201001510411,0.2479234773925855,-0.7972454829157292,0.22844060404103278,-0.6473049048077355,0.12559272230813695,-0.7239864483250575,0.12937853584448267,-0.9915952775516521,0.14468972672402694,-0.8147011064323194,0.13475883187713691,-0.6592810630271252,0.011274515130971665,-0.7139127724911631,0.00687826389100096,-0.9862155819702491,0.03854391389776341,-0.837377811591894,0.03479229448004073,-0.6933279130801051,-0.10854970360923824,-0.6747374999040737,-0.10278334902473665,-0.8989449858292874,-0.06590843678382992,-0.8334782283447877,-0.05692878312968748,-0.7402620271194819
A,0.0,0.0,0.17833817977564798,-0.10089097872311671,0.2978279279606703,-0.35517259766744014,0.3365574359019877,-0.6057272253627222,0.34131380195601657,-0.8032479880375374,0.25202733698902285,-0.684237018831579,0.2726627109866779,-0.930005217606705,0.27580607437170535,-0.8208364967389686,0.24862664536718584,-0.6833723712127993,0.13815550958934741,-0.7183061639456773,0.15266436838746128,-0.9882780937695914,0.17219125151885983,-0.830993291732041,0.15613619642091628,-0.6857730086027852,0.022495127228347178,-0.7152296687875708,0.028397902948912406,-0.9786727915398065,0.06072012336691968,-0.8385205138052158,0.050511800868736204,-0.7069221112078209,-0.09915939474883553,-0.683842366391472,-0.08861518467231651,-0.8952383789390069,-0.05273830869463114,-0.8267295607929043,-0.05145933787148829,-0.7412363367243806
A,0.0,0.0,0.17654125497791587,-0.10265585303127846,0.29499315303581847,-0.3546608436183175,0.3084290485069904,-0.5920434474594884,0.2856362807550572,-0.7726276561933905,0.26996570004783027,-0.6890986330771214,0.29663291064017394,-0.9223455242886306,0.2949981367227856,-0.7480755223498909,0.2679881730592784,-0.6146709436923746,0.14910730414568127,-0.7248785152888376,0.17402735867952812,-0.9847408178962761,0.19157330079248103,-0.7799752927772716,0.17287488106838242,-0.6488653281915898,0.028033986743075414,-0.7264680622469994,0.038191737519452276,-0.9948544318949504,0.07527186366088921,-0.8271617131271499,0.060741301347390156,-0.7053975944148146,-0.09851328783203704,-0.703195365440133,-0.07717675341189532,-0.9167348272049638,-0.03639050845736219,-0.835809780529013,-0.038029393916498455,-0.7469236676996162
A,0.0,0.0,0.19629928509684974,-0.10985767274342444,0.29144532367022635,-0.37584214188079057,0.29919248806194215,-0.6113419478147725,0.2889361283418797,-0.7821410233552227,0.2606105138807087,-0.6765923386883557,0.2972171159424498,-0.9177029444835927,0.304797691293526,-0.8093258779812779,0.2764382588998735,-0.6745266464921478,0.14786902885264588,-0.716223800010173,0.17487598210149194,-0.9845904686132396,0.20135911462855566,-0.8502278337770794,0.18493169669397921,-0.712124685546287,0.03256690713415183,-0.7171006251715379,0.05082680451576353,-0.9901667063093441,0.09242095623239267,-0.8699979876293357,0.08157992732752657,-0.7393628867700595,-0.09164242932195557,-0.6880072602889776,-0.07797974644496992,-0.9102662144227899,-0.030526876080372627,-0.8640802066767519,-0.020768140092142007,-0.7792356580924887
A,0.0,0.0,0.1967252597599469,-0.07333027648741336,0.3154463065740894,-0.3555821736419861,0.3383907271969128,-0.6186778180519282,0.337016858391239,-0.8060563642780515,0.2897915964094739,-0.6490194497640687,0.33938385463905646,-0.8913254447484743,0.34087099515976343,-0.7366031223725904,0.3024331603727021,-0.5857937754503684,0.17486196374580773,-0.6954729105104439,0.2155399582850403,-0.9764950211764948,0.23838536760321852,-0.80615583933588,0.21017630490471226,-0.6525660022337363,0.05402539084751923,-0.6981474330879701,0.07968010101213477,-0.9777202860714789,0.12406081690552803,-0.8319159374114118,0.10724350334112227,-0.6892236044882135,-0.07739078342252843,-0.6724649557015016,-0.061260636137551255,-0.8994041411407239,-0.013016508411966572,-0.8349917803999793,-0.009813133297977774,-0.737654045055209
A,0.0,0.0,0.18208349293375894,-0.10385726573565965,0.28257228327453193,-0.39741426392574086,0.2849115671676631,-0.6337851898936707,0.26461364219479105,-0.7803183733265966,0.2537671536473327,-0.6653447829355359,0.29592841999180314,-0.9090572471483627,0.3056709880597448,-0.7689277644098147,0.2723250721990304,-0.6248452355117281,0.1438308190154044,-0.7034257025292593,0.17574631993424072,-0.9844354885057586,0.20068644903901806,-0.8266488382867414,0.1780867158657314,-0.6753437314472698,0.030670462771493844,-0.700211578058677,0.04598100690565895,-0.9660402611660618,0.09283307345834663,-0.8406331654733175,0.08288266542100671,-0.6993234486228292,-0.09033410085678534,-0.6726890734753727,-0.07548249495360294,-0.8915342192950131,-0.02671750001483226,-0.8392268261619236,-0.017873570145235974,-0.7397578305987679
A,0.0,0.0,0.17788453204633095,-0.14184717229792856,0.26274890478709334,-0.440189473558775,0.27905798628608275,-0.6782951321806512,0.27384119129707946,-0.8467609607041112,0.22572882326977986,-0.6818299066152022,0.2629472159334991,-0.923311979557145,0.27514306829761337,-0.815798429627168,0.2486535238407299,-0.6808528476431616,0.11955285427460549,-0.7125203403025165,0.1473802911201194,-0.9890799006093233,0.17552133365632308,-0.8604120952359818,0.15626386033872564,-0.7188015145913039,0.008913355530145184,-0.7047209135447725,0.02637391014478735,-0.9845060595769994,0.06991877947225816,-0.8636617478481019,0.05716378254514821,-0.7280061643924689,-0.11278366015151622,-0.6727650712687704,-0.09544111822365582,-0.8879987782725454,-0.05135160109317783,-0.8326335283274605,-0.05048825108229745,-0.7421521141148861
A,0.0,0.0,0.18802768935553715,-0.12860201167572985,0.29720401641314176,-0.38823211194754986,0.3280942600854922,-0.6316107238143486,0.32778514459456093,-0.8142733718167029,0.25742393017995374,-0.6756089718787432,0.2795223860642853,-0.9400698894222302,0.2775845895183546,-0.7986867122144261,0.2521035554545416,-0.6553675139124227,0.141927119551429,-0.706024765011204,0.1537371752829426,-0.9881117755274561,0.16871488608960203,-0.8164942438948368,0.1562681595968394,-0.6736027114221851,0.025958474838197763,-0.7036832868084344,0.028308425372036896,-0.9763533636375351,0.056315958398004046,-0.8283194376884818,0.04670073478589613,-0.698553664125189,-0.09532057715212862,-0.6782325911654363,-0.08456034291460415,-0.8959445252435176,-0.04661788037176098,-0.8193461177479894,-0.043723333380501196,-0.7230575144746231
A,0.0,0.0,0.18434747325886594,-0.11014397629457048,0.2951052930150661,-0.39417488731645267,0.32430749409177556,-0.6708788111915271,0.2971759647112392,-0.8783397340084215,0.23030082231845656,-0.6910511255554439,0.23253258966797344,-0.9636066735682606,0.2282726059036012,-0.841090954812753,0.21668791403359625,-0.6936167398793721,0.1141843907205938,-0.7085231668197192,0.10998756895450107,-0.9939329628679586,0.11999275505928365,-0.8360759572648233,0.12145277395147212,-0.6919484817392477,-0.0013628666226699097,-0.6939671912966301,-0.011421252060023993,-0.9741498110635443,0.012639367010348216,-0.8378505489546285,0.015561032681278755,-0.6995350191181607,-0.11918545355962472,-0.6578264819202628,-0.1201768364707642,-0.8737905073612063,-0.09060797022672296,-0.8006999638758729,-0.0798725793294597,-0.7020587641999304
A,0.0,0.0,0.1799180624574827,-0.12932744443419406,0.28601814046202056,-0.4070804766269134,0.3200421314875425,-0.6705119296264193,0.28815316535736024,-0.8673915274494516,0.22680009052416064,-0.6744189302010842,0.24048415687711652,-0.949714718127056,0.23612202556289874,-0.8474246780613653,0.22221257055239912,-0.7034824578923184,0.11986145062224099,-0.7002615833977733,0.11894492285034454,-0.9929008537251469,0.12705086728275583,-0.8582872636339779,0.12641487154496342,-0.7104638336321739,0.013351293225268396,-0.6973707116698924,0.003772572104055099,-0.9811821936158264,0.0268128732036574,-0.8634417182008779,0.028688209733544984,-0.7185912813430047,-0.09312581772235407,-0.6710708829433714,-0.09659246281625761,-0.8912956535005296,-0.06677691402913348,-0.8236851246472705,-0.05423502794952477,-0.7131296465073949
A,0.0,0.0,0.19593004975637532,-0.13537526138216702,0.30166844248993846,-0.41806697380534885,0.3286108647796884,-0.6885274280116942,0.30078387968115283,-0.8777846761550558,0.22816120503656145,-0.694577021104272,0.24306690488411473,-0.9631979929281012,0.23076637859502103,-0.8216084736843363,0.21490147244627922,-0.678114218540084,0.11962412361929363,-0.715858309461087,0.1274086505747184,-0.9918503091488802,0.1270962638166311,-0.8230950835494399,0.12440964243647026,-0.6864511549695954,0.006917927575986798,-0.7079115332735431,0.009835794087352093,-0.9844630869811861,0.024301117742716125,-0.8339600324431676,0.021094577560868296,-0.6950174653397543,-0.10882728606184247,-0.6770634259665398,-0.0981188027203304,-0.8893639435385243,-0.07513524128130043,-0.7969940165774311,-0.07020339536256276,-0.6908298769596701
A,0.0,0.0,0.1855428265272471,-0.13396882981819982,0.29148422408659164,-0.421643207362732,0.3165041139576401,-0.7009811215415582,0.28297390732124617,-0.8999264809289784,0.21788616586080198,-0.7089283790014976,0.22874300353204632,-0.964494376439309,0.22199872017100952,-0.8043796809933156,0.20676904807933316,-0.6784693919533126,0.10676291558561984,-0.7291524435594824,0.11158249038733595,-0.9937551749998387,0.11801170910342207,-0.7926651475033073,0.1098805270321138,-0.6771082784021495,-0.006954207412614684,-0.7176455484559787,-0.00625932951680813,-0.9819572861616876,0.015550772320961291,-0.8061237862983271,0.0063966479887912825,-0.693078363123515,-0.12447028433029365,-0.6868236406503703,-0.10363073302428344,-0.8921112920540568,-0.0751009544385322,-0.7882224574440719,-0.07542759026291657,-0.7013797558157522
A,0.0,0.0,0.20339049544756788,-0.16768686011435407,0.3345587598152105,-0.4104100280168579,0.3663226284007255,-0.6690608344742017,0.3381192405438088,-0.8726617475959029,0.30004195139152945,-0.6882325852941338,0.3175348125322349,-0.9433255820511828,0.30075570951041575,-0.8860709032414418,0.28559139148853857,-0.7620805822681377,0.1851102745191679,-0.7178154108793595,0.18675622151598428,-0.9824062875028196,0.17755779360049068,-0.8732932973992251,0.1707454843028124,-0.7322876357897012,0.0700670080199035,-0.7166128545809283,0.06572243209375936,-0.9669813958308875,0.06727875125194639,-0.861919465320972,0.06259050301741542,-0.7284303741384891,-0.0479316029067496,-0.6908579093355759,-0.048361044901771844,-0.8921682672965433,-0.031091363014871996,-0.8296374172445733,-0.023788474852113026,-0.7309162111463027
A,0.0,0.0,0.20620651339643323,-0.16767725092881255,0.3286819683638286,-0.41119854936999395,0.3653023803325407,-0.6507751602975071,0.31349188186534793,-0.819367997514809,0.3011478468803674,-0.6952954169265114,0.3182559025903311,-0.9236570245777935,0.30895886852558296,-0.8047949439005296,0.2920085327701469,-0.6764635868098899,0.1825208263494659,-0.7413026991653343,0.19194079416892085,-0.9814065067716863,0.19032374247239314,-0.8243832894307314,0.17548185570221653,-0.6923081942331557,0.06025476404118646,-0.7507932525747171,0.06722112271793594,-0.9822231381422385,0.08079821028103316,-0.8422080084030242,0.06920596248829794,-0.7189013996709765,-0.06635146772241406,-0.7304784496094211,-0.04649597768679186,-0.9203796917325335,-0.025841755975670913,-0.8311051315184487,-0.03316779720396634,-0.7242756986782541
A,0.0,0.0,0.20505918777292834,-0.12562485517726651,0.34877745952995987,-0.3748258911153516,0.39877806165395596,-0.6287631963789772,0.3619617553475105,-0.8173686069086862,0.32503977872957623,-0.6667481743422862,0.34627741192867534,-0.9058293534959976,0.32643378707716436,-0.7558149506630369,0.31692310914147315,-0.6399694979222016,0.20609244747434094,-0.7228412647564944,0.21984393393733348,-0.965947013190818,0.20696160328142152,-0.7789868404247534,0.19770285456517395,-0.6752455369731041,0.0808836254108501,-0.7408619017839757,0.09170433528764828,-0.9957862797254492,0.09620826988859074,-0.8221710076543306,0.08812309145291815,-0.7146584637482873,-0.05033650774992099,-0.7319971423748025,-0.03612420075636278,-0.9329782259079868,-0.01506466751934254,-0.831713526644146,-0.015399523440186382,-0.7447153691363825
A,0.0,0.0,0.21532367613517794,-0.1381282968132883,0.36521162086386594,-0.37221893314809307,0.40864767581775086,-0.6372888149884695,0.3726826365947162,-0.8337691394401273,0.3401673511116087,-0.6621856563162037,0.36499101368140785,-0.9059037614388642,0.3408338132631447,-0.8225849264407834,0.3227804351957731,-0.6944007304070018,0.21803057623967587,-0.7192069014688066,0.23280447504290103,-0.9725235608456996,0.21425812202573227,-0.84136366663559,0.20315922474905418,-0.7090243450292967,0.0953376428074361,-0.7359712624878673,0.10732717911361735,-0.9896195465775491,0.1013354452017094,-0.864600956521176,0.08983460021071445,-0.734488410973416,-0.03320031005129047,-0.7205309015331061,-0.019177832152716266,-0.9300930891167085,-0.004307551570747286,-0.8523501185037337,-0.004313620053112638,-0.7501675845577312
A,0.0,0.0,0.20586993816318985,-0.16534627021746584,0.3292947098056249,-0.40010376627726413,0.3531404713242689,-0.6257358086658503,0.3090138048742024,-0.7933681217492845,0.3084642787349398,-0.6649785438949256,0.3285844931821949,-0.9216785904422071,0.31274924059077075,-0.913419452721902,0.2818274471143728,-0.8049600860609915,0.19370231343567443,-0.7084839915281779,0.20090089396047478,-0.9796115713923973,0.1914618289707118,-0.9370038714750869,0.17036687664147418,-0.8034916222518309,0.07699016604064554,-0.7193996431427847,0.07989036440544271,-0.9727336655041332,0.0845535669393908,-0.9313634588978614,0.07535536109292927,-0.8037550840126856,-0.047635016493404916,-0.6970149289494166,-0.04013200696343466,-0.9082173190256694,-0.02196691893453281,-0.8979779801081628,-0.018019936844302285,-0.8129444607116654
A,0.0,0.0,0.19680646845020805,-0.17027212992065374,0.3057353029037297,-0.41400445563382804,0.24558526048397458,-0.6228088188211925,0.11471570320665364,-0.67922528293552,0.2934173364203134,-0.6731265129690517,0.30614667147439434,-0.9432144912091514,0.3060059962118873,-0.9503978106110593,0.2853214040149189,-0.838154936955698,0.17656486123391218,-0.711033878087404,0.1887570725584206,-0.9820238121141336,0.19469207662585927,-0.9714522082329516,0.17602382985815895,-0.8371016486897044,0.060104926868395546,-0.7096562551884079,0.06423388791920297,-0.9675761784622074,0.0803362321083967,-0.9620969480356693,0.07407689340795562,-0.8339879651647687,-0.06374507690604707,-0.6776750131234471,-0.05814790661296252,-0.9006104906220969,-0.024973411500624765,-0.9205742997189974,-0.009201441033985529,-0.834206082869767
A,0.0,0.0,0.21364348755806206,-0.18382367306501304,0.33022277356833657,-0.41650210263242676,0.34701064889701505,-0.6314142138503002,0.28554403422742325,-0.7680882472119377,0.2966302615744339,-0.6757692498791725,0.31384275742893963,-0.9290473620613919,0.3178040199659337,-0.9274389721420165,0.3017962451756584,-0.8232337428366894,0.18388443290999162,-0.7101607189150924,0.19681440727704183,-0.9804407626614607,0.20531030973870143,-0.9510556953350687,0.18877455284723293,-0.8177321833100372,0.06438378561758622,-0.7153162266809757,0.07402434768752038,-0.9704255148808254,0.09075006639317477,-0.9407666790575184,0.08537875641926405,-0.8145758141217535,-0.06583922834098109,-0.6895177361808766,-0.05252583840044539,-0.9000003150220072,-0.023608342524779363,-0.8995900114711461,-0.016273162618917404,-0.8164635596502259
A,0.0,0.0,0.22483882974317942,-0.19160388387189528,0.3359090826493527,-0.45027023666417865,0.33827592396930456,-0.6856655393030414,0.25011403208372596,-0.7957604150288712,0.2861062475384056,-0.6731371609595751,0.31305758684652424,-0.919716187585213,0.31915603471281684,-0.8945325243757047,0.29896541501448737,-0.7798849638372515,0.17941669683502628,-0.7121168807817767,0.19978692740410506,-0.9798393662424607,0.21628754925202023,-0.9334435898496276,0.19973630349072782,-0.7951862150250856,0.06354757433199779,-0.7260325623952587,0.07765569616413977,-0.9805526086384673,0.10685598548708523,-0.9389969637992832,0.10266113545942958,-0.8057995531385351,-0.06458640477362916,-0.7111394231666369,-0.043884691593669346,-0.9237699147858514,-0.004028415243949705,-0.9142384027664906,0.008118550053523703,-0.8204114869305204
A,0.0,0.0,0.21645362208636018,-0.12675014067600496,0.34612527254132863,-0.37910017277185726,0.35379069899390586,-0.6293604584266109,0.2474744407202565,-0.7342112461878425,0.31293889475913184,-0.6591606562005355,0.348267616315175,-0.9100876583903941,0.3616882791910245,-0.859568101656373,0.34379067644778394,-0.7426482211007941,0.20116267060604884,-0.7104104090091845,0.2288811022238434,-0.9734543857032021,0.24882601080175862,-0.8952733475668443,0.2271399491397827,-0.7579768975645934,0.0815091797084946,-0.7266074855736591,0.10365084309413308,-0.9817923325344977,0.13507212693736337,-0.9109411861418096,0.12169064000590525,-0.7800964337964552,-0.051255193912036666,-0.7120329460393935,-0.028277051565597355,-0.9258298587116578,0.013707953134719501,-0.8947176295408482,0.01934638720526938,-0.7950134001039194
A,0.0,0.0,0.20936497639116483,-0.1636606254173264,0.3219484599655736,-0.4402375054085125,0.32137483972026737,-0.682803336569307,0.22321095774091,-0.7714853827795128,0.2630814839342243,-0.6835276657362062,0.2748866598397993,-0.9345050499227363,0.30900316928671917,-0.9286412971294136,0.3147550483179138,-0.8241839816015538,0.15198870042587842,-0.7179698204652439,0.166375523721198,-0.9860624651138978,0.20371214483089883,-0.9547916108839102,0.1985759277772751,-0.8189743696594003,0.032107769730748144,-0.7249330714430479,0.043062134986763395,-0.9807748265669479,0.08734704306786896,-0.9571673250427312,0.0928937014398733,-0.8326849623798185,-0.0977363389393776,-0.7023042871945181,-0.09117854127782107,-0.9255159575071614,-0.03899192524615589,-0.931642292984205,-0.011443189465058798,-0.8430934976881262
A,0.0,0.0,0.2168934409712171,-0.1526010887957627,0.33948858358187606,-0.44425688242335853,0.34424324912892507,-0.704325810575973,0.24095465431928417,-0.8195592067370909,0.26686576037650805,-0.7201325518941052,0.30515314597863596,-0.9279789598356103,0.31136965404140254,-0.8171394966409977,0.29196994617589456,-0.6994594229966974,0.15451402215006305,-0.7583281783349686,0.18200464659393917,-0.9814220169818599,0.20149121045942275,-0.8459214036328976,0.1788932405302987,-0.7212329613776665,0.03177108424912309,-0.7654983512684345,0.05813888475783135,-0.9983085044609785,0.09546244894087565,-0.8644837215954154,0.07839104223600268,-0.7370519605990209,-0.10506914280913976,-0.743787853532609,-0.06597763875562526,-0.947502297410761,-0.02192063321963726,-0.8611257565641024,-0.027517241605158966,-0.7549901761746176
A,0.0,0.0,0.1989852046741808,-0.13689969179877176,0.31491687972464333,-0.42885721323632264,0.332947932463874,-0.6719751105415147,0.24920295057141373,-0.8009244677562134,0.2510880462329346,-0.7173134034968297,0.2882495061584374,-0.9237566588028814,0.3056164367581254,-0.8247515576453833,0.2878190566235486,-0.7109717886427498,0.13799597160627822,-0.755031031551538,0.17046894786764302,-0.9826797341033177,0.20237619045458252,-0.845279217686969,0.1781111352449941,-0.7160080482009487,0.012552728341233277,-0.7563193055166695,0.04165316665940585,-0.9991321302546745,0.0882202905488438,-0.8628921194494505,0.0702240837243422,-0.7299559796378057,-0.128399679991178,-0.7273835312269226,-0.08939275309149328,-0.9461796633044377,-0.036572495641258085,-0.8693085505322136,-0.03799707862577101,-0.7616934337970945
A,0.0,0.0,0.2107149097027054,-0.1584220514593569,0.32433746575272276,-0.46528822738346604,0.33083673623105003,-0.7123811834380888,0.2549403517798906,-0.8630375134267526,0.2738354405525408,-0.7338421772616049,0.31658007838963936,-0.9224510332118055,0.31153961010730924,-0.7513701390219644,0.282321562285014,-0.6618504889077295,0.15861606948451007,-0.7772242076486914,0.19914916852630588,-0.9739934884059791,0.20293685375274997,-0.7647900524593639,0.16624544495470894,-0.6810642739553735,0.03075752417995401,-0.7829610739628857,0.07266608434165021,-0.9973563255860226,0.09672631964647117,-0.7966620135088833,0.05898014618934994,-0.7041584195060813,-0.11180038676223854,-0.7636379454234028,-0.046071613594879955,-0.9379548069159276,-0.011599077606838202,-0.8067686191249813,-0.041761879867765965,-0.7262561391509764
A,0.0,0.0,0.19904706302926628,-0.1692821250586337,0.30547562387409893,-0.47323991604898863,0.3233676341366495,-0.7145910192584406,0.27826566105028505,-0.877435090250161,0.2631239064992001,-0.7500772205946488,0.3002213357718095,-0.9383995272624862,0.2923356583887091,-0.7889772396947683,0.2665756047739794,-0.700838761032728,0.1529647684461291,-0.7856535514222325,0.18831904110655573,-0.9817253615677225,0.1903071148148676,-0.7953973331746322,0.15788074439963223,-0.7053436028208625,0.030701500946230233,-0.7880357783772481,0.06388156290528688,-0.9979574870307742,0.08497708878520596,-0.8137837494152353,0.05367994946118978,-0.7136557625073556,-0.10698762493626333,-0.76424420510314,-0.05268787194380287,-0.939548678277524,-0.02055866760520412,-0.8173317817478255,-0.04283044865879919,-0.7302702851964968
A,0.0,0.0,0.19704781232622579,-0.16187601640491858,0.30780785278661504,-0.44638192148464434,0.32862623344000175,-0.6973080772394243,0.2520484076026982,-0.8418888531440153,0.2621159872869356,-0.7001242820479638,0.2970314149962683,-0.922100057465527,0.3139523579071131,-0.8456401610057317,0.2986901173277431,-0.7277377021597338,0.15612824109245102,-0.7365625369364249,0.18222588415092192,-0.9832566944320363,0.20597263070558694,-0.8790423753438852,0.18352887558828215,-0.7394223243410001,0.040516432220444924,-0.7426448727655192,0.065327106854804,-0.993672293964029,0.09981632241172918,-0.8969048305132062,0.08217178022258642,-0.759876662133383,-0.08812849562781318,-0.7237537401456505,-0.059933119674861195,-0.9391305977869909,-0.014323932923543463,-0.8944661278967991,-0.012572938035757847,-0.7927135845641328
A,0.0,0.0,0.15471526249395898,-0.15226144656278548,0.28695751082702936,-0.4057059685897714,0.3084600916509451,-0.6986632529577418,0.2626141843509958,-0.9320113068814493,0.29175653374692145,-0.7140737840934247,0.24650009940945633,-0.9331471408597943,0.18963842648653306,-0.7498281795799321,0.20196777996008355,-0.6533950457425449,0.1773181099402555,-0.7567161421289031,0.12996958548530443,-0.9892475562944575,0.0861005267532134,-0.7621644972910141,0.10682535147852666,-0.6654796560114185,0.06953625359981892,-0.767433772059459,0.010772763477679883,-0.9999419720999084,-0.00745272904973641,-0.7895480450798879,0.02073676341822433,-0.6864947402081322,-0.039183702117623065,-0.7558946937305496,-0.09445636817711858,-0.9069548093191586,-0.08733485494807475,-0.7666633947363362,-0.04638820584391678,-0.6724143784409579
A,0.0,0.0,0.16968516787873872,-0.13335850869190072,0.30343630497580387,-0.38829922069961365,0.3164325174183168,-0.6855750374362884,0.28934854312061975,-0.9221735086367695,0.3239884706788714,-0.6801539639882905,0.2865112617028024,-0.9271830226235269,0.2232399370210511,-0.781378915075253,0.2306352734291579,-0.656728692178329,0.2120168769025748,-0.7313555943710888,0.17990963601236115,-0.9836831414992836,0.11823437763233882,-0.8049170940806457,0.13014107808525602,-0.6811438120324457,0.10940809108424249,-0.7449998771368505,0.06566461765437734,-0.9934716010947602,0.02723508317579273,-0.8233226647884726,0.045282067422340845,-0.694766701855915,0.007992046691328587,-0.7299042700003447,-0.04120756084195774,-0.9242233260359264,-0.04759318433092385,-0.8027227894283884,-0.014731587547025617,-0.6844570015236364
A,0.0,0.0,0.18003743149807255,-0.13716703595567228,0.3384886222762839,-0.38076903262326833,0.3660563765621124,-0.667895338391454,0.3307727082883857,-0.8956831782340452,0.33797932336398023,-0.6668336487716902,0.3182331732303024,-0.9237719353765409,0.2425854381666279,-0.8049240550046483,0.23632116794478733,-0.6805279730069744,0.22734495194792603,-0.7174205789657049,0.20729432192830624,-0.978278622937394,0.13043185930569023,-0.8321593108710584,0.12992060973599268,-0.6973236651661021,0.12862289057156437,-0.737156443814942,0.09066451634579177,-0.9792080225193519,0.0402139548368611,-0.844603973046801,0.04798360056933732,-0.7111871645971863,0.031228340218010898,-0.730884016298545,-0.01281218376200623,-0.9241542642257493,-0.029284244126233455,-0.8282342335295094,-0.0067904157207280685,-0.71114921544425
A,0.0,0.0,0.17197253306640825,-0.1468984678248934,0.31584844585694716,-0.3851500674832673,0.3355674643676225,-0.6598460781642742,0.29536986376425073,-0.8772149712138322,0.28748176244961604,-0.672468133926354,0.2850328490243494,-0.958230029928059,0.215461517059685,-0.9271466631192633,0.17908854664334992,-0.7947178286129031,0.17585784366965848,-0.698745047302054,0.1604049759325964,-0.9870512872673148,0.09942380358643194,-0.9271431351880881,0.0894720389308627,-0.7934684117872053,0.07800926135295434,-0.6923476733055011,0.05508617574896029,-0.9574043176365028,0.018821336423145176,-0.899891983618356,0.022831535789997557,-0.7605591641986837,-0.01827591826345891,-0.6587084967568302,-0.04231012579108291,-0.8789956944745155,-0.048581199851563645,-0.8569380103877986,-0.0316016198984328,-0.7521025367751653
A,0.0,0.0,0.16739440085181803,-0.16101774625035095,0.30028934973769705,-0.4165516951633415,0.335920248622009,-0.6855490280045874,0.31890415474607814,-0.9070484528446459,0.2842129575722909,-0.6927272076132734,0.2907828593022943,-0.9540014973962038,0.2646262429986291,-0.9359869600228355,0.24175449411992733,-0.8278875535370451,0.18298717455565414,-0.7170234448246052,0.18192731919008095,-0.9833119802648143,0.1617061265657327,-0.9376652729517554,0.14673932002868373,-0.8162451650030798,0.08008291173002108,-0.7104617202183482,0.07533934555675416,-0.9529286253846669,0.06715554660734308,-0.9098201640345065,0.06036035677412389,-0.7888800031857188,-0.027431746967866884,-0.6757980582571763,-0.03409276521961531,-0.8837207875970657,-0.022748424502200645,-0.8662941687330526,-0.012072772251145893,-0.7824396003950455
A,0.0,0.0,0.19763580624962046,-0.14796441746985747,0.3383770611015757,-0.41464780010486785,0.3777262137751216,-0.6781208097248481,0.33968862885766105,-0.8794704868484484,0.3244702735714669,-0.6957052516162754,0.34511227246108517,-0.9363696315599146,0.3152126262715767,-0.8174874270889128,0.2981428121917707,-0.6946129262612275,0.21083805010903034,-0.733823396191168,0.2170803635645153,-0.976153735717227,0.19983529689661167,-0.8296930985194328,0.18938550799946063,-0.7161156414907768,0.0935237556373897,-0.7390714338746636,0.1006769585527852,-0.9831164927757986,0.09578119270463899,-0.8382446121553855,0.08216131062117389,-0.7238317020127035,-0.02939402833957364,-0.7211619266988617,-0.020490419534187045,-0.9272660369382715,-0.008130165427673539,-0.8390413754339341,-0.01174157007070923,-0.7509022202326604
A,0.0,0.0,0.18642005670003498,-0.1313528610329023,0.3285944899400876,-0.3995538531020077,0.384924260190799,-0.6687910306599445,0.36035488493343626,-0.8847887792191447,0.3221986944265702,-0.7108187349043382,0.32744814577296916,-0.9360774454819178,0.29581785945476263,-0.7792624902019446,0.2937388963042258,-0.6940385323321479,0.20766003769962876,-0.7490573275721276,0.20809581502223795,-0.9781084458127485,0.19041664824393253,-0.792643907222957,0.19076429862391217,-0.7214569406186551,0.09130090039009942,-0.7515927119550629,0.09141782471949375,-0.9837785818754402,0.08753364707091896,-0.8087171859935421,0.08622284553842091,-0.7320172546061201,-0.029927077021479984,-0.7332935339701471,-0.022210071281453112,-0.919907365857027,-0.011343394733586842,-0.8122077415302538,-0.008752323837690758,-0.742214131694355
A,0.0,0.0,0.1817962632569436,-0.14242832127873362,0.31440116391460055,-0.40082221147605723,0.34483784021951686,-0.6806288614411147,0.30971622266605214,-0.9014464067023922,0.2985186544007824,-0.7235341925821793,0.3001711016436227,-0.94100381449215,0.2564333007554824,-0.7503845517399401,0.2539161121163468,-0.6682063585334201,0.1932526987299326,-0.7624725399180886,0.19223319222017515,-0.9813492751354338,0.1628448240044274,-0.7609651415932464,0.16496468965048192,-0.6957930665045591,0.08721430551969545,-0.7698568484707224,0.07940873049230139,-0.9804435869153973,0.06784125278543819,-0.7809350463345774,0.06963736091835326,-0.7096795918644887,-0.025302361016158296,-0.7622851561484258,-0.026866321478880132,-0.9385012001462104,-0.022320530029655356,-0.8126698757548793,-0.017059210185903752,-0.7422153133966081
A,0.0,0.0,0.15794792535524327,-0.15415650052386184,0.28386384027768796,-0.39987714975330735,0.31156591114351917,-0.6611940142095298,0.2542122425085096,-0.8660219404234625,0.25565321325702794,-0.6805920103202957,0.2395891263678085,-0.9562508980607322,0.1868161617164745,-0.8410394429441446,0.18016609650642304,-0.705551206681247,0.14861675209693465,-0.7127582795779691,0.12219624274127185,-0.9925059588032286,0.07588730421207743,-0.8549646351109097,0.07866753447814845,-0.719533357137353,0.046582264346226,-0.7177928005812628,0.01665623118295096,-0.9845081273181255,-0.009302324254616504,-0.8599166775523658,-0.005304148230108357,-0.7253231302629451,-0.0492766873192641,-0.6958339006042903,-0.082648327128637,-0.8885829708877523,-0.08203953917892928,-0.8127185979350199,-0.06499236701004815,-0.7087763773504154
A,0.0,0.0,0.1508626933701192,-0.14387535107760435,0.2843508967546019,-0.4061497388667672,0.31181962567949034,-0.6804270352393004,0.24310315264259394,-0.8762932932334451,0.254005073579305,-0.7133848265842673,0.23557523891001061,-0.961091568164713,0.17642394333688063,-0.8364569089165057,0.17040185048801224,-0.7247503212669402,0.14241676073821258,-0.7494280822281271,0.11091517836065477,-0.9938298763919428,0.05810269811008969,-0.8414641404054217,0.06210022787834926,-0.7349802984092049,0.036323860642485696,-0.7464950257361257,0.005354514903056977,-0.9760862737489908,-0.025535650217947615,-0.829807324550201,-0.017879142398299543,-0.7241946678043146,-0.06804175097513697,-0.7101902160695014,-0.09050562978309203,-0.8737797551057258,-0.0958940792369022,-0.77844668741841,-0.08131452616827164,-0.6899572859139875
A,0.0,0.0,0.14876007684179474,-0.14172206103462712,0.2822073847534394,-0.394594353075172,0.31647277313840233,-0.6785626469271601,0.2773959540884962,-0.9005650096566783,0.30140626918798785,-0.6829492028468452,0.27044078989750336,-0.9563370538754696,0.20120390086108314,-0.8282409611532435,0.19683150049391024,-0.6982788335380761,0.1946740277551281,-0.7321235105755787,0.15046144935183586,-0.9886158770012471,0.08720070151427295,-0.8382285361302108,0.09211309457581104,-0.7179725378008843,0.09633457177281633,-0.7494915408285766,0.047754589079708476,-0.9904290367421572,0.007406892852046222,-0.8518503410448139,0.016658587268265277,-0.7335669605920506,0.002838812788380156,-0.7399985775099792,-0.05023139442957627,-0.9221784566440185,-0.06219033826376731,-0.8228002329111739,-0.042940035866416974,-0.7149249306129482
A,0.0,0.0,0.12345633559825066,-0.1709499398154018,0.23509001685444628,-0.4429873303984847,0.23533887518561397,-0.7255662978414494,0.16115493794902302,-0.9255814724885121,0.2953015449220385,-0.7002678429859137,0.23286115034074664,-0.96019826467762,0.1584591573625092,-0.8574412692376171,0.14825906820372212,-0.7505186113672576,0.17932292573244565,-0.7449014600062258,0.11282899901070904,-0.9936144206794915,0.054839689415912635,-0.8640968445878313,0.05434884239584456,-0.7683473274632201,0.08092615871991879,-0.7579945549650078,0.012361367256630859,-0.9909445674525027,-0.023820373761244924,-0.8650408663961789,-0.017717693812868078,-0.7691464219798637,-0.011827751173414641,-0.7456890312519694,-0.06962493238608959,-0.9247309664555453,-0.08434236533904721,-0.8397317746751971,-0.06771073980850582,-0.7537912203028627
A,0.0,0.0,0.13359577348850693,-0.20019306129034145,0.22961855106956722,-0.46484138387675394,0.2128244388318762,-0.731113677000904,0.12194520100395786,-0.898104323899671,0.2736428268061367,-0.7054655578572453,0.19053398247538816,-0.9816806005631712,0.1198491148896767,-0.8619791193587434,0.11754116774671512,-0.7350872978525118,0.16509371015144533,-0.7380149942572659,0.08614871557489866,-0.9927843485821157,0.030123516115825418,-0.8508214025303877,0.04101785623379003,-0.7410287731431469,0.07145626474171726,-0.7475933428697115,-0.0011351290905086868,-0.9758925572596227,-0.0374804460896547,-0.853985045217609,-0.02099788106992847,-0.7471227883744318,-0.016252417039096575,-0.7391536915335207,-0.07746843471244884,-0.9129189850946595,-0.09069480722716183,-0.8327935900709493,-0.067506283120678,-0.7383798412498145
A,0.0,0.0,0.1515754175343766,-0.1722325103953233,0.25629844082476005,-0.4394703022339699,0.25369571162594207,-0.7375298642785115,0.20967485314965165,-0.9568172082535363,0.30741796862294385,-0.7131172929336038,0.2030531910461284,-0.9742570628449462,0.1338457412890461,-0.8001060638472792,0.15513368654706064,-0.6761813753850737,0.18943614944323695,-0.7426804090996151,0.10213707323995039,-0.9947703344340225,0.0390191468804709,-0.7934074791544071,0.06572239884644134,-0.6890307164716025,0.08540935185531692,-0.7463596187272811,0.0027443713605084918,-0.9721947529707321,-0.040130275161178605,-0.793004343771134,-0.0031832441507311455,-0.6897467720767025,-0.004729758645373734,-0.7284652017523536,-0.07869159099286212,-0.8926249805753887,-0.09403841025652192,-0.7626175239571379,-0.053489963851829275,-0.6588670375400234
A,0.0,0.0,0.1505778449786889,-0.16856185577929225,0.2713911415122533,-0.4259281044174137,0.2833431761136689,-0.7184386100218161,0.2565093844698988,-0.9489317613203775,0.310867920515011,-0.6941741696502154,0.2588747598681262,-0.9632708928887465,0.18045534558118898,-0.8293981754929032,0.18095163170855888,-0.6931935959762957,0.20087217207911204,-0.7264975188912708,0.14766363794398288,-0.9890376383278587,0.07587530140890676,-0.8273799314501268,0.0860169984110668,-0.6946065323039057,0.10293251490243066,-0.7296094956374256,0.042990708206386334,-0.9677209182684271,-0.004622349824907471,-0.8241334878499534,0.010555234296287767,-0.6910280590103481,0.009276144206446965,-0.7093978862459431,-0.05349029391231874,-0.8917279066442334,-0.06875000625050684,-0.7943811448577321,-0.04020290001445771,-0.6766698952103335
A,0.0,0.0,0.18489765476522424,-0.13370700307774777,0.2833387717184437,-0.40889364827417585,0.29112882879930696,-0.64873780022601,0.23640360523107606,-0.8100472356932155,0.252544160955388,-0.6783355658564193,0.29369379645725174,-0.8943834496999512,0.302865845984099,-0.7547397980124858,0.26737320278417637,-0.6255234236739116,0.15319730592577158,-0.720931221228827,0.1947980364062112,-0.9808433743530536,0.21756696271489648,-0.8131381313901793,0.1851634411523151,-0.6667759546338845,0.043610094920224246,-0.7289836778556835,0.08099694996261174,-0.9906977917220012,0.12502427145043551,-0.8514134677471806,0.10544671712461066,-0.7141043172448731,-0.07973140033912753,-0.7132647032089539,-0.0720108541398396,-0.9561099189295906,-0.016056207253165998,-0.9021577015223587,0.0008600963606526403,-0.8024755492240762
A,0.0,0.0,0.2006649667117113,-0.14731222272387826,0.29588124000264915,-0.4136818699748737,0.2733888719438614,-0.6329365874358525,0.18657625211439957,-0.7628774158623831,0.26770364654262835,-0.6979863418360233,0.30438295990632497,-0.8920488251678685,0.3028143896273196,-0.7548886967945366,0.27290609594113896,-0.6275432616456564,0.16233265065478705,-0.7380345742333485,0.1958855007112988,-0.9759887717290043,0.20516600286366704,-0.8176584474799106,0.17466651801253297,-0.6669281903686051,0.0469705405057727,-0.747359920839185,0.0810682588851937,-0.9967085518853157,0.10765642036074957,-0.8623921860703816,0.08333315018343704,-0.7181727522472376,-0.07919859013290144,-0.7311922633733958,-0.06381332875454569,-0.9647001250944033,-0.022809728806409288,-0.9206058716956977,-0.01715226425732322,-0.8273277658277344
A,0.0,0.0,0.19031693107866463,-0.11720534642352011,0.28029572710417583,-0.3225926104131896,0.26982113591622037,-0.5086633485239752,0.20461116682429822,-0.614641749528482,0.24535981295828832,-0.664596223798052,0.2716524746066344,-0.8900193916000056,0.28156416039357485,-0.7840088387052826,0.2526136091540274,-0.664031010056201,0.14600750432360843,-0.7132360979615023,0.17241146097654886,-0.9728718448202243,0.19184472294914057,-0.8423195068012848,0.15896191309541433,-0.6965413526278849,0.038453166054045584,-0.7355500044159724,0.06212503644605505,-0.9980683743344322,0.09431732262683146,-0.8888136132761559,0.06765219369644296,-0.7532038653669608,-0.08118945852934667,-0.7292371868738926,-0.06892128651179513,-0.9699689413374271,-0.02833900579948754,-0.9341096908571271,-0.027654252978627773,-0.8377753729840695
A,0.0,0.0,0.19551121565854213,-0.13772600654033973,0.2651118970052914,-0.367996708692735,0.245353996999287,-0.5714628045508853,0.15112174231413625,-0.6726506752033393,0.22421814266269902,-0.6435843337680683,0.2538103857074264,-0.8450536069728624,0.2629606984334928,-0.7541831651061247,0.2299604150853822,-0.6370039962765368,0.13489401869726614,-0.7081303552084234,0.15929428402969195,-0.9417823164275217,0.17766791820347483,-0.8243917975836242,0.14228410479083783,-0.6901335347405404,0.03149644014701813,-0.7515360872029314,0.062005727321631315,-0.9980757936045317,0.09432334500608809,-0.8852010688920452,0.06538221011682459,-0.7488808214057212,-0.08725207503579699,-0.7700240107306993,-0.05911795945056801,-0.9966052137228826,-0.021009453722703075,-0.9410525703732712,-0.027002650980777265,-0.8315870800320453
A,0.0,0.0,0.17660777384600107,-0.09666513323780765,0.2608044818609058,-0.2818836248537112,0.2857284634770457,-0.4557150406194982,0.26785917428377265,-0.584417125310657,0.1761922944882151,-0.5877018021626756,0.21269822280369866,-0.7917904102390145,0.27734019261994014,-0.7870366645604173,0.3023568298096748,-0.7167531836590527,0.10748524522092781,-0.6574488367073944,0.13900321515789404,-0.8766603418858716,0.20300211117168623,-0.8520713175218937,0.22273811602821542,-0.7637608123436364,0.02180163585833592,-0.7197972133963183,0.05417777289359638,-0.9504187744778869,0.1302781486443885,-0.9185371681826461,0.15379906014609365,-0.818339173520691,-0.07562422905315243,-0.762866980203125,-0.03493887254302,-0.9993894512077974,0.03733651935020793,-0.9831756450308353,0.07390201196300242,-0.8812050610026093
A,0.0,0.0,0.17051646983494767,-0.12726363098702037,0.23100723290537836,-0.35484661425565056,0.2315293430129775,-0.54887057604591,0.18375647037916193,-0.6751142521984107,0.16904598776583035,-0.6095661793715684,0.18583641792632102,-0.8055991124705024,0.20802104221164308,-0.7891740785007288,0.2035420573614026,-0.7248455432644871,0.08503843101082773,-0.6810437001787087,0.09880175493167505,-0.9022547966926695,0.13004747678536172,-0.8586278665592819,0.12795013904871638,-0.7800589904603545,-0.017779244423139703,-0.7337962333507646,0.004503654653930297,-0.9704631640878982,0.04830671100874266,-0.9295036059255952,0.05123068938050236,-0.8547518764189023,-0.13928368951762288,-0.7592510221055263,-0.125177414883186,-0.9921343733603644,-0.08057521865802826,-0.9765151522406228,-0.06446543242556962,-0.9052129488088847
A,0.0,0.0,0.18405754236361274,-0.14243252192988298,0.26122063674983853,-0.3749898154812678,0.2656446081447103,-0.5756791719530242,0.20134490552734355,-0.6862807076370273,0.20302213575768965,-0.6695875588962149,0.21888961155352513,-0.8932781528894559,0.24329216724218877,-0.8009956026311948,0.22434257926283202,-0.6820484304152056,0.1134281806819136,-0.7192438524235435,0.12663219536492026,-0.9715107582098612,0.16270746316439808,-0.8495067954476909,0.14482175908870082,-0.7216582236520176,0.01111225987101607,-0.7437173086967599,0.023686422271143932,-0.9997194373422941,0.07220267941510815,-0.8872921178222153,0.06367660277111203,-0.7675243369887171,-0.1066997527213929,-0.7379464137630696,-0.10036221581433243,-0.9685445628550532,-0.054064884372112175,-0.9131873371401671,-0.04653479213016681,-0.8134497217135613
A,0.0,0.0,0.1871475606417636,-0.1471966063105341,0.25207077033887504,-0.4245843377156151,0.24631403969802,-0.6229344700043029,0.2065699815097065,-0.7463881985573892,0.21176820164877067,-0.6805904981331898,0.24037077527629339,-0.9324587356924441,0.2841473083766257,-0.8205615566336083,0.26441108896503335,-0.6834426832738459,0.11917145109241499,-0.7139611370015876,0.15522883090985748,-0.98787854013252,0.2057009449867376,-0.840203600120745,0.17683402426624487,-0.6909953015243008,0.01608990215120236,-0.7256822216534295,0.05010377349204018,-0.9910367061242549,0.10957568797896346,-0.861000298619885,0.0912106554829007,-0.7266330712381842,-0.10019009353089939,-0.7177034482544729,-0.0789685125308853,-0.9597639359668484,-0.01880900471135357,-0.9103483012278286,-0.010324808397364767,-0.8112568662133102
A,0.0,0.0,0.1744590575782249,-0.14134837017976995,0.25237065502406014,-0.4132491700460382,0.2592758116525224,-0.6292442054296323,0.21661213383684286,-0.7805336232099936,0.216526790433734,-0.6792164151038528,0.23292731244655246,-0.9420934265952511,0.2635407935155783,-0.8264137261197634,0.2494219310320294,-0.6960454777092051,0.11877358119588309,-0.7088185403744988,0.13713189546463486,-0.9905527967989776,0.1740009750384611,-0.844193237052046,0.15372425777674933,-0.7037949504838085,0.008891031970033986,-0.712182310489341,0.02869872523004489,-0.9866116822092579,0.07526048121849181,-0.8592253468919394,0.0588741831061915,-0.7265316731043635,-0.11005031830888364,-0.6936551329913611,-0.09089181845713676,-0.9381694536292327,-0.04216657072834028,-0.8838644250279467,-0.040257285620327814,-0.783756613181246
A,0.0,0.0,0.16945937303719047,-0.15615188982917427,0.25469429585428266,-0.4345186300885909,0.22988520419655292,-0.6711133149770669,0.15464496297647395,-0.7827714330717056,0.21204296085211616,-0.6997241350362572,0.2228319692582597,-0.9547539407702086,0.24253277961774197,-0.8677421777036313,0.22183798539466837,-0.7410653326343752,0.1104669863316693,-0.7213408645269676,0.11799445158064817,-0.9930142543771374,0.15395996363881687,-0.8861152865734842,0.14066180014968035,-0.7448760223039892,0.006987638455409231,-0.7149034479361861,0.01666365735688234,-0.9800426394995162,0.06020251635697606,-0.8883799782612483,0.05069891225477718,-0.7558976652313988,-0.10275850346598882,-0.6881752110906929,-0.09458045014906251,-0.9138195847462616,-0.04947372767282433,-0.8867153330890456,-0.03768141568420974,-0.7962728381225646
A,0.0,0.0,0.18011613818746303,-0.19164894090757623,0.26464930074777404,-0.4677405728622399,0.21311615691634328,-0.6945804391043581,0.09811030091092253,-0.7673843617810016,0.23659778884257407,-0.7292306724819183,0.24883459528664928,-0.9647757504688538,0.22681617980263247,-0.8821706284639722,0.20295520865757063,-0.7752788917774063,0.12033352395440212,-0.7540077567451335,0.11948366162939664,-0.9928361670505521,0.11012840850019752,-0.8966734969833555,0.10400377200461104,-0.7842833006525691,0.006510921362086247,-0.7422927643438635,0.0036231347736612766,-0.9698453608929121,0.005517159464866923,-0.9022467559101622,-0.004705765342334443,-0.7980869739732995,-0.10895779972772034,-0.7033746976141592,-0.10681925261986916,-0.8911447614390406,-0.08542790445486832,-0.8825082937967909,-0.07419144936862122,-0.816592316485175
A,0.0,0.0,0.18617153812104192,-0.18537182194214383,0.2887184384384939,-0.5246306062773733,0.3070464181642574,-0.784995131849476,0.26643050153476633,-0.9365482515067574,0.23254705321302158,-0.7681667599001483,0.24249760480062216,-0.9701520044126906,0.2659726145765265,-0.8478006535053546,0.2659425739081171,-0.7495064669418562,0.10955272004892339,-0.7793053172999383,0.10368116878490916,-0.9908964853593848,0.13974321862434266,-0.8402341368262424,0.14164902848231398,-0.7311208315233071,-0.017263308583254745,-0.7513238340866223,-0.022228601918918994,-0.9738072633825025,0.025662940693720247,-0.839376578366556,0.027851991139551405,-0.7290362703588998,-0.1494026929279766,-0.699409080963157,-0.14079576154668613,-0.896134036508015,-0.08944338466288458,-0.834117782102892,-0.07177032882604602,-0.750479336787114
A,0.0,0.0,0.18609533104214193,-0.16216356788528025,0.296071681114849,-0.4666032949461084,0.32479787720261577,-0.7301402532726055,0.2652071306462084,-0.9009925197142823,0.22405683418410924,-0.7407301987778854,0.2268792718421678,-0.973922890175792,0.23930538315077304,-0.8298003277133479,0.24013151151250414,-0.7087172220272366,0.10418723592556407,-0.7547105794672027,0.09899207863774051,-0.9795396124120891,0.11721150877424105,-0.8028943927669302,0.11443733353873106,-0.6958066583710794,-0.01945524065327467,-0.7399196094537173,-0.022423745264425317,-0.9655179161640749,0.010129258744588927,-0.8130642358213895,0.007539723837768574,-0.7087987562713907,-0.14865502550125792,-0.7102407789572359,-0.1418675738937446,-0.9116676557078487,-0.09923211106503703,-0.8188513390342597,-0.08796356664877111,-0.7254573357877406
A,0.0,0.0,0.20032011887295872,-0.16203069491004504,0.3127625424129766,-0.4411289552197364,0.343013594603856,-0.6990790299781203,0.3035214607586188,-0.8930513804423231,0.22376329941012296,-0.7291145698090609,0.23297125363084364,-0.9647595754170117,0.23290481472227154,-0.7960573834550574,0.21668323067668988,-0.6796416923328694,0.1004928061032339,-0.7467453580733037,0.10622606061802226,-0.9943420055723163,0.12390267516546308,-0.7789639957809269,0.11266253693240634,-0.6633002974023003,-0.024527919947480183,-0.7269517164751563,-0.027445618665064838,-0.9875192265734645,0.009814830400821949,-0.7990134547832717,0.00263731180010648,-0.6815395261976773,-0.15569985830070363,-0.6812892300324195,-0.15735208905335232,-0.9034029672887145,-0.10852206783101795,-0.8095093300072823,-0.09509745141154363,-0.7190957296294239
A,0.0,0.0,0.19692365760483607,-0.156795624332834,0.3142003342487349,-0.4357434603307349,0.3480939249746686,-0.6944487761084778,0.2969519355245126,-0.8714014099624724,0.24007787888489798,-0.702640701072428,0.25637497108277424,-0.9581039143271426,0.26276600509638154,-0.8571553275095066,0.2508994359903078,-0.7379665960065681,0.1288277469001301,-0.7240734233342562,0.13727513507733516,-0.9905329561854563,0.1588904583109806,-0.8572255175416003,0.14758255910502313,-0.731291060771505,0.013004573991897424,-0.7134332201696366,0.017561937953879368,-0.9782527290729827,0.05485796376346149,-0.8556195197260554,0.04736081322886497,-0.7371847075526107,-0.11298884953104824,-0.6782247242993285,-0.10018290976703018,-0.9084735046290551,-0.05196877102108704,-0.8380107290350172,-0.04031188127484646,-0.7398419525239548
A,0.0,0.0,0.17275794345684206,0.2885428756860132,0.4569996841866273,0.4173855329196,0.6574757655423843,0.4901595466483226,0.7860313355960906,0.5258962967396362,0.7021630835061292,0.2686325607438188,0.934626539141487,0.35563075279340856,0.7952573519789476,0.4090729365580144,0.6539863200151579,0.3604664044208856,0.72061684051917,0.09170021450925454,0.9722345286440038,0.15904328022098815,0.794096071404476,0.23419503101310563,0.6380749656852032,0.18946029624787905,0.7067530298895643,-0.1001391119875143,0.9683140212851249,-0.05143171138177885,0.7977307847689694,0.0484414354556059,0.6418911560808221,0.01665278068039694,0.6660840703204836,-0.3253947827358117,0.8847595822086065,-0.27921599083454945,0.7877297192128012,-0.1813593512456348,0.6653055726525192,-0.1886261916036316
A,0.0,0.0,0.18642715704252724,0.28105383500625425,0.47717030790446213,0.3995279853949276,0.6919378232627362,0.4514099080477141,0.8446104495865193,0.47386721300476364,0.7232388553433922,0.2217366092211996,0.9622220905628557,0.2722657680150909,0.8406220671361824,0.3418168883916487,0.6942270131898527,0.3200359653640467,0.7338294200635902,0.041609733890162495,0.9957566524381851,0.08325776195144578,0.8384869444556682,0.17525906278810047,0.6712082088167179,0.1535128716831429,0.7132935028784736,-0.149005736798437,0.9835915738914389,-0.12382642872439406,0.8352515322770204,-0.01637432040261697,0.6731140117515669,-0.02695019084785004,0.6659654696216452,-0.36539808274298774,0.8886336068194112,-0.35021756086100864,0.8128543402630093,-0.25060061806297035,0.692888498324863,-0.23897700128462993
A,0.0,0.0,0.21728732092929376,0.2096954039434934,0.511829246443172,0.2682656962802924,0.7244174130293909,0.24807115181373898,0.8443307568860522,0.1708052261480543,0.7727507309921365,0.04769390330220589,0.9724120343348924,0.07816798940774937,0.8213140933228386,0.16510800529518493,0.6987624847265845,0.14398467933517037,0.7582352936486922,-0.13677360351758103,0.9863143219259495,-0.11996134524052615,0.808954189820874,-0.0037735427523217747,0.6774620970581626,-0.034245817484889224,0.709876616464282,-0.325410890928197,0.9498473083291992,-0.31271407205269025,0.7817333295802866,-0.17912078663778006,0.6471351850069219,-0.21038961263655823,0.627350010832952,-0.5347105098764271,0.8397529645323715,-0.4867177300331757,0.7298981748116242,-0.36828608927090983,0.612423844667192,-0.3848678503367644
A,0.0,0.0,0.23495468282946488,0.13444219658373094,0.5016710978824183,0.12248179765343789,0.6999796467165911,0.051620359269558894,0.8124547186770789,-0.0631508363748445,0.6683342514264209,-0.1510031526628064,0.8909296658399297,-0.22479925579317553,0.7968528862625419,-0.09779212637640923,0.6605807884419533,-0.039991039506641866,0.6239748912807412,-0.3263609612232358,0.8728943796773343,-0.43727641850622984,0.7597877643645466,-0.2706491282273855,0.6097415485818178,-0.20142034312199353,0.540879268552068,-0.49615908897034444,0.7859303352373787,-0.6183150557391124,0.6888436655280468,-0.4445947113829839,0.5495323746637383,-0.3759274925271438,0.4216216659077397,-0.6740456950813263,0.6149430341004479,-0.7838340836531869,0.5847802786747489,-0.6560611423182231,0.4915375386907377,-0.5896620563051994
A,0.0,0.0,0.26744866211245777,0.04047461357569956,0.5275221126143201,-0.0214203733957346,0.69053495559481,-0.13345150955371823,0.7283716645734861,-0.3020178137885469,0.6367729477328614,-0.33070124584465305,0.8071572218874221,-0.4631610208834712,0.7424088454370739,-0.33282753136537485,0.6393995110203117,-0.24197566076256985,0.5553688080530265,-0.4834518838554166,0.7383196732631847,-0.6349965626148976,0.664044176722854,-0.46219112889071207,0.548814371216728,-0.3617466106315017,0.4442399360788656,-0.6136631392592241,0.6248964963672177,-0.7807076077687317,0.5743596209090821,-0.6094466923890136,0.4752655585860868,-0.5101669686278202,0.3026554474156618,-0.7307537596323588,0.45062593346557706,-0.8830952704014821,0.44673124374844303,-0.7690571424975464,0.3819223803137044,-0.6861030238427089
A,0.0,0.0,0.22462951902895262,-0.030742330312444974,0.4362190054603797,-0.1513938618609771,0.5584554364241819,-0.2790954498860728,0.598586110637476,-0.39036714602256395,0.5107858543773448,-0.4576917239657988,0.6491613416123082,-0.624055111636303,0.661845564677855,-0.4954597455368566,0.6097701324263435,-0.3694246610696913,0.4250113919525441,-0.5747874806914923,0.5778841838681803,-0.7802249429651106,0.5932188011974767,-0.625363485165307,0.5243909279816321,-0.4764602900281803,0.31297045107789484,-0.6648204417647895,0.45446855370546196,-0.8907627819418958,0.48383714982487636,-0.7480191525776579,0.428017208998781,-0.6034746242072694,0.17378008266480222,-0.7323987273743048,0.28414214399780013,-0.9468462925462993,0.3408864161080574,-0.8726957794566983,0.32773422615806036,-0.7509534209680078
A,0.0,0.0,0.23468048049308607,-0.06791543715996157,0.42969015982054526,-0.2439769591810844,0.5418826489999649,-0.4367663552379053,0.5276754083357461,-0.6119436601800406,0.447103656724977,-0.534806831857291,0.5445188452880777,-0.741782852607933,0.5619890833954391,-0.658687630565538,0.5291018821773982,-0.5545300739956468,0.3459586797559655,-0.6270447639277449,0.450438148083811,-0.8699559341804669,0.4603099825695163,-0.7443532291006474,0.4143738177763944,-0.6150093873743311,0.22308749618518064,-0.6892524143476672,0.31475744881430845,-0.949172138453246,0.33510824865706645,-0.8324142520861045,0.29494493385000997,-0.7008932504033767,0.0751151392623652,-0.7320330117085265,0.14797500484561882,-0.9583227922497151,0.1911766219322164,-0.8986433406949962,0.18171294583291867,-0.7932760616786443
A,0.0,0.0,0.19488962472445634,-0.12801407804461903,0.33017603709247156,-0.4112130582970763,0.3643794722420855,-0.6536051335084749,0.29407370254006493,-0.7876602396455286,0.27451663684688027,-0.6816042744444694,0.31831300086549913,-0.8905543993184107,0.33980238194178575,-0.7587327156044198,0.3202816379663286,-0.6398528231339077,0.170307812600852,-0.7246631259846317,0.21300471822386002,-0.9680273519710064,0.24294834231839504,-0.8120598983547296,0.21705132079587866,-0.6738277946790158,0.050934671203600616,-0.7356449973395355,0.08599420924005127,-0.9962956368353614,0.1302638452406592,-0.8514725942608188,0.1097529712399509,-0.708868990248014,-0.08472985024595768,-0.7248739735560397,-0.05266285853307414,-0.9490861210018912,-0.0063043605459588105,-0.8680118700366157,-0.010412710038114142,-0.7572718561174205
A,0.0,0.0,0.19008685432833153,-0.19489507024860106,0.2606152453141165,-0.5303083738787432,0.2409065650765734,-0.7671819962800336,0.13552824674407193,-0.8251710822927089,0.18042916476221413,-0.7303493308590071,0.1840713426677777,-0.9500181435160499,0.22296114534038672,-0.9143139783430145,0.23311764757230785,-0.8203484938041026,0.06835458229711619,-0.7471787629361074,0.05935803087448782,-0.9982367575734242,0.10905499040207314,-0.9445925835134584,0.12387091019971895,-0.8211427050214857,-0.0479269354646587,-0.7235166118717313,-0.07094705544698159,-0.9734542225349413,-0.011654969297803412,-0.9336307101875634,0.014582915101551727,-0.8186997065823222,-0.17313517087584943,-0.6687845189331957,-0.197819465182525,-0.8812312005455574,-0.1482109392224703,-0.8953547007274518,-0.11146755281417067,-0.8305946132268291
A,0.0,0.0,0.1453644420268211,-0.2840739435639799,0.17614618211703578,-0.5830137449441478,0.10286675247358933,-0.7633121689923699,-0.01641704906303446,-0.8009577653295349,0.094353517874274,-0.7680659100825727,0.052020188585069786,-0.9986460333769788,0.08186692339819591,-0.9412196132559582,0.10033286506983102,-0.8321253229873163,-0.020240570466165668,-0.7542518919480231,-0.06645765358457545,-0.9975062378512374,-0.025344979790363105,-0.9222775878878174,-0.0025307520171955213,-0.8072518063237873,-0.13494604753975656,-0.7046353897141837,-0.1816791492782609,-0.9513162180694748,-0.1300657358446248,-0.8829286515453386,-0.10031537291321765,-0.7780039303441512,-0.25707925538056103,-0.621003408701491,-0.2942664251981793,-0.8262322814324083,-0.24699403697087766,-0.8080194809706309,-0.21403848387058755,-0.7370224477245392
A,0.0,0.0,0.08214563897978605,-0.295868857599075,0.04567487085614376,-0.6145098125393905,-0.023252051022785998,-0.8383037505819484,-0.12310007104877134,-0.9378426478977858,-0.11801321973228297,-0.7543274336037106,-0.21779096886223245,-0.9578123903678026,-0.17525474930834115,-0.9845231195075463,-0.11437696048396367,-0.9106723886374134,-0.22188139271941412,-0.6928037063950822,-0.33464402648582464,-0.9166317413995098,-0.2875029862692871,-0.9309043488598794,-0.21885420559708063,-0.8234097822428379,-0.31942016571359994,-0.5932661937274426,-0.4405280741678568,-0.8092141958384682,-0.39916586320463376,-0.8368941787166377,-0.32827551018129286,-0.7487498975821442,-0.4182255456466787,-0.45517817134313837,-0.5252900059172937,-0.6292859127006674,-0.5015512510529981,-0.6844530661954696,-0.44218619038466384,-0.6465291097882875
A,0.0,0.0,0.024853984582149696,-0.31319374894819346,-0.05637326532171438,-0.562923519221578,-0.18179214387444845,-0.6774580457828755,-0.31640998342197835,-0.6805157090147627,-0.2750686134048663,-0.7317938443978533,-0.4122499299148397,-0.9110707959786714,-0.35892518300137366,-0.9197113740420788,-0.2771680820158744,-0.8379926813158627,-0.3826870927445714,-0.6251042962433829,-0.5411412808997194,-0.8255193247689389,-0.4633435227568983,-0.8150110079255319,-0.3665636712904355,-0.7175465749614646,-0.47022591702749966,-0.47899232786417767,-0.6403009812699575,-0.6726992624576887,-0.5647400469892,-0.6821851880182719,-0.4663258326420013,-0.5960127832834612,-0.5421821447262937,-0.2882613017792224,-0.6992796068463814,-0.4386870663653478,-0.6560739730822526,-0.4895853257744804,-0.5710360751680781,-0.4560969816089977
A,0.0,0.0,-0.009435681347893838,-0.35020367942378755,-0.16490758013058696,-0.6335582595636061,-0.3073131651234575,-0.8231170152039028,-0.44572583955307005,-0.8574642711445878,-0.4126779619515802,-0.6615243359636835,-0.5619711307320557,-0.8271568462049594,-0.4830294569430961,-0.8261737602193707,-0.3878392916246912,-0.7435900510135592,-0.4991444775857359,-0.5325821126087797,-0.6798777045035355,-0.7137256596897981,-0.5620694580240161,-0.7022628658817932,-0.4498198814185155,-0.6064947005885947,-0.5629846869621112,-0.36579023760564405,-0.7554300776641041,-0.527262344406102,-0.6446987791295202,-0.5412431393979591,-0.5385854985048019,-0.46471684001854335,-0.6101018728116241,-0.16402562544718569,-0.7832475415221501,-0.29171912958099566,-0.7204409837824572,-0.3405571365068228,-0.6372902102417374,-0.3077333927894783
A,0.0,0.0,-0.061137038040459585,-0.3408819585670475,-0.20975420378861484,-0.5977220661529631,-0.3612643156936248,-0.7154952605573472,-0.4957608570340314,-0.6705236043078211,-0.4599004018566752,-0.6445870506836935,-0.6218060751620027,-0.7831712487646784,-0.5550883637564686,-0.7831418919571779,-0.470243288225813,-0.7239704594011991,-0.5444214376893504,-0.4918896602981246,-0.7354767486194792,-0.636770336180233,-0.6385016446124471,-0.6357138627153727,-0.532639881950108,-0.5654916359638196,-0.6001046126249829,-0.3073323300661719,-0.8014941701043207,-0.4317572568029517,-0.715310108287257,-0.45942028799223633,-0.6125864582849179,-0.4088790136310931,-0.631652589941029,-0.08735545417710802,-0.8153327461969694,-0.17334637421317936,-0.7848536911185846,-0.2403631348698026,-0.7113893022627259,-0.2445659892094336
A,0.0,0.0,-0.06593208147074107,-0.2936531196213549,-0.2094496086111198,-0.46195209917258995,-0.34320989832367804,-0.4576623304800086,-0.4547047142946959,-0.35961954448867406,-0.524638079926762,-0.5922249561926247,-0.7430487160850341,-0.6692373312393612,-0.6484188283336494,-0.6602868851711546,-0.5313367130193319,-0.6096624909352053,-0.5942478750710676,-0.39620138796377774,-0.8274570808148581,-0.4966567511547309,-0.6818751442601705,-0.46979984375066614,-0.5690570865009962,-0.41867979076410256,-0.6324442294653067,-0.18370152881657503,-0.8691676928789479,-0.2795300011085366,-0.7339112377354627,-0.2699918188588902,-0.6254006772871034,-0.21340281201723543,-0.6393432609179095,0.05404425397520569,-0.8345119570319331,-0.01630698725522464,-0.7672025197184273,-0.042585440476924724,-0.6907928248716417,-0.01942313998474128
A,0.0,0.0,-0.2572974131008443,-0.11092673768442757,-0.4117294735583594,-0.3343271801706011,-0.4348816674204482,-0.6119504284966945,-0.45441046203683727,-0.8283773342737969,-0.3432128995063091,-0.6612632952251255,-0.3761089391810725,-0.8930984613824748,-0.36299708503935696,-0.8284473555747384,-0.3415939615390672,-0.7441717647880733,-0.2086400822176538,-0.7199024793592254,-0.2397626821683416,-0.9708315282475342,-0.21824551005259735,-0.7699764825027621,-0.1967712280144599,-0.6698471593934341,-0.07356168189296663,-0.7334804381700846,-0.09296554291208438,-0.9625309985312948,-0.086643155563044,-0.766615622519989,-0.06784527935253765,-0.6738042564399079,0.07239942577478813,-0.7048040348047216,0.04061300439568581,-0.8920500914173356,0.027210504993218067,-0.7589292007331199,0.0345057172843402,-0.6847714442388677
A,0.0,0.0,-0.27011811993816454,-0.08787278709564715,-0.4299159299805489,-0.30506738219526736,-0.47484804772909006,-0.580666282236383,-0.5065334443500957,-0.7861128820573731,-0.3752532158586054,-0.6309681321528147,-0.4184424371089198,-0.8947211327419009,-0.37311398439336435,-0.7340816164239057,-0.33755825549243307,-0.5901766363470781,-0.24141045937247782,-0.6942656236471001,-0.28707508906898294,-0.9579080818304204,-0.24291761070962756,-0.7365956136062555,-0.21008617917762512,-0.6211595157582696,-0.10160161466052445,-0.7165990653364046,-0.13249636346468008,-0.9544130207968983,-0.1083475660782475,-0.7369862192412637,-0.08404845798153567,-0.6255704273639529,0.050162660850634984,-0.6985572303392433,0.008676230774504152,-0.8974031341598431,0.004821064373418346,-0.741576088217257,0.014817737665577379,-0.6466953170194875
A,0.0,0.0,-0.31354025238782046,-0.06470763284785294,-0.5047566832408543,-0.246639030116247,-0.5617620522471256,-0.5286904748285399,-0.5846329409986492,-0.7392250833500219,-0.4637651297622189,-0.5443724563415714,-0.5232155008068533,-0.8222134578068155,-0.4808443373598252,-0.82805185996452,-0.435660722668418,-0.7445658302255818,-0.3211586481980133,-0.6407019751339363,-0.377739124141153,-0.9259120660694917,-0.32518469666372113,-0.8527712920380232,-0.29574701764626743,-0.7297347837159558,-0.17855657066285333,-0.6852638558118292,-0.21400440897078718,-0.958823949565296,-0.1797046818870702,-0.8656967343276014,-0.15679530575127923,-0.7445817230260504,-0.01628571645131634,-0.6792854821222865,-0.047751546583997696,-0.8809980545474803,-0.04295268676056156,-0.7986113087542106,-0.03962477263833189,-0.6933515679346565
A,0.0,0.0,-0.2813051200195268,-0.046167054949295745,-0.4734365899459982,-0.2703719009939305,-0.5290308511921639,-0.5699192773541535,-0.5648974291544073,-0.7838799864562639,-0.4381702501504558,-0.6169057910280249,-0.47897416624565364,-0.877828997054256,-0.4089821343895576,-0.7194580347716664,-0.37539516130590445,-0.5878617757656308,-0.29799549705678474,-0.6857939552809189,-0.31030218524481434,-0.9240251249111446,-0.2461608503204615,-0.7010982227611379,-0.23974458601864984,-0.5936136970423843,-0.16224452092094838,-0.7099037022204772,-0.16204660845683755,-0.9013486181427977,-0.11803239328594432,-0.6845559189178315,-0.11853403637472157,-0.5865545783863441,-0.021167965960699375,-0.6981690821768846,-0.033330192496093355,-0.8534823330043753,-0.014185773134687617,-0.695698968493881,-0.019444899598887854,-0.6139670798592846
A,0.0,0.0,-0.24295696532106645,-0.1127849418385488,-0.392526095751512,-0.32944100160413353,-0.4153342716758305,-0.57380271542885,-0.4338175202565486,-0.7387590904851561,-0.3500054391217978,-0.6692910352523463,-0.3435131855154232,-0.9391478538425386,-0.29616266392063195,-0.7590563170511919,-0.28595894127324,-0.6299846284405444,-0.2066687610085354,-0.7154513798182209,-0.19937672696288486,-0.9624512422063857,-0.16708418311941722,-0.7484994004943109,-0.17253645972918852,-0.6510147941159572,-0.0677338854866554,-0.7274470058315875,-0.055372098654535205,-0.9343502517826553,-0.044244638090017815,-0.7353265643612921,-0.05637579917879152,-0.6438499592754724,0.07565944567065534,-0.6991522836087274,0.07647697842618617,-0.8732006232109651,0.0693065863388737,-0.7224846931504519,0.05517759501556828,-0.6321275645644641
A,0.0,0.0,-0.23360912148916183,-0.12516694435784687,-0.35917252115036624,-0.37792378146105365,-0.3803568877086376,-0.6377032850003741,-0.4044989841110988,-0.8402366743068771,-0.3005870631911345,-0.6851318274746135,-0.34178540169509003,-0.9397780265510179,-0.3069750127531086,-0.8315897959214769,-0.27479371700596256,-0.7014692515957928,-0.1695514151772935,-0.7265282442499528,-0.2033089717989795,-0.9563640194833452,-0.17504368048948166,-0.7780397983318306,-0.14988505117844922,-0.670314795997584,-0.031490710642616306,-0.7320796641590247,-0.06132643699514278,-0.9410056338166519,-0.048649278246296036,-0.7722755115021541,-0.030396499980561247,-0.6794108609305338,0.11298468252686886,-0.7026992489461492,0.07486417562441261,-0.8974098909556558,0.06975103750134333,-0.7810505581808026,0.08047489951066353,-0.697625099080117
A,0.0,0.0,-0.2643522625848846,-0.08384228172087281,-0.41322139509824873,-0.30930951574017224,-0.4504752255300854,-0.5863064941576562,-0.4811103311591464,-0.7922478632510015,-0.34438255473491364,-0.6237289794065152,-0.39078932766893343,-0.8842856946372735,-0.3728140777353899,-0.72549555646853,-0.3456573963103013,-0.6031736038021354,-0.21460462656695395,-0.6854040599020257,-0.26496143857455395,-0.9642590088085787,-0.24752389796593763,-0.7549987538516876,-0.21021911294169943,-0.6616419636550732,-0.07539700571443865,-0.7072367189951672,-0.11245857616663892,-0.9675494056827628,-0.11329419892317893,-0.7695458829967605,-0.08364546350293849,-0.6801510158521459,0.08095642849562736,-0.6971719660391791,0.03848471756649461,-0.9142455298213455,0.01692701791925151,-0.7850543120400156,0.03281215279898303,-0.7058835733975906
A,0.0,0.0,-0.2897440653635081,-0.03884167278642459,-0.4864635147839666,-0.2552565396876253,-0.543113984322556,-0.5515355291227508,-0.5821642823026529,-0.7695509727422698,-0.44085589594476576,-0.580792611333605,-0.49116895638799557,-0.8710643238479735,-0.4098206498896187,-0.7467540410763069,-0.3598380743263061,-0.6009003413272855,-0.3054068266280997,-0.6632674586072813,-0.3402862079086656,-0.9301121314108928,-0.26523880550557205,-0.7551902231470637,-0.24161090011806716,-0.617801450951951,-0.1728181974140253,-0.7007279373811598,-0.1996199215762738,-0.9416115591402203,-0.14320117942947266,-0.7599928350653053,-0.1274017448554169,-0.633091931756828,-0.028714445084117128,-0.6988049880051636,-0.052838783202127294,-0.8832649297430164,-0.023428097826701178,-0.7449672359518027,-0.019078535885251116,-0.6420896206886608
A,0.0,0.0,-0.25050100550560395,-0.07238212648509695,-0.41601578907552317,-0.2969879450621387,-0.4547552700202084,-0.5952458013432363,-0.4637735775162044,-0.812572056236999,-0.3772008260832429,-0.6433339604849857,-0.40324478922155754,-0.915092148346636,-0.3499085180252821,-0.7103840538812739,-0.33214632637816977,-0.575894423480816,-0.24633902229328367,-0.688063246647522,-0.2589159254534335,-0.9264102359925458,-0.21558016603707691,-0.6736216399844658,-0.220533226112598,-0.5907079706682535,-0.11361720332635558,-0.6941207200364056,-0.11705843456453867,-0.8942622287610343,-0.09067253618784323,-0.657176711648282,-0.09588157885955617,-0.5824236987365512,0.03271482583736479,-0.6724892529930092,0.00987924041566678,-0.8408150005175695,0.017666862353048252,-0.6689628505002934,0.014677898290310291,-0.5943462678733462
A,0.0,0.0,-0.22807531534957953,-0.2139682815261501,-0.3432036725672329,-0.5074610793577898,-0.3666243617372897,-0.7463846139205907,-0.42873330730569775,-0.9034310993134552,-0.3084338305298532,-0.7775861756681176,-0.3460283446772196,-0.9268923084501994,-0.32847681683579527,-0.76083554797411,-0.32814063469459825,-0.6931060525942903,-0.19806456566334338,-0.8001206204385775,-0.24111651078186744,-0.9441760779769574,-0.22943533166736674,-0.7290664098433879,-0.22650661378211331,-0.6726433209924078,-0.07961342275254345,-0.7960905906382327,-0.11909990765215624,-0.9176792851087515,-0.12243649685043803,-0.7097682191156032,-0.12699684841259143,-0.652300219768364,0.044372332018342335,-0.7551387078224885,0.0023565403336797217,-0.886450413200527,-0.021614507944349888,-0.7128863270283036,-0.025939754644844992,-0.6335342803246113
A,0.0,0.0,-0.26024843925705243,-0.12722780008423756,-0.39895786256334065,-0.3528775946127311,-0.4303395865768829,-0.6406931538424975,-0.46177103069772807,-0.8642472607344337,-0.33150211662519463,-0.6637427405926937,-0.37363246443456166,-0.9275768332168264,-0.3476988137356042,-0.7439735768557492,-0.3203966691850434,-0.605723096935134,-0.20847492129506806,-0.7118380126524408,-0.2545842174520371,-0.9604553706403405,-0.2294559134013091,-0.7259701344090066,-0.2033003085706492,-0.6325211927332169,-0.08054195909019037,-0.7340277690440097,-0.12548685201565268,-0.9716355471040428,-0.11722378699718247,-0.7529298949871223,-0.097298528426846,-0.666914258215712,0.057079129771512645,-0.7289034718772807,-0.0006810463799722779,-0.9324413651522874,-0.013912102838620589,-0.7839675975396556,0.0016118841972327484,-0.7002182449406384
A,0.0,0.0,-0.29194166572450003,-0.04496134297587986,-0.48657464033491826,-0.23769293288204288,-0.531479815297449,-0.5169276929998275,-0.5420204428877423,-0.7296449960470274,-0.4485508443453778,-0.5851553509058864,-0.490589855951648,-0.8371449036399692,-0.4462504364043336,-0.7394793595956507,-0.41727465177652945,-0.635272634009352,-0.31317494663206935,-0.67291406226133,-0.36289054870631615,-0.931831771115167,-0.31344852206617335,-0.7709150197102851,-0.2869551155677715,-0.6736772030609971,-0.1702370978975883,-0.7149206487999571,-0.2053578758091754,-0.9581929967367285,-0.17516393631772811,-0.7985270024492949,-0.15964154259707977,-0.7061651717916572,-0.012688832618192898,-0.7130669271732757,-0.05117331262889293,-0.9186216568084158,-0.04746480625855825,-0.7941919658101831,-0.043814771321678436,-0.7022886929397611
A,0.0,0.0,-0.3057234640608969,-0.05714127963119059,-0.5005467371457255,-0.2563468087998899,-0.5577251654499171,-0.5400821204349261,-0.5830977091096304,-0.7543153912584786,-0.4432564950138872,-0.5804165680022927,-0.49623473251277755,-0.8681883955962394,-0.43202288342182876,-0.7953689047240338,-0.3857168786217052,-0.6703785163255842,-0.3068772797757907,-0.6526264160477733,-0.33677699612494316,-0.9194314958190661,-0.27350618544858024,-0.776466482913443,-0.25659710258184254,-0.6396218058369028,-0.17627045338995556,-0.6852019402789317,-0.19515522038565478,-0.9290130948885088,-0.15315220890671155,-0.7750552011480468,-0.14183326570934385,-0.6442175748383685,-0.036075407379093406,-0.6787882770565978,-0.050157696915637824,-0.867540132861939,-0.03550456836426548,-0.7518411425131516,-0.03942798316527677,-0.6439761084638618
A,0.0,0.0,-0.25840323817120375,-0.1186166726323105,-0.4170370347802679,-0.3620958068001039,-0.4469844438421496,-0.6691284038666707,-0.4347284281502657,-0.8800300084915761,-0.3682204217760845,-0.6557176814312674,-0.38685891056101307,-0.9221389175821321,-0.34081087944530714,-0.7421166303018313,-0.32538980077517426,-0.5966946693223396,-0.23312700321994645,-0.7050210904922892,-0.24283319635324313,-0.9395792385749885,-0.20674016883466761,-0.7275628338199189,-0.20716540853649257,-0.6076494386014203,-0.10286083079265587,-0.7211160577628445,-0.10352163260894164,-0.9163587596898486,-0.08561503434425129,-0.7171092399037035,-0.08981993118304181,-0.6057268122899776,0.03783599328730189,-0.7046239631415727,0.021374757626154928,-0.8752677115877034,0.025029040139786064,-0.732753763295578,0.01994652093765465,-0.6438513610892321
A,0.0,0.0,-0.24606357053000505,-0.12506884482154393,-0.3862286857470083,-0.40064090877062775,-0.4006642181799577,-0.655183010333513,-0.40185909201900893,-0.8660722251373737,-0.2753759906823671,-0.7386779239497354,-0.3084898250935596,-0.9388106842677649,-0.34536911938056364,-0.8784603382763018,-0.36630264479875,-0.7998747214329452,-0.14889060410951652,-0.7701879795895786,-0.1850151610512879,-0.9827356664847197,-0.23823587476939653,-0.888222562662216,-0.2602172571638668,-0.8214580156798392,-0.015465107519562725,-0.7635620133766478,-0.04798112413852808,-0.9523660960621578,-0.11783637691879248,-0.8392901708644968,-0.1574747130552442,-0.7647149912185373,0.13208269179365165,-0.721301597214197,0.0806793502578766,-0.913069783611626,0.006289122395750892,-0.8392919990534639,-0.04425009515492934,-0.7748705809305296
A,0.0,0.0,-0.2692112017590756,-0.13254914431010908,-0.4153243581656848,-0.37904886991705755,-0.4229242613006782,-0.6780472329291058,-0.42057519898584045,-0.9072576822480043,-0.3072509849588343,-0.6907868710851507,-0.3108812059484856,-0.9254777009197559,-0.31083161175434854,-0.7913610839901729,-0.30489237391109564,-0.6730916626170292,-0.1538417083616179,-0.7296977355932759,-0.16925217892490943,-0.9843429004707259,-0.17433565784514868,-0.738843349119271,-0.15796483642404388,-0.6273425729704344,-0.004036671318019787,-0.715152276601158,-0.0023216004550990687,-0.9539012438975139,-0.023947852009846844,-0.7307821459576173,-0.011662037740749212,-0.6404967297640431,0.1592700519840733,-0.6562257875087767,0.14243200884148574,-0.8599344580752606,0.108809291830897,-0.7149620421549903,0.11041629176330998,-0.6440547800980472
A,0.0,0.0,-0.25631973926356466,-0.13179855081152994,-0.39968801169078594,-0.39443634092663465,-0.40572188588377556,-0.680635390030435,-0.4009281988152983,-0.9037103353798501,-0.2858933439105113,-0.7042692719429826,-0.3103339000197168,-0.9285911500244614,-0.30303292803379145,-0.78125158055578,-0.28286348969317326,-0.6726191683587087,-0.14585115833863213,-0.7397363847364227,-0.1711891672993103,-0.9852381788173704,-0.1751044183886674,-0.7455730575512061,-0.1433891551059178,-0.6466457088143275,-0.002341299914612872,-0.7278796159908825,-0.014217229056070568,-0.9612097506248456,-0.034669193534242554,-0.7387022974511419,-0.0090843240418943,-0.6486447050265954,0.1527845664747859,-0.6696376098209678,0.12377307186986591,-0.8768243530096791,0.08913774989694553,-0.7311624304913998,0.10337256058971935,-0.6532450658531195
A,0.0,0.0,-0.2546249513580024,-0.08016447412075495,-0.41520132081593436,-0.35585221002335077,-0.4260522612012288,-0.6631607987833543,-0.40588193883022594,-0.8772310198273556,-0.30936523999663124,-0.6955809546093858,-0.29733122285811664,-0.9547743942490796,-0.2780319917283857,-0.753845641086319,-0.2779138496025394,-0.6254079933457146,-0.15875351923086126,-0.72256491715173,-0.15750806042520374,-0.9665285575238857,-0.14222867156471483,-0.7138481352575995,-0.1418841029059567,-0.6185367871066838,-0.015748571124598314,-0.704062355248964,-0.004764814909928926,-0.8973496456120805,-0.001689658148887304,-0.6744202701248395,-0.004291042410356712,-0.6033688431432512,0.1375826007787257,-0.653492709401995,0.12491761438847779,-0.8196384642217978,0.11605740644857457,-0.6580429119915968,0.10870625722951334,-0.5916027904060989
A,0.0,0.0,-0.21175188794557678,-0.15051238527460623,-0.33199425325422344,-0.4194508996934889,-0.3199524259280756,-0.7081594238204115,-0.2843797494848888,-0.9197323106304994,-0.22700423714021245,-0.729866841761248,-0.22802579433418182,-0.9736550914560378,-0.21923402782004822,-0.7630346359318492,-0.20792763829211278,-0.6464792098639437,-0.09348472149262098,-0.7400980141004282,-0.08905252696088703,-0.9575271025971138,-0.0949921773361179,-0.7084238236944694,-0.09160130947011652,-0.6412888493657797,0.038938193660022345,-0.7119503208956628,0.05348892833636707,-0.9043613446052844,0.03242865800182082,-0.6775651576202945,0.030163506893602563,-0.6177099214313575,0.1781987908048963,-0.6505207892206007,0.1733555391953099,-0.8302527227336659,0.14573906649030471,-0.6776426216729178,0.14241402962041289,-0.6134262669102527
A,0.0,0.0,-0.21442552086584843,-0.15995959335091428,-0.3240106420823724,-0.44013054139428287,-0.31937968488113366,-0.7020261468565772,-0.3171575422117233,-0.9201025720464271,-0.21974633453286374,-0.7322154481564868,-0.24263140376143313,-0.9697224038066719,-0.25495649112953267,-0.8474503883576067,-0.2512307678765825,-0.7181019767636303,-0.08348707050081985,-0.7469452199969244,-0.1134841363044525,-0.9935398083656399,-0.1376987774943991,-0.7965332400592768,-0.11918218482673293,-0.6867174840330328,0.061124880456814884,-0.7195632669032981,0.050682110367334936,-0.941090783456353,0.013092356849777416,-0.7581171333164236,0.02585191964971457,-0.6639781273992088,0.21269465047944844,-0.6571474868603336,0.19294634436741961,-0.8690020627598161,0.1497939809726859,-0.7540676270525212,0.1508426064905518,-0.6700231691841227
A,0.0,0.0,-0.2561756107305063,-0.16995133439137353,-0.3890781974496202,-0.40683598750541544,-0.3849106112390037,-0.6519220462633633,-0.35013039073753205,-0.8292437154863506,-0.3291110519051442,-0.6663667122236072,-0.35533370377644724,-0.889011999190736,-0.369753118574982,-0.8375954835719364,-0.37349615621691595,-0.7713342892555595,-0.18036282471565224,-0.7197675542611519,-0.19872771564801164,-0.9800547408350837,-0.2055236402005151,-0.817796426800737,-0.1924333092109307,-0.7123415667275271,-0.028820231007708436,-0.7250531302914714,-0.03832232184527105,-0.969983747762183,-0.06074971695835734,-0.8059050610276121,-0.04813880037607029,-0.7009442081010442,0.13418910837164189,-0.6820614895210534,0.11076990771436314,-0.8958449778558895,0.07360763711396545,-0.7811487648613507,0.0735838881460122,-0.6911494756131902
A,0.0,0.0,-0.2452517257512362,-0.10727099688881671,-0.39751623299904904,-0.36587799854410424,-0.4074835977963705,-0.6695809058829535,-0.3874363515499863,-0.8875635598739112,-0.29611043439108375,-0.7050732235211135,-0.30087477211540453,-0.9536636574309117,-0.2815210214763053,-0.7355824497870171,-0.27011221715690686,-0.6211273791958885,-0.15306505251259814,-0.7356552937913619,-0.15648221942634677,-0.97185766650794,-0.1491981145050868,-0.7023768133075536,-0.14299987284534535,-0.6307708615235884,-0.014334458899572263,-0.7191770343663613,-0.0037929119503578865,-0.921997201465156,-0.01417148336855377,-0.6753513921824968,-0.012405200958948075,-0.6125979816405179,0.13433128857173426,-0.6665764231560903,0.12192372350716851,-0.8389167675526011,0.09972654483641026,-0.672204767605371,0.09946294706003946,-0.6103943396916424
A,0.0,0.0,-0.20893804441642577,-0.14869802244115035,-0.3178032503271594,-0.43173601280617524,-0.3032326628022735,-0.7129744359386729,-0.26285401522065693,-0.9163408727285656,-0.2103839281981755,-0.7234599358760077,-0.20687232315474208,-0.978367948122055,-0.21266675741033642,-0.7576492912654477,-0.2104973598698534,-0.6350297887387654,-0.07740130545585609,-0.7288123499163446,-0.07425670502037228,-0.966993563697052,-0.09610905418269333,-0.7157261295161502,-0.08841346205149134,-0.6377174331161019,0.05503871560669915,-0.6965059871881867,0.06816705239270042,-0.9052022324183666,0.031351814354631136,-0.6776548005467484,0.030510159424209603,-0.6072738794777529,0.1964056612174488,-0.6283918157527453,0.19456666874197778,-0.821454673862846,0.15034096515904755,-0.6667292987513036,0.14252198412757433,-0.5926539767599015
A,0.0,0.0,-0.19378773789878917,-0.17983423909610494,-0.26974733895996894,-0.4621140257362018,-0.24734093903935703,-0.7144719016905032,-0.2314050556775246,-0.9188435298987502,-0.15848254246524446,-0.7226321079582173,-0.1781338508430996,-0.9801592977788526,-0.1864586786386541,-0.802528216665784,-0.17000301919060876,-0.65414287351672,-0.037481823500937386,-0.7315790591835518,-0.057661596666981986,-0.9983361859963878,-0.08824449803659497,-0.7772852183753327,-0.06820723813535437,-0.6530613929461441,0.09053936666042298,-0.7042367962860115,0.07477682444905512,-0.9653290130927267,0.025772792666487646,-0.7608247971475565,0.03421746889215285,-0.642100889148877,0.2255522099752703,-0.6397259360477563,0.19772375081481444,-0.8617621591840456,0.14196120756168953,-0.746198588735613,0.13915676666535773,-0.6512825899308166
A,0.0,0.0,-0.20593192756660225,-0.18988782100542353,-0.282694450761641,-0.43305728032164814,-0.2765179134918925,-0.667865726359512,-0.2762510555019655,-0.865252424717097,-0.17016073851282512,-0.6828129962315267,-0.1819103111905742,-0.9392629203445695,-0.22397589140122356,-0.8880913063415431,-0.24002885966169044,-0.7911811056081468,-0.06243261837343113,-0.7033137319256141,-0.08556333186761624,-0.9963327336987942,-0.12484006146479368,-0.8296541730676097,-0.10748247652049017,-0.6987002775689396,0.05963500676179932,-0.693208440837371,0.035746752246649215,-0.9730645295974718,-0.012743660649030441,-0.8037394761811525,0.0024311266387987787,-0.6790256939312148,0.19484359206414517,-0.6492902619698587,0.16621600678197773,-0.8981936435300235,0.11178610707250727,-0.7996737016941193,0.11424865246332765,-0.6948952518700514
A,0.0,0.0,-0.2590224927294544,-0.11810872024698271,-0.40429914886276125,-0.3724763299070511,-0.4155754879508566,-0.6617573903254874,-0.38747094601769866,-0.872226389352403,-0.29479424923989705,-0.6799537647075453,-0.3123930995238539,-0.949952920607058,-0.30304692484466167,-0.7853706724706987,-0.28775402189683646,-0.6460634085568887,-0.15598946704959718,-0.7171637316741049,-0.18104643868673884,-0.9786612009474249,-0.1735293910613077,-0.7652092604392148,-0.15435949032536347,-0.6544764133366363,-0.015369302395092458,-0.7147914740043163,-0.03161094756989143,-0.9503281186581354,-0.0386175445342506,-0.7484661570741705,-0.026847862412509638,-0.6484801168141783,0.13753786733700332,-0.6739758917838542,0.10648269832991183,-0.8863055280671837,0.08741134922546646,-0.7427467994093665,0.09236174097031122,-0.6547804027162893
A,0.0,0.0,-0.23683729785785196,-0.1501799197342695,-0.3492569975416377,-0.43573079862914216,-0.3395583893824971,-0.7271010764509663,-0.33910650215270627,-0.9407479897388868,-0.2505588381030741,-0.7108548873383765,-0.260077586196496,-0.9571553852326145,-0.2584884437023329,-0.7260231550467737,-0.24971253901849252,-0.5954795767238995,-0.12006041408678678,-0.7290487689192315,-0.13081656914592837,-0.9660616592101675,-0.14364025455102997,-0.7050955105994491,-0.13507325736793827,-0.6152266012526602,0.01471562331797757,-0.7141756561904754,0.004286217486530877,-0.9488456161649422,-0.020632489467683597,-0.7006728665341756,-0.01617728749537412,-0.6058956289951666,0.16025277174236255,-0.665136151919173,0.1377158167950365,-0.8775728471912241,0.10199036268512349,-0.7068196341838818,0.10013807245607988,-0.6109983409706203
A,0.0,0.0,-0.2360915400899606,-0.1614537304513075,-0.36127994345414116,-0.39581549699612767,-0.38692117980130103,-0.6354142357846959,-0.4094621379895064,-0.8294362611016471,-0.2819970429380717,-0.6756373011422473,-0.31555056336995135,-0.9198791481249518,-0.34312662976014274,-0.8029918363972117,-0.333723569477546,-0.6858399876731756,-0.16986971690359362,-0.7083569520332108,-0.21885940121080835,-0.9757564053090537,-0.24127783629325972,-0.7746230663477687,-0.20725095862944068,-0.664549329724324,-0.04067269759973148,-0.7092427745970276,-0.08088695849932685,-0.9700417072091896,-0.11227115458429354,-0.7860827068687197,-0.08377636652975516,-0.6822691414807944,0.1018402914521393,-0.6765443619405227,0.06448774822665262,-0.9187279820496063,0.020738060595308274,-0.8109981131113319,0.03222290471727845,-0.719980718403998
A,0.0,0.0,-0.2263942807793199,-0.04282889711178424,-0.38216658023502986,-0.2963375919492037,-0.3982004418589725,-0.5924401736937597,-0.38053275295360517,-0.7987774951537935,-0.32087590396998106,-0.6581690132057066,-0.34216495417839954,-0.9396399013090567,-0.30462393560034345,-0.7467806682651328,-0.28368613480108956,-0.6058174370727679,-0.1685069335362042,-0.6961934558168974,-0.18460580273576707,-0.9452610088243434,-0.15637084572470827,-0.6853849224820999,-0.1437466426117339,-0.5914806231560249,-0.01706757888025446,-0.6927691277842829,-0.02114094016499504,-0.8957588197258932,-0.015100671546425028,-0.6489784461974574,-0.01354957440991912,-0.5747716656780466,0.14466560995506655,-0.6600397123062012,0.1265878446247958,-0.8240579211478025,0.11968259548113445,-0.6425037512373427,0.11950015726776722,-0.5666072205392669
A,0.0,0.0,-0.2099402405839058,-0.14401401359206487,-0.3222306283257929,-0.43409346326639886,-0.310319264359095,-0.7094868053007339,-0.29660894568904106,-0.9199367854223957,-0.23541274066108528,-0.7115924996011221,-0.279527607536429,-0.9601376550396095,-0.2975149473432591,-0.7510320058333639,-0.2825477428873556,-0.6168559912873596,-0.10808347851300402,-0.7226460313910619,-0.1396105313473483,-0.937800910042947,-0.16195766329332828,-0.6838390903722551,-0.13820887745538626,-0.615393249149724,0.02335193945558066,-0.6984706665283372,0.004481838793630397,-0.9098317119420092,-0.029786394884032674,-0.6688112520997108,-0.012296589949510347,-0.5959815989177332,0.15947940210460843,-0.6466200542303596,0.13871303400788393,-0.8462330704553512,0.09454720616245127,-0.6877451026630972,0.1000335927919494,-0.6047352004550478
A,0.0,0.0,-0.2417137494780434,-0.16175181481756973,-0.3696226334816851,-0.4157647790978735,-0.3579253589952991,-0.6909650507068293,-0.3397783970179089,-0.8902771020279318,-0.24247488482464757,-0.7421412941358154,-0.23394396389675437,-0.9722500819008832,-0.22821548584209145,-0.7857341576664597,-0.22750037972961198,-0.6794356176266441,-0.10759524205529668,-0.7505156902371685,-0.09924157182455785,-0.9465975574043897,-0.10887897450757131,-0.7109402124860029,-0.11072675580674475,-0.6590136416797513,0.022686054794476194,-0.727191710946549,0.038634294350636915,-0.9067119545094942,0.016314947598193213,-0.6816256936724027,0.011981079045961763,-0.6296651731271695,0.16067356093531054,-0.6737624509444791,0.16242419766301627,-0.8412367676454304,0.12921499531007644,-0.6750362654954782,0.12373217604085275,-0.6122961306370035
A,0.0,0.0,-0.2510313337063026,-0.08126721029332876,-0.4072903150981827,-0.3509659042234567,-0.40948844604911194,-0.6667140519973187,-0.3898099403931741,-0.8717367101370107,-0.30447710989721094,-0.7092061855640911,-0.28204412252857025,-0.959401434722238,-0.2552301975787735,-0.7063620955354163,-0.2639073993758483,-0.6122019368463442,-0.1640793199008637,-0.7209924063240186,-0.13084995899597404,-0.9389078829923293,-0.12259612402508559,-0.6477689059939803,-0.15149233845067095,-0.6106693749089748,-0.03231171980248709,-0.7136223171360129,0.003219146284511025,-0.8861598828618807,0.0022612463734833776,-0.6256538333463532,-0.023968276515626705,-0.5998550797095313,0.10477835453037393,-0.6889578229654215,0.12440101732273504,-0.83838358586238,0.11571550402968608,-0.6435148485935556,0.09691905588401124,-0.5877983457290683
A,0.0,0.0,-0.23437318423668235,-0.14295157917605725,-0.38329858079223444,-0.3851700443328753,-0.389773001573844,-0.6797393534588174,-0.35678006962999004,-0.8931125118197953,-0.322691646833078,-0.6842063720579561,-0.31337997458208416,-0.9496278173742239,-0.26552633008487225,-0.7787263804374992,-0.2556826264154875,-0.640876615903621,-0.1875327191213288,-0.7173843800976591,-0.15847203064251603,-0.9267702959651125,-0.12258971663085129,-0.7058652638463092,-0.1408875566785491,-0.6185228157553818,-0.05601395386621208,-0.7175195704533872,-0.01913766648263557,-0.8921867571974991,-0.007611316798968075,-0.6860566341590456,-0.03520586337562339,-0.6066385358863458,0.07622715690585732,-0.6810510989953001,0.10330738150186469,-0.834094812826545,0.0962647621402765,-0.6793108349511776,0.06653435760033875,-0.6014115080364629
A,0.0,0.0,-0.2603770489101233,-0.10671290555981901,-0.4254673284513308,-0.3366769220212359,-0.45456386310751096,-0.6362911543764136,-0.4573706173178596,-0.8425123855013809,-0.356336756307643,-0.6793939650417504,-0.37236498510610305,-0.9280863741414005,-0.3272475034435634,-0.7091925648949368,-0.3149412747936092,-0.5936905362697363,-0.21966078283167662,-0.7128096067986828,-0.21694392108932803,-0.9103781856860844,-0.18486335824959232,-0.6536378897376345,-0.1955304303880815,-0.5976378953289406,-0.0871718398135349,-0.7187418819459893,-0.0773004917842419,-0.8820163587432233,-0.06299352798058777,-0.6471835854256013,-0.07604852573550346,-0.5922689546843106,0.050522831267672555,-0.7013690325717181,0.044696644298382875,-0.8599873055131997,0.0432751882610968,-0.6860554237842308,0.035657429338788904,-0.6139707039142277
A,0.0,0.0,-0.2447197286289548,-0.15029576799310224,-0.3886429323523174,-0.3922261550814176,-0.39042960479350314,-0.6568678768066566,-0.34469706882090434,-0.8482401968259202,-0.3149679976785872,-0.6946886634884245,-0.3085246647261195,-0.9512163430343464,-0.2800997399779366,-0.8208784260742835,-0.26982705000596297,-0.6855457014936897,-0.1663072162885482,-0.7409888373655049,-0.16190386165502302,-0.9712418505518293,-0.13977992061603844,-0.77387827820915,-0.13612241106701917,-0.6606585343170609,-0.0180916145661479,-0.7431619636458323,-0.007568866227670857,-0.9471757624704077,-0.0057824644124228825,-0.7497702431073734,-0.011578460121734479,-0.6431869237743538,0.1348575054338622,-0.6963129603669458,0.13644959782578825,-0.8744781933709492,0.11683787736716227,-0.7220972525272962,0.10076296728930824,-0.6277105029578877
A,0.0,0.0,-0.23569317798611333,-0.1261213221942404,-0.3604798576560438,-0.41232709997114286,-0.3458144292453737,-0.7045030760593981,-0.3263853032214749,-0.9057650750695152,-0.2404046603276482,-0.7202406832736175,-0.19982708802929366,-0.9798311767287939,-0.18766042522924806,-0.7914938448251959,-0.20701766066168434,-0.6557905157797554,-0.09842326466601271,-0.716772403669006,-0.049482924722893964,-0.9187307324255525,-0.05450895993303865,-0.6762576410452976,-0.087015615163198,-0.5924140405755787,0.033884179861657475,-0.6867096501770392,0.07540667200428816,-0.8518379244319445,0.06077479253630058,-0.6240585132035662,0.03204933016938182,-0.5514527995417345,0.16826459590034243,-0.6320889445176219,0.19641140206791002,-0.7849456209337152,0.17101737493413458,-0.6098099240995342,0.14309910517311109,-0.533084753423054
A,0.0,0.0,-0.1949610289314491,-0.19972151757687231,-0.30740566674556064,-0.4771970557306565,-0.2810066788888956,-0.7533750272802922,-0.2236740419304291,-0.9484332090412397,-0.18724149563164136,-0.7761396054135897,-0.1567006921115891,-0.9876461375876224,-0.15959716375714408,-0.765011960264452,-0.16158562106404545,-0.6622054477050857,-0.057805227840941865,-0.7817074270150387,-0.021305639032693936,-0.9387470954639334,-0.03847157953387836,-0.7007878238072298,-0.04896079180345496,-0.6535054471090324,0.06657462331520843,-0.7515088931485463,0.10499821452652582,-0.8739513333997351,0.07499727963528446,-0.6696603395201822,0.055479205617986645,-0.6309332927397293,0.19198410627454188,-0.6851436306523538,0.21403168241192846,-0.7945755898045127,0.17865229160385374,-0.6402771366634757,0.15559413785018322,-0.5919100827332751
A,0.0,0.0,-0.27036788815581164,-0.10780032740608542,-0.42631168708805056,-0.34120776620411125,-0.44576005650474465,-0.6298386527922977,-0.44546744999766646,-0.8330208357395485,-0.32920382022421874,-0.7028924818672712,-0.3423309976345081,-0.9395794208360262,-0.32565767057526507,-0.7068211699515538,-0.317251526109823,-0.5910633089524373,-0.19054923785402456,-0.7296307124125926,-0.19748028894238615,-0.926488163758595,-0.19641395322169894,-0.6528478546217416,-0.1925778189877735,-0.5965460102692041,-0.05258658072771864,-0.7263476726470196,-0.052936869521138394,-0.9015055722557427,-0.06405722775116222,-0.6449895607804391,-0.05727274210855037,-0.5812916674539638,0.09543796467424319,-0.6960608016267434,0.0828257327656577,-0.8685503711077474,0.05553965159619667,-0.683271327783763,0.05845260705644623,-0.6031855036193301
A,0.0,0.0,-0.2759754418363476,-0.12349181350059164,-0.44013221681993,-0.3606010943914387,-0.4477016512327958,-0.6436246692412183,-0.4202051083322196,-0.8419078361814882,-0.3428337617678729,-0.694791471817069,-0.3380692741166762,-0.9411212280563135,-0.2966573671318211,-0.7661657118450941,-0.29058789981846544,-0.6253706965827902,-0.19983422848157892,-0.7293951134787747,-0.1780881578658306,-0.9331213574945642,-0.15303696733112854,-0.7206173645639099,-0.16912784989134944,-0.614610897605389,-0.06858199783026266,-0.7320913809818069,-0.03819295715152962,-0.9068984471256378,-0.029432607965493563,-0.7021152386300427,-0.05176198377626405,-0.6049080631077938,0.06099433513005242,-0.6982870221015378,0.08499767532862089,-0.8539436152730003,0.08153651022255186,-0.6946232744383908,0.0571423665907654,-0.6049532195468971
A,0.0,0.0,-0.24536513911958951,-0.1045189211339017,-0.40682739312807653,-0.35518834066698696,-0.41322025998657885,-0.651166221616316,-0.4018468947226902,-0.8618693217524402,-0.31439572436304025,-0.693472779922697,-0.29855599518890025,-0.954392119485888,-0.25411456454517856,-0.7766184329180597,-0.25418349877916313,-0.6411088735466784,-0.1765356120585938,-0.7138971578858572,-0.13629473074104645,-0.9185286925836231,-0.10976967307025033,-0.6829762372259304,-0.1390620224522913,-0.5860353817689251,-0.049758244554305595,-0.7049730468446026,-0.0028649485427230175,-0.8707157512232008,0.00394256817777751,-0.6495990122512574,-0.030068381743412902,-0.5688885132943047,0.07972949169528566,-0.6673393940359041,0.11690123291338295,-0.8099991829387887,0.110907087930996,-0.6382816560524811,0.0744463615581261,-0.5594617567969126
A,0.0,0.0,-0.23421012090331225,-0.14283235815963866,-0.38956321140677036,-0.40427731652048615,-0.38218030094584643,-0.6910694853420495,-0.35891249693710636,-0.8971560230480758,-0.2854442058596032,-0.7526330846976024,-0.27865411179189653,-0.960391527441527,-0.2498553499884424,-0.7324969601813024,-0.2404255948806629,-0.6271305501879875,-0.14772572707909523,-0.7800264215300607,-0.13032024511717455,-0.9274303613585566,-0.11913334965809395,-0.675628006963958,-0.12905895401884315,-0.6241090062128656,-0.015475476733437491,-0.7693246011972557,0.010291924668351136,-0.8702501555922694,0.006029680148135556,-0.6490784039641723,-0.013804768820727441,-0.6139423008392045,0.12130780785001609,-0.7196527646116201,0.12909079754885036,-0.7999638232651125,0.1129808444656448,-0.6261422036325751,0.09246068218895699,-0.5839289358197604
A,0.0,0.0,-0.2641240303128858,-0.11216705892749139,-0.4196804298558939,-0.35529535928631656,-0.4375053199406818,-0.6421138019695685,-0.4411129019777409,-0.8475907995637408,-0.32786417998009015,-0.713571725936071,-0.3497395096793074,-0.9368469861024679,-0.3274422167187983,-0.6999953892553588,-0.31231855400898306,-0.590630079747876,-0.19258316610390108,-0.7403741646944485,-0.20264836585286766,-0.9355437668392571,-0.19149742609401912,-0.6478348950397103,-0.1795456224884072,-0.5986713337332912,-0.05640828319352616,-0.732672315940942,-0.054248014757999494,-0.8940965783841065,-0.05874946582924436,-0.6303899247753246,-0.04949990883353573,-0.5796031044374685,0.0903666429956774,-0.6956929438043246,0.07802447241162397,-0.8548531032534018,0.053898162368051616,-0.6662673765475359,0.05579292010414223,-0.597618081836824
A,0.0,0.0,-0.25902775834403197,-0.07004280831576615,-0.43937060452987997,-0.3107737644433847,-0.4656932645879195,-0.6179354797173364,-0.45902810563644986,-0.8284561217884087,-0.36544907138560123,-0.6573700261914429,-0.35681283147571685,-0.9341758952650628,-0.3029699364108674,-0.7449630514951547,-0.3011331928159471,-0.6022421302745965,-0.2220063533786486,-0.6970631187817986,-0.1845608794741391,-0.91020667122086,-0.14717857611555848,-0.6694777141611505,-0.1757689788097295,-0.5656590542660912,-0.09059029445548636,-0.70269809140409,-0.04793898117318138,-0.8741213631217312,-0.030180861122684942,-0.6485442746437718,-0.063726286807651,-0.5594566128999912,0.043431482851646414,-0.6806919520466653,0.07238731515960871,-0.8307399902390072,0.08003414972566136,-0.659323915165839,0.051827034985269985,-0.5753304115393296
A,0.0,0.0,-0.2251330295965212,-0.17018813490880905,-0.3660059348625638,-0.41441517318163057,-0.3617462217122877,-0.7046480312992758,-0.3117504263586166,-0.9093254890115096,-0.27563515666652266,-0.7306279983473625,-0.25801960600784574,-0.9661396808513539,-0.23229841372918275,-0.7517582967609895,-0.23264897068283547,-0.6436340396794161,-0.13908570217869304,-0.752094831436496,-0.10898777446486194,-0.9481494804156642,-0.09494076611911377,-0.6959478450858948,-0.1111033538113421,-0.6335869499124733,-0.00633246081078267,-0.7391869419772354,0.031239596105436113,-0.8931108914148848,0.029204581120668125,-0.6670035684377208,0.009200909018453007,-0.6095994211136929,0.13049259518024592,-0.6912202977465621,0.15122313119145295,-0.8395150673600842,0.13549982323096543,-0.6738686208675438,0.11704701509170995,-0.6119696960214087
A,0.0,0.0,-0.25073661150756704,-0.12337256046963482,-0.3956397222840635,-0.3749714699587058,-0.41031147628601433,-0.6560252908695359,-0.419612773494979,-0.8604080567783875,-0.2977204320147827,-0.6980718337051389,-0.31012681400941,-0.9506951978591103,-0.2967695695849137,-0.7623077042342971,-0.28438856422305575,-0.6284469814410731,-0.16379931283556767,-0.7191577854058809,-0.1665300922878818,-0.9217978110592945,-0.15771501136277863,-0.6744790513362728,-0.14632750117384236,-0.5926367461085478,-0.03198927573643823,-0.7061629192973314,-0.029716036972956227,-0.8770811389236962,-0.03290080438551473,-0.6482190579801799,-0.025649939104316795,-0.5706892577252851,0.10495749936787124,-0.6637679552938046,0.09454648200790111,-0.8425884583645576,0.07413224977656496,-0.6780693373404861,0.07214399059908322,-0.5934967601931025
A,0.0,0.0,-0.27773435364349885,-0.0895027702415014,-0.43702532435892383,-0.31237704264167476,-0.4574928355248453,-0.6068742378619711,-0.46715095574098686,-0.831977611142853,-0.35490449615377306,-0.6618438338261424,-0.36391630966941396,-0.9219696529844648,-0.33480932026937854,-0.7370325205105674,-0.31566455197587096,-0.5865326353939876,-0.21142987330167254,-0.7115536954732257,-0.22392799158543877,-0.9746056918490225,-0.20098100215443412,-0.7247658379214275,-0.18511960777747788,-0.6058325926192939,-0.0675783366699382,-0.713909812753027,-0.06742591699102672,-0.9503640951549378,-0.06456066333707072,-0.7117511616657689,-0.05868482563763847,-0.5994303014843191,0.0844124403543663,-0.6738860223145601,0.06964663626632994,-0.8734386069064047,0.053643751528523714,-0.7046876467880744,0.04966400281927122,-0.6058917807843363
A,0.0,0.0,-0.2720714983748116,-0.09962655261147288,-0.4357668043998152,-0.3278351535681676,-0.4524799834312443,-0.6217628039604439,-0.4488014154278541,-0.8439487516530984,-0.35097646115974646,-0.6635039615020567,-0.35557142497361316,-0.9283171274574716,-0.31215874057867266,-0.7823210587734843,-0.28809185829349926,-0.6439361871334734,-0.21080939369353024,-0.7229764451630658,-0.21135908192968417,-0.9774084808747268,-0.17178526017990117,-0.766733225737331,-0.15848961067099523,-0.6475540476456728,-0.0716800623951061,-0.7369122658006503,-0.06241879320427698,-0.9579926058279858,-0.04446131582236859,-0.7511824813589796,-0.044443704306792654,-0.6439972304374612,0.07509729341736524,-0.7063910988696942,0.07127708703870762,-0.8781371622336791,0.06675003203490067,-0.7219285599862978,0.0574723453295516,-0.6321737096055317
A,0.0,0.0,-0.2785418355013668,-0.080788712272849,-0.44973222556418774,-0.3081541387553045,-0.4632784605563923,-0.5983004318570722,-0.4679727646408688,-0.8178242333147958,-0.3699904639564042,-0.6732721103096877,-0.37972443457993765,-0.9212142891701462,-0.3247007572214235,-0.7411798139172198,-0.2961738788247391,-0.5889722130819358,-0.23301705899607741,-0.7386218082138735,-0.23419934829013317,-0.9721885955206824,-0.18557219398183525,-0.7686222481713536,-0.17435960734480682,-0.6588119246540396,-0.09414046399552349,-0.7600432199895856,-0.08296770946334842,-0.9546880434070816,-0.05284709423497555,-0.754681464110242,-0.05755392129181116,-0.6602959723181964,0.05587720090834488,-0.7355641660892324,0.055543154392643054,-0.886058401758981,0.060460457912624124,-0.726740072391146,0.043766430482710804,-0.6414566314758462
A,0.0,0.0,-0.28243371135146905,-0.06078885233192828,-0.45393916008739776,-0.28607936038584125,-0.457288658438838,-0.5720637326204988,-0.4566933235192436,-0.7758674468838906,-0.3801590380661144,-0.6268176710805566,-0.4018789794205288,-0.8917650686637816,-0.36723094213319524,-0.709560806792574,-0.34278732456192573,-0.5519641260717651,-0.2370778361065087,-0.6916351206859006,-0.2639175060917483,-0.9645452555366761,-0.23037808101519572,-0.7359787369704424,-0.2126845755271641,-0.5975053135302323,-0.09547624997891402,-0.7241883753641162,-0.1188529667031958,-0.9679856846611856,-0.09551098416912729,-0.732775380069965,-0.08640304244892257,-0.5986954145780966,0.057139259677706555,-0.7142288771923617,0.025365059516883767,-0.9226684113874448,0.030366782907595712,-0.7526434127108029,0.033688372564716074,-0.6396306436494065
A,0.0,0.0,-0.27351278218422914,-0.07439855959851799,-0.4316826805966021,-0.28111872994915277,-0.42799404419993575,-0.5479577061952065,-0.41015101340786825,-0.7370035501388521,-0.34802207954893144,-0.5967887191526319,-0.38396954757576146,-0.869735918587018,-0.36276230047817476,-0.7424779814572857,-0.3349253347300222,-0.6077737645381686,-0.20927916277858483,-0.6708573291937959,-0.2557292024315139,-0.9667484548856242,-0.23572812117726546,-0.7726654527800293,-0.2082605534601445,-0.6324421234866857,-0.06981437233939894,-0.7104662316123951,-0.1094790518567163,-0.9894550037565389,-0.1037418410066638,-0.7795324931513554,-0.08287660438265425,-0.6386602865652061,0.08513997447634694,-0.7063206163776613,0.038262421731446374,-0.9393129135398897,0.02519803727852662,-0.7907086947814012,0.03465468624975382,-0.6699565457492279
A,0.0,0.0,-0.28356833310405977,-0.09110544903130069,-0.4203894366622097,-0.30723329057680804,-0.4260432870947792,-0.5988579218895569,-0.4171203802704804,-0.8047451646212938,-0.3444485104270781,-0.612356476369019,-0.38240382642492143,-0.8547289766920613,-0.36525191558006265,-0.6663754023545,-0.3311978960349876,-0.5341255419698919,-0.19995265135679377,-0.6795212760251055,-0.2461760745778848,-0.969225123645391,-0.23382175429135652,-0.6942437750722111,-0.1926081245398849,-0.5620076652643724,-0.057533630701787,-0.7002694282094571,-0.08540891451667641,-0.9652840436228552,-0.09407063199994566,-0.691127837082215,-0.06176451129149474,-0.5575835962328145,0.10776069190795541,-0.6782423649591784,0.06337039245242332,-0.8824825464172661,0.03824157149444199,-0.7132947336717754,0.051374804660881936,-0.621713421581393
A,0.0,0.0,-0.27803292170475885,-0.08802476170590538,-0.44892837369092664,-0.31555721576396606,-0.45774122400231537,-0.5876321232411567,-0.44708305126730563,-0.7869930137523923,-0.3881994989099308,-0.6681713581518617,-0.3960081465547027,-0.9182469971975454,-0.3722864874977023,-0.7591981766837,-0.3570388373615145,-0.5867797441777572,-0.2476320863049075,-0.7206605450489137,-0.2565572464272584,-0.9487621251792965,-0.23193802945478179,-0.7572473425209028,-0.22500272159474907,-0.6030190984423307,-0.10767125998027627,-0.7381144527326029,-0.10790381068595074,-0.9399471858770986,-0.09719415671981271,-0.7358967942522108,-0.10223011164817643,-0.5833152768438905,0.03681042570844457,-0.7075089316400742,0.02637156160177645,-0.8871745335492258,0.02226510136363296,-0.7301774206696252,0.010549049520197196,-0.6033537264446647
A,0.0,0.0,-0.288776438782973,-0.08793239828169035,-0.4533939139784788,-0.3093224443959763,-0.4735131923529116,-0.603167176358194,-0.48735775847203017,-0.8169119766737806,-0.3864267686019728,-0.6546854182033718,-0.4052643840831914,-0.9141995290928954,-0.3432251162586601,-0.7732585651920993,-0.2991163908126034,-0.605941940233154,-0.24565210390530895,-0.7141822818737024,-0.2606873886189669,-0.9500883488985854,-0.1988857016658924,-0.7678841866818911,-0.1670535678344396,-0.5996173122959937,-0.1110671318752959,-0.7392137002891421,-0.1141789376910289,-0.9479820774600982,-0.07840450181799631,-0.7626404850568717,-0.06426666255331386,-0.6022983916938985,0.028943541465399,-0.7222205951522199,0.015392989080595703,-0.9001483016826919,0.0304531575763015,-0.7576385856591922,0.03379410155172505,-0.6303565593069703
A,0.0,0.0,-0.27657531197865176,-0.07629086137369956,-0.4548871997538464,-0.31013517446910555,-0.4796472286892658,-0.6152678115879973,-0.4792049864705791,-0.8300629708284081,-0.3982487318886784,-0.6501512689137926,-0.40026591576363685,-0.9163990379075576,-0.3489961169406026,-0.7206453122199055,-0.33190540711383154,-0.555915948818815,-0.25387878873161057,-0.7057950559521152,-0.24575207813196207,-0.9345220832428376,-0.20050236706053698,-0.6993147362209473,-0.20146755050619516,-0.564977398653415,-0.11767080736553581,-0.7288617167082747,-0.1014208821521573,-0.9202777250345426,-0.07638845764725691,-0.6936438828959856,-0.08600271025521532,-0.5686298299417388,0.020597475035158543,-0.7126816383802257,0.03321244888980558,-0.8598840948781756,0.037159708323920564,-0.6890643598419068,0.023886032455801388,-0.5881859381714325
A,0.0,0.0,-0.2742966521499831,-0.11278686145912312,-0.44175274352006305,-0.3367314481460294,-0.4585525974991787,-0.633415703138779,-0.444250356007176,-0.8495583670879683,-0.3537749454267935,-0.6777527663859464,-0.35347807455292374,-0.9354428100158544,-0.3229061056422871,-0.739270586709808,-0.3173999532857158,-0.5777446056672361,-0.21404361350521678,-0.7217115055296133,-0.19603850962697342,-0.9442219207736054,-0.17487127245418072,-0.7148049235693152,-0.1878023487613698,-0.5904478708308668,-0.08094602746210099,-0.7305835675322596,-0.05206673833133774,-0.9209448157094575,-0.04844726342028635,-0.7037017451342845,-0.0687989653546298,-0.5856838240202455,0.055526315609551936,-0.7001875433287235,0.07623048006789136,-0.8488077007144537,0.06662745234093749,-0.6839834011622681,0.04502780382773024,-0.5870866535212392
A,0.0,0.0,-0.2565898338532201,-0.10023164275606058,-0.43446182948655143,-0.32759803087369305,-0.46129596914880366,-0.6212801555620834,-0.430091173002215,-0.8347034148140812,-0.3448324595247969,-0.6637109059551555,-0.3464465389445119,-0.9380697179066004,-0.31372691456890867,-0.7318159709928952,-0.3100135892944905,-0.5826767099009064,-0.20896229250126278,-0.7049352900076294,-0.17699204233924418,-0.9281243604652682,-0.1638030007325625,-0.6845782955261963,-0.190075179044117,-0.5824479192720641,-0.08465461195636706,-0.7154645452534698,-0.03910108780449353,-0.8943832874702882,-0.042707676463214266,-0.670593199763935,-0.0742021862809816,-0.5795513370362032,0.042047572873667484,-0.6902738375802494,0.08154511096503707,-0.8262560780502658,0.06891109975998187,-0.657564505664017,0.03649338752592274,-0.574604510755573
A,0.0,0.0,-0.23765422699989,-0.09778320518133025,-0.4181916726920926,-0.32335286296605686,-0.44410186723651895,-0.6110589808433241,-0.4126379855258719,-0.8244680136737229,-0.3314020953609606,-0.6711257539062622,-0.3290532675865523,-0.9443113613054822,-0.2886183147701359,-0.7306307393639536,-0.28843060273304916,-0.6023038729756256,-0.19844102063175353,-0.7092728988453836,-0.16310530845499022,-0.9407850517926888,-0.14410351021800097,-0.6876407722036565,-0.17676028034823793,-0.6142389265865361,-0.07655387728585183,-0.7148158316761462,-0.026973356685512314,-0.897026537342617,-0.02561999605030953,-0.6650621629036664,-0.06447881503808399,-0.6053276280098177,0.04958132970394765,-0.6893616007275528,0.08786136991070474,-0.8244135340307753,0.07977707635944857,-0.6484142493386362,0.045025806688959565,-0.5834953156503786
A,0.0,0.0,-0.24336190099063595,-0.07475232790907008,-0.4259745782412885,-0.3060783684911216,-0.46192260273724656,-0.6180813478449871,-0.4483314644390694,-0.8493763709189471,-0.37261672662302364,-0.6589597886889595,-0.3543704273470245,-0.9351051278984023,-0.29682968132574966,-0.7035534266069455,-0.3052709794202848,-0.5818608695602128,-0.23432906899985326,-0.6886390080388362,-0.1927154465097946,-0.929117014524469,-0.15385084239278007,-0.6477493275172005,-0.20607952330787857,-0.5895909328589947,-0.11032093824153512,-0.6905165011388285,-0.05306942214517342,-0.8847673142991507,-0.03644563871179106,-0.6226799435607412,-0.09564572135948159,-0.5702652910057309,0.01755630980568063,-0.6703052594013146,0.06076016324821356,-0.8226391455354665,0.06859685340007979,-0.6296167924563626,0.025561094840107056,-0.5583325554735108
A,0.0,0.0,-0.2541899893185742,-0.12258296864984854,-0.41705721401156004,-0.35107299533072345,-0.4358447314092845,-0.6495479616949068,-0.4108030873390018,-0.8637643689200527,-0.32000499866721505,-0.6814235635472434,-0.2993353867930094,-0.9541479582399574,-0.2560977560129784,-0.7600664252977222,-0.25742950231773487,-0.6239119121830784,-0.17551079202007164,-0.7228215860343612,-0.14359621385771124,-0.9639734648121187,-0.11646816724330997,-0.7246393328291993,-0.14469316633604679,-0.6308608601079124,-0.043366526707519504,-0.7267890133792141,-0.005148081950374971,-0.9319087309168023,0.0032638481224002143,-0.7136246811002759,-0.030605829886159945,-0.6297803204668168,0.08766714776092545,-0.6923999743682191,0.11670483300228778,-0.8563674274215151,0.1082501158996409,-0.6903276447456443,0.07471524639982675,-0.6082452406313548
A,0.0,0.0,-0.21464298171559362,-0.17665871531938218,-0.33547635066955944,-0.43891579401583286,-0.3330966686158626,-0.6866901886437252,-0.3328917174206415,-0.8590692079989937,-0.2737060472016898,-0.7633725541624884,-0.2506019826179566,-0.9680902056667805,-0.2323377986825967,-0.7775134023807264,-0.24937384395067463,-0.6644572646711847,-0.14171721606191667,-0.8075671816164443,-0.11103387851511289,-0.9868239278234626,-0.09625935466267059,-0.7523899215161461,-0.1229383013824363,-0.6724938872720607,-0.010159200699853361,-0.8120818590928085,0.023892237866375843,-0.9609060650143947,0.02761429796530313,-0.7439082358924843,0.0002956630124938025,-0.6706461895069801,0.12681355204309777,-0.7760969125193669,0.15215534906444986,-0.9011921683811014,0.1364151495549323,-0.731942608690236,0.10675029396805413,-0.6609432927755687
A,0.0,0.0,-0.1995217642146868,-0.08171210239250584,-0.3423298047373916,-0.3054202950693561,-0.36418274508261733,-0.5647171829019829,-0.3807823357922568,-0.766209321819617,-0.3216030635943742,-0.6196321893344064,-0.37426546099975116,-0.8447968374971873,-0.3947795785978594,-0.8788001761175194,-0.41585479488208754,-0.9094310251874943,-0.1978140359312559,-0.6477789551070474,-0.2265751879153877,-0.8188580287540489,-0.1921567120914737,-0.5774554289372096,-0.18347695351226948,-0.5193604420381803,-0.07477377171752052,-0.646064486899459,-0.08708066260666104,-0.7582642149735908,-0.06832029433662228,-0.523168920432482,-0.06726317935702932,-0.4746551569687353,0.05362220472994463,-0.621293370016624,0.03511605797422519,-0.729295389076353,0.033283219848618914,-0.5564388710554156,0.030605574354383946,-0.4999241857487126
A,0.0,0.0,-0.21972338211230905,-0.09048426534362503,-0.38687154213289,-0.3478411111958164,-0.41292427106302854,-0.6379056404976108,-0.42586185706505003,-0.8514734832820599,-0.34123348193432235,-0.7013998577354223,-0.3588173152532548,-0.933407807056726,-0.31454389689139733,-0.7157983639859465,-0.2938882241005656,-0.6018910029038327,-0.21455597556634776,-0.7348463733450847,-0.22705240179259573,-0.9100463388040464,-0.19594935853953332,-0.6572255084639601,-0.19959561269048412,-0.5908296831490126,-0.08504802342560562,-0.7313926760177188,-0.08455709654808428,-0.8632152635028333,-0.06788069888812306,-0.635225891369388,-0.07877481048333264,-0.579649061883928,0.050930814725099284,-0.695598036920452,0.04251412805941832,-0.8105979486755147,0.040179957964827255,-0.6419009620304468,0.02563354574836107,-0.5841725193423211
A,0.0,0.0,-0.23530334079449888,-0.10753207541544571,-0.3946778969693437,-0.37768921971274105,-0.40489909985667266,-0.6642002416162727,-0.41853559773388255,-0.871181833225465,-0.3502781218310892,-0.7040359471335259,-0.37362654896388625,-0.9275792159752917,-0.3303694367030363,-0.7106636739034132,-0.3039989824252252,-0.5983545577567155,-0.2242994808303712,-0.7454118145871614,-0.2382673062792128,-0.9245127610821128,-0.20915925647162312,-0.6735528702736058,-0.20615168597482145,-0.6073061613433116,-0.09375018832003487,-0.7540484277899432,-0.10266241810865423,-0.8772902959969596,-0.09285904761478066,-0.6486566415122816,-0.10118842765961794,-0.5933297559325229,0.04433019517287459,-0.730500780992756,0.02755695723475403,-0.837692243672271,0.019828174526219714,-0.6700783382861717,0.00965845141057386,-0.6095491749570114
A,0.0,0.0,-0.2310300479486829,-0.09925177067840035,-0.38609301894045317,-0.3658561448133838,-0.40492088398623055,-0.5995005601089265,-0.40762191864046393,-0.7710145828477291,-0.33501612153921784,-0.6584530742548427,-0.38139134644311073,-0.8395335940622909,-0.4485641794814592,-0.8712957158310628,-0.5150324501238163,-0.8571706803895354,-0.2198468411088446,-0.7030850018918599,-0.27321666155802954,-0.8612622104145403,-0.33508219234363745,-0.8643540000714446,-0.3960499238796975,-0.8586191468163739,-0.09770865290652629,-0.7114288998020157,-0.13944862324956864,-0.8521152803105628,-0.19564004889275097,-0.8322278524695657,-0.2556523572552684,-0.8233433542122146,0.0384182635436131,-0.6818368163276144,-0.014421833363307348,-0.814845098240595,-0.06314367107565899,-0.8034156590508356,-0.11511940912265899,-0.7977263958079214
A,0.0,0.0,-0.25387302141304496,-0.1116442376356953,-0.4162049335723071,-0.38815096457585424,-0.4453314940794688,-0.646773746563311,-0.4538459217997575,-0.8318948243063778,-0.34994029160905343,-0.694322974991905,-0.42934906360540487,-0.9031386281082003,-0.442910851940084,-0.7703485075443056,-0.4224981058519673,-0.6871668395567307,-0.2369140223574238,-0.7288403172059409,-0.3200816598676812,-0.9119445582348655,-0.3383389812779417,-0.7407315315346209,-0.3268968606240734,-0.6674663917938624,-0.11711884700451701,-0.7315486137304971,-0.19705882352816678,-0.8700139143684945,-0.2337710770376571,-0.7213048260802588,-0.2472992987873615,-0.6641334134268843,0.016354682125423774,-0.7025028024683186,-0.059995031413434666,-0.8048701121818305,-0.11269113620481856,-0.720665225755626,-0.14604365279987302,-0.6872231982673056
A,0.0,0.0,-0.242679125092271,-0.10967391835724702,-0.38400450155096133,-0.40937582904145264,-0.40755582986478384,-0.6669339331678962,-0.421891532899172,-0.8502051669856407,-0.33166310174161745,-0.7030824755338811,-0.43326042677746446,-0.9012687737787265,-0.4201280906364197,-0.7037213720420101,-0.3702896234136604,-0.598169978510207,-0.21280626049227738,-0.7452635240676783,-0.3209618743762326,-0.8809318790641395,-0.30069778656821095,-0.6123591713795566,-0.23225038870681952,-0.5679160776057183,-0.08242863708816033,-0.7498926322938472,-0.19242576259456856,-0.8585573162322068,-0.18878483897474554,-0.58872485822783,-0.1295084511994484,-0.5444372092235291,0.05144123117741627,-0.7247246899426653,-0.06767133059681031,-0.8143383682644426,-0.08771063647804907,-0.6315468851193482,-0.0366705083220288,-0.5869957664833461
A,0.0,0.0,-0.24848173807606516,-0.1448904996266,-0.40130376633082243,-0.44302928963905386,-0.4352982291075477,-0.690242360132592,-0.4389370112795548,-0.8734356230497539,-0.2945239460556222,-0.78372721950125,-0.4157348094880136,-0.909485881242785,-0.3993478291212995,-0.6754656583997503,-0.3447451650583577,-0.5911568835612736,-0.17333424539316858,-0.7964089226538028,-0.2951610263812356,-0.8929398331708828,-0.2918817221892918,-0.6306493877104142,-0.23871292252229848,-0.576506002012543,-0.04699539995339407,-0.7761965114228434,-0.16430248401534975,-0.8588941403008108,-0.1832771623138278,-0.6162390447489545,-0.14731693262569598,-0.5621562562721073,0.08251959563032145,-0.7241469678697453,-0.027891432164257903,-0.809023089972237,-0.06132479242875297,-0.6342743504780084,-0.03196567012971161,-0.5727371786667924
A,0.0,0.0,-0.22418805017335017,-0.09596513265499078,-0.3926402316016147,-0.3552077300349862,-0.41350406956803004,-0.5914329778870291,-0.39427798044814405,-0.7693024145609577,-0.35496221012095,-0.6636620883376216,-0.44301499358341107,-0.8167220510066652,-0.525839968797396,-0.8257455629470348,-0.59423486709626,-0.8042915657440963,-0.229520218626586,-0.715885484252203,-0.31658055477063896,-0.876811426459478,-0.3336851467586138,-0.7399658039880246,-0.3259219324001785,-0.6318987612129617,-0.09494329130511103,-0.7167281131543896,-0.17318427870413206,-0.8436777450303968,-0.19561636800080656,-0.6935348551590255,-0.19382823108628291,-0.6063845140348849,0.048921808170332794,-0.670681109620194,-0.03290866897886231,-0.7663559477318139,-0.06629094644155227,-0.6501782030169652,-0.06975101130896759,-0.5736794385995877
A,0.0,0.0,-0.2339125580104369,-0.08432859796929888,-0.410143646358221,-0.3298382118109741,-0.4383287954030406,-0.6019165706356306,-0.43239609089025544,-0.7988164283451864,-0.36427434198085795,-0.6700083180610837,-0.3805149871787994,-0.9247747534033994,-0.3617859975575862,-0.8053524828591919,-0.3491129201243288,-0.6913024938510072,-0.23901885801093747,-0.7186002867521296,-0.24356995268405726,-0.9182209114483202,-0.21839349000538566,-0.7449543966128214,-0.2196313773211755,-0.6576830443922876,-0.10796217800923677,-0.7386130552871027,-0.09573532818104853,-0.8872316316097002,-0.0824718262870844,-0.7136179059244425,-0.09398053782765665,-0.6379517917580411,0.02842409366990984,-0.7233450273670718,0.03015137278110771,-0.8633338487783475,0.029927725355340908,-0.7157481298674302,0.018464549663917352,-0.63007029520122
A,0.0,0.0,-0.21599823769988905,-0.10059466188864193,-0.3747937387619202,-0.3631725868868912,-0.38471333880203024,-0.657256756317265,-0.3624844350797954,-0.8753855816743491,-0.3295091606955874,-0.7033775188468712,-0.31927184350787835,-0.9476631732546543,-0.2921430353315618,-0.7218811301769994,-0.2836362175411084,-0.607080981600155,-0.2000857862179568,-0.756557721050091,-0.18494597576977817,-0.9539946876412135,-0.17113845922719784,-0.7074097024689548,-0.17710118637650693,-0.6261861373964039,-0.07196717015979927,-0.7726572726300538,-0.049841583347042896,-0.9039241126018641,-0.043919806407868786,-0.6764654643690277,-0.057264867991166174,-0.6078769218913992,0.06375312283720747,-0.7537768722974767,0.0726915652563249,-0.8718730420981162,0.0662753262970727,-0.6952133648837542,0.05051161350942382,-0.6260169235970531
A,0.0,0.0,-0.20280424435158403,-0.12908429186581372,-0.3460742213915329,-0.3838081627244523,-0.35244794907901517,-0.6680931695613112,-0.3268704515608465,-0.8835078503314624,-0.2933212193140617,-0.746195382436789,-0.279759861953237,-0.9600700076764744,-0.24241961549845917,-0.725602653322075,-0.2429899803666131,-0.6169564750020269,-0.1675962380949892,-0.7862572382994588,-0.14074498044962694,-0.9574511624858805,-0.12043168554222322,-0.7006370486776806,-0.1420755189799852,-0.6459427883035803,-0.04185858731487994,-0.7804036664789848,0.009296407721457369,-0.8954430460710717,0.006674747072855178,-0.6709813602346862,-0.03076896746372268,-0.628248807829772,0.08843423990093824,-0.7370477247467629,0.12961383259284925,-0.8313521945947234,0.11304908540181544,-0.662527478322172,0.07135332540840766,-0.6140180753275063
A,0.0,0.0,-0.20254149773388902,-0.12611244459495088,-0.34265809439083045,-0.3746941455299519,-0.3386054004793711,-0.6672160387617703,-0.2968803042972259,-0.8875484391404247,-0.26998966819795556,-0.7321346880783127,-0.24830422555047077,-0.9686821003682172,-0.20992248417124026,-0.7590314432276236,-0.21513309062883088,-0.632543147751337,-0.14162894340926652,-0.7622568886432188,-0.09963202019647462,-0.9292361149780912,-0.07618240835268905,-0.6799460163268596,-0.10718033911762653,-0.6214627248683279,-0.01719147108887176,-0.74875167450761,0.05136683626139419,-0.8632915833874459,0.04672671354604386,-0.6399622605774024,-0.0032028520000609985,-0.592145885427987,0.10950769626573464,-0.6990405119783365,0.17139294419872309,-0.7891971831870489,0.15568440135236616,-0.6244584705593247,0.10543358567913343,-0.576112091537168
A,0.0,0.0,-0.18337666657879434,-0.14207955209513182,-0.3300033882964631,-0.40653049581970674,-0.34423666820556864,-0.6958297152890109,-0.28232858416036033,-0.9142707541911285,-0.2483380448781932,-0.7627956915626353,-0.2163163952739803,-0.976323315882434,-0.18969891440281347,-0.7456406742803383,-0.1948768522851413,-0.6384537657942254,-0.1184956319460057,-0.7879653419738054,-0.07447505510265776,-0.9536238808350258,-0.06559167671318615,-0.6904722962333198,-0.09310350945214581,-0.6416491884644955,0.0074848817598496585,-0.7689809792766141,0.07068692169888588,-0.8824619448265321,0.060900969136558986,-0.658666305944745,0.02041504377805766,-0.6203003257543452,0.13523671489915864,-0.7144574648694936,0.18408237527615437,-0.8089402072651151,0.16330437546033996,-0.6426393889170163,0.11879515877328069,-0.5977690955762145
A,0.0,0.0,-0.18944199841053097,-0.15196424433013808,-0.3377917157223848,-0.41471094618564286,-0.33102639991109206,-0.7163947445001693,-0.25584583540794853,-0.9339248550832675,-0.24129963116739586,-0.7422076263222828,-0.1957167947616536,-0.9806604592050322,-0.1704331947133731,-0.7748499579655675,-0.18121452114325218,-0.6506670162222774,-0.11508202034147473,-0.7632233781747247,-0.04703301678295978,-0.9392451588258312,-0.03831572482485019,-0.6974860180491955,-0.08058121195039018,-0.6375247125056599,0.005206600955819194,-0.7473799285035881,0.09248805501517113,-0.8765357227051547,0.08330585021622021,-0.6573597407916196,0.02783204597927931,-0.6088828865554963,0.1270713214189567,-0.6949603596601682,0.2039731675718447,-0.8051360107843761,0.18767772583108766,-0.6391050402875394,0.12774085229131532,-0.5834733677185897
A,0.0,0.0,-0.19056747277305372,-0.1320362002740297,-0.3235674002610117,-0.41893427037806474,-0.3209898088574315,-0.6892626513071957,-0.2967417278585117,-0.8781322346455348,-0.25689281110720086,-0.7692529015777808,-0.2502233908598396,-0.9681881297901787,-0.23711433823689307,-0.7470849468710888,-0.22540897525162473,-0.6600194143604126,-0.11920440867192658,-0.7877210709581062,-0.11897996988736928,-0.9492933707041507,-0.12565451634331534,-0.7044016825296933,-0.12197724175899456,-0.6418906891398497,0.016428606999507107,-0.7724180010608974,0.013620781966882524,-0.8800429731758326,-0.0043708728936974655,-0.6581441135329398,-0.0038185796383518778,-0.6063986039282869,0.1572072216968341,-0.7251371962549059,0.14455640754563517,-0.8297929792061147,0.11193009581156771,-0.6653907894426679,0.10795171219255288,-0.6059971995082395
A,0.0,0.0,-0.2272722315364844,-0.12158288467380042,-0.3732171929173138,-0.37319401816064035,-0.38038533827938686,-0.6797023360282016,-0.38004524872520384,-0.912547203350906,-0.29821885224769423,-0.7412836996024652,-0.29797976600801307,-0.9545721864006985,-0.2612053861881657,-0.7444722564362748,-0.25526714447505033,-0.6522898336932855,-0.16726428909811938,-0.771191495581453,-0.15414650776756644,-0.9647555124482178,-0.14050401132133197,-0.6979594576162954,-0.168444270458743,-0.6520362149499404,-0.044505961453543894,-0.7611488113384957,-0.015834442181599122,-0.9302693260250445,-0.019237558637610404,-0.6974311697256268,-0.048249650271168884,-0.6608932689853348,0.08602952484618592,-0.7244269609671081,0.0928443517304749,-0.8792694597863959,0.08084832518440352,-0.7142309370841615,0.06146457245677805,-0.6658702411039323
A,0.0,0.0,-0.21789442987803095,-0.10675756960292108,-0.3689856196170411,-0.3834076445374824,-0.3776826582710614,-0.6717692602831477,-0.37431022306882833,-0.8787572262840553,-0.3026318922155951,-0.7499990213524492,-0.30025394709287645,-0.9538593016033067,-0.27681248320441865,-0.7292418421062251,-0.2765538996755734,-0.6481565760075064,-0.17582988257640728,-0.7915661104179288,-0.1658268028561217,-0.9670030720532445,-0.1611834329260027,-0.7082815103917547,-0.17931370104656175,-0.6731243365184042,-0.050866099562209124,-0.7914524530552136,-0.03516120091621447,-0.9279732568769743,-0.03792792149472348,-0.689397521977975,-0.054919199762411976,-0.6665223550701486,0.08362235048002854,-0.7547650028935341,0.08646800109867242,-0.8730313398551118,0.07367612312958802,-0.6975976709195496,0.06277667104474562,-0.6625135049644751
A,0.0,0.0,-0.23808473643037356,-0.09777984315319624,-0.37919649482052487,-0.37878626954295025,-0.40158119576489393,-0.6698243516632347,-0.42629892102227174,-0.8853680857190781,-0.31430257813579116,-0.7064172909233492,-0.3381395444899852,-0.9410959825926923,-0.31949476431713164,-0.7291235675454231,-0.2971793445381798,-0.6053920875802559,-0.19504926839277567,-0.743759816134834,-0.2217318570698903,-0.9708361677977487,-0.2167049221877115,-0.7091735292981743,-0.20255747413602385,-0.6262194424733805,-0.07199371007258946,-0.7437791845692865,-0.0872049074259494,-0.940594422754548,-0.09660773159147099,-0.6925303529047241,-0.092105993380951,-0.6129617490906412,0.060466278799862,-0.7156777892233798,0.035180053273891905,-0.8932559494950066,0.014843242995526458,-0.7265003379929755,0.019369765458663396,-0.6550650538492572
A,0.0,0.0,-0.23180392408531644,-0.06866904962383365,-0.38702384010688645,-0.3376503622659673,-0.4164364853411308,-0.6248174909847733,-0.4245705486466078,-0.8403956234428931,-0.3363699534770031,-0.6807952038448469,-0.37489006360905697,-0.9270692747617069,-0.36027073422075295,-0.7093715872445873,-0.3312042100268289,-0.5870669415184884,-0.21421932762950974,-0.7197068003418092,-0.2544207718659505,-0.9464333098004323,-0.24972403538853508,-0.6675987653819857,-0.2231832778302611,-0.6007273139390875,-0.08690891800214312,-0.7206337703785205,-0.11114491055922178,-0.9092824086671747,-0.12279643637251274,-0.6521945777184587,-0.10850797530901314,-0.59302786884968,0.04887028413419325,-0.6965782514531533,0.015818828077081105,-0.8576062533931882,-0.0041824988618832555,-0.6866328524216405,0.011453880250203928,-0.6311993887748104
A,0.0,0.0,-0.23556018074088989,-0.06788825921901784,-0.38317367636274086,-0.3426636087631287,-0.398568983010266,-0.6185496342980337,-0.40513934112232325,-0.8198267145918444,-0.3240699390687454,-0.6691209497909268,-0.37745519828925106,-0.9260278469270901,-0.37139980626662505,-0.7114474686957087,-0.33360082703202776,-0.5817578520605652,-0.20661512153417175,-0.7061848539918596,-0.2545327664838682,-0.9277989810413355,-0.25249224563013994,-0.6501921057498595,-0.21087106440389658,-0.5846303186404843,-0.08428419832611636,-0.7082995541199641,-0.11574102465587484,-0.8917655560640615,-0.12977556831353596,-0.6321982269110196,-0.1015720392690786,-0.5743919157603742,0.04801902329134406,-0.6901455880919392,0.0076777518340737025,-0.840130129033434,-0.018996808886557824,-0.6623444651996293,0.003770407790333771,-0.6016623176731197
A,0.0,0.0,-0.21580676320519723,-0.102992100965123,-0.36950166328347545,-0.34558886709299413,-0.4076704906503261,-0.6152312573327576,-0.4037846314766935,-0.8341771474830096,-0.30827996285594117,-0.6922245638180259,-0.3439771895400918,-0.93897800457524,-0.329415144985354,-0.7310952003090221,-0.29788018969817587,-0.6062498710800698,-0.190053886013272,-0.7238961398207204,-0.2103540219001829,-0.9407681189972398,-0.20503981655436038,-0.679322758883606,-0.18164434896110696,-0.6048741728284699,-0.07031642654483895,-0.7151001491558174,-0.07485717137256828,-0.8902198374877238,-0.08797612237881512,-0.645407155707827,-0.07857866007787559,-0.5800600629643156,0.06029004078184786,-0.6778562355208185,0.048161696365521166,-0.8411793634824443,0.01875947131339772,-0.673437172507937,0.01754754767653516,-0.6061134631694063
A,0.0,0.0,-0.20220457790473748,-0.11253393558659762,-0.3344022073186368,-0.37808057083358204,-0.35201270261336376,-0.6389808146862476,-0.3551802857254127,-0.8400929002581705,-0.2793595179912068,-0.6992863828045461,-0.30655552915935336,-0.9518527761906402,-0.28195452799595433,-0.7361854184269973,-0.2529506758659982,-0.6132562999630479,-0.1624409028680857,-0.730275896318785,-0.16429187934357065,-0.94533479240081,-0.15972825448652445,-0.681027210722924,-0.1473773065538265,-0.6097724907031021,-0.04470301584230042,-0.7233987888265854,-0.03519918487341346,-0.8911045606897815,-0.049010423535870824,-0.6456554405294996,-0.04886375413631274,-0.5885570000162282,0.08280106298981144,-0.690759698853069,0.08294894381803844,-0.8322808294254251,0.05807649610218296,-0.66162280589608,0.053354952865081594,-0.6040905008580981
A,0.0,0.0,-0.2064990940293368,-0.09965273086615414,-0.35065520323247873,-0.3536272323771606,-0.3665726740030135,-0.6545940859972899,-0.365208086811409,-0.884311024176054,-0.28478016352749563,-0.712782352261183,-0.2802588183234661,-0.9599244734623315,-0.242355515782698,-0.7434764514892507,-0.23476791909483605,-0.6312004043839547,-0.16126263935225335,-0.7345197997899465,-0.1353244237517722,-0.9397770168477744,-0.11932785929935888,-0.6610368591465521,-0.1428517712255858,-0.6096157474464711,-0.04419894728626741,-0.7271718286472388,-0.006266979921194352,-0.8842392072898517,-0.011767352735590621,-0.632695266124291,-0.0466905752088011,-0.5960139344270422,0.07936617465278996,-0.6996536415503061,0.10153045380148969,-0.8387181613362774,0.0879765924325957,-0.6580669090863491,0.06081994485579336,-0.6044858940277206
A,0.0,0.0,-0.20357502901356886,-0.07362301424849466,-0.3557619313598868,-0.33852277680289933,-0.3685315642819737,-0.6563105595360715,-0.35622209339435446,-0.8898674695594198,-0.29724356758520837,-0.7047523482105876,-0.2934876701097313,-0.9559628588462847,-0.2517630371433741,-0.727741708656964,-0.2439789478133845,-0.6235237416490321,-0.168283020960037,-0.7360955873942037,-0.1555081113677249,-0.9573969304455955,-0.13217467563183566,-0.6580910263402528,-0.14694607708780785,-0.6211513780088984,-0.042396134741051875,-0.7359189554072684,-0.017623896598063744,-0.901583246813898,-0.01930187772968129,-0.6271418543476801,-0.042986939852129966,-0.5976426749421666,0.08959221984559007,-0.70987954310511,0.08880290276155657,-0.8550683980308492,0.08019174086230131,-0.6614937053303956,0.06770404588897191,-0.6087787690327224
A,0.0,0.0,-0.22573158319349407,-0.07527425767853853,-0.37702154064556137,-0.3473935221606997,-0.3756120089541075,-0.6610426057144091,-0.36006290084315196,-0.8894044339932382,-0.27088285994912836,-0.7038392577286521,-0.2608119148328191,-0.965389633816957,-0.23805022437648934,-0.7506117296272755,-0.23213795576312432,-0.6274186407168326,-0.13373896522332449,-0.7240531650436992,-0.12018115328823624,-0.9510139033685512,-0.1184435861709916,-0.6668065000605984,-0.1309197110666884,-0.6049422046777251,-0.004199788241390227,-0.7148073163022344,0.01900869428658939,-0.9077028776894124,0.0024102352831871774,-0.6482965359931852,-0.01089842616275728,-0.5945032570395488,0.13448603514329924,-0.6837084323722743,0.13342914868858521,-0.850605779309289,0.11223552289191645,-0.668345185566103,0.10229239617355997,-0.6025157536276334
A,0.0,0.0,-0.21606208578199113,-0.09832684864221275,-0.3518925794872859,-0.3813324274602405,-0.349925278970969,-0.6934789052695172,-0.3457584485432561,-0.9169975720529059,-0.276361664998552,-0.7243043041970221,-0.2470318251846999,-0.9690073670235516,-0.2277735218318308,-0.7369934196674374,-0.23999528356053298,-0.6227652806360836,-0.1438908530404504,-0.733530107701287,-0.10304073444664631,-0.9409286438513994,-0.10804330120148764,-0.6582767014593021,-0.14783558640352798,-0.6132769864462629,-0.01774731957546058,-0.714266692949578,0.031475903588710524,-0.8816491731891468,0.013670594514907295,-0.6360213090415444,-0.026852937356561454,-0.6074613906405553,0.1106658559089057,-0.6739681530942999,0.13930977313861748,-0.822753102673503,0.11988374353001159,-0.6511423647529068,0.09177448766567428,-0.6020692267334321
A,0.0,0.0,-0.208852503720503,-0.10318857546368741,-0.35415439520634306,-0.4015332880684726,-0.36086113159229244,-0.6763360342241319,-0.3481557673893565,-0.8725724121349335,-0.2722755046264746,-0.7589180875279488,-0.27642319258340503,-0.9610360131659987,-0.2629971846525904,-0.7217078946520861,-0.25400887879756967,-0.6391967460056744,-0.14411220257689444,-0.7933931854742358,-0.13748187096909906,-0.9621989689299094,-0.14868446574635685,-0.6901954857792286,-0.15937554929397554,-0.6624098990345304,-0.018894321779788243,-0.7828040460251473,-0.005878136799652229,-0.9081879110864016,-0.02695954535409819,-0.6624872844543682,-0.04236849604294036,-0.6451433571768196,0.1112802337268676,-0.7423821663613354,0.11250876457381448,-0.8555118050308409,0.08439692260454358,-0.6775559098423036,0.07359297999008696,-0.6448554322511088
A,0.0,0.0,-0.2115968225678723,-0.0929991940384621,-0.34846917713795883,-0.3687113935129286,-0.36888146492985846,-0.6693792632528728,-0.3797812934736207,-0.899241205856447,-0.28995818422082126,-0.7212932086866412,-0.31732025543714226,-0.948318435700428,-0.2908537991275649,-0.7140587479738612,-0.26332939287415924,-0.5949947016995626,-0.16430480535305467,-0.7554226351926454,-0.19196434037442286,-0.95781999954695,-0.18767090743967607,-0.6696221855800114,-0.17135428062775884,-0.6108263434549631,-0.036803978978259086,-0.7489348210947013,-0.048478391064076004,-0.9118634749029065,-0.065356206273985,-0.6475331878862771,-0.05926049769452745,-0.6010994360555062,0.09821183783848036,-0.7158929576753773,0.07449708290016951,-0.8626694472132074,0.04947075369877246,-0.6892341663668712,0.05865125778171952,-0.6417889258512309
A,0.0,0.0,-0.21832975273236513,-0.08127407080511116,-0.35859281624439227,-0.35852363833018364,-0.39004910391128816,-0.6363858286930845,-0.41401185124406453,-0.8463805860985013,-0.31475582016058773,-0.7010773664982622,-0.3563201959846124,-0.931916959754059,-0.3413433242994704,-0.7243841604633106,-0.3070182075673376,-0.5865649011042233,-0.1997954801795585,-0.7366123001348828,-0.24534756446062989,-0.9694351822650327,-0.2451546838580136,-0.7021562065518483,-0.21488370734357215,-0.5958860171167136,-0.07926807899709484,-0.7341953915164671,-0.10812436716596945,-0.9268765101837867,-0.1248816896958033,-0.6784288108684114,-0.10859783758121687,-0.5867863962077168,0.05087318655298761,-0.7008217436237592,0.015111349357762765,-0.8664140488672308,-0.007493225889054849,-0.7039795686663538,0.009961493868019387,-0.6328417393331539
A,0.0,0.0,-0.24643719314926604,-0.057911916520253695,-0.40899797241971475,-0.34916579262857667,-0.4550915076034475,-0.6113833258109246,-0.5070227966416031,-0.7710641481817885,-0.35066432840825207,-0.6825877457858864,-0.41604166312157304,-0.9086133241891445,-0.39800500435934333,-0.6723073938369245,-0.3553538997327625,-0.572101254326052,-0.2350629297914445,-0.7276756174904959,-0.3077763664216886,-0.9514587265206319,-0.3004869643664246,-0.6572761704770672,-0.24343376006342748,-0.6137750094807459,-0.10949309216948103,-0.7346133939906994,-0.16842744156982892,-0.9341408576791244,-0.18052393632991529,-0.6540982021333619,-0.13677213118997725,-0.6061666238014157,0.026179162376962807,-0.7198718390894048,-0.03118766518187959,-0.8703495140915872,-0.05827012260517287,-0.6871457273706882,-0.02122580670658232,-0.6374747616947483
A,0.0,0.0,-0.2622554709100452,-0.055916729107334084,-0.46414994894788547,-0.24300762957653818,-0.5146185142089812,-0.5339377468006345,-0.5127591825919487,-0.7646016383093575,-0.44526348637242896,-0.5987619568690766,-0.4839847148727018,-0.8750764513855859,-0.3982962516657314,-0.7268675676927453,-0.3692002073943032,-0.5864036878372139,-0.3199604562667882,-0.6653358845431495,-0.3209991043056606,-0.8895644543219734,-0.24221853505065521,-0.6922064800816532,-0.2539822981186622,-0.5912582933911648,-0.19787192812086926,-0.6954633113714264,-0.18083405688467094,-0.8889582604087751,-0.12550835894544216,-0.6917414892321337,-0.14644684635682173,-0.598194933380702,-0.07174568731288625,-0.6873607194623399,-0.05464842865840691,-0.8416441779080746,-0.023765075809138076,-0.6887999166840865,-0.04641442629184756,-0.6005489495563945
A,0.0,0.0,-0.26709443997050286,-0.06875547248794527,-0.4645435444162161,-0.24613009982945352,-0.5159354487023191,-0.5204802952452511,-0.5106451931147794,-0.7419123985439239,-0.46839256566473597,-0.5738747219225885,-0.5141834895287399,-0.857680207942359,-0.43125103118485864,-0.6924555827487893,-0.40107502193246414,-0.5326514531266063,-0.33638211137721463,-0.6398194568911104,-0.33932011385547334,-0.8775024690372355,-0.27286863295995195,-0.6702281792110898,-0.29162186840061055,-0.5531738367742453,-0.21155667305137546,-0.6734174060236731,-0.19404237024893844,-0.8729496890942723,-0.14914792058847154,-0.6727516615377129,-0.17465909062246063,-0.5712639721956209,-0.0806364001514888,-0.6709078071471046,-0.05931803203404264,-0.8213323440239465,-0.035577332440372374,-0.664303251621046,-0.0642360789367804,-0.5666748308358476
A,0.0,0.0,-0.28041670539598107,-0.08749402591790377,-0.4660227806907686,-0.2685446963377054,-0.5029272324878123,-0.5564957820913289,-0.4856969166280226,-0.7724186643183624,-0.4302595435748287,-0.6048623510463939,-0.4665751556074212,-0.8844815567155206,-0.39518238581746956,-0.7238295922642302,-0.37199344371740767,-0.5734421448307611,-0.292379201298794,-0.6577367179918188,-0.28743348749737135,-0.8750331094859323,-0.23588097128464502,-0.6823548795430974,-0.2572844863924948,-0.5687128566537726,-0.16336521923748884,-0.678154669296668,-0.15063088405627256,-0.8586333818259992,-0.11677935034992133,-0.6730924705647776,-0.13976706051213175,-0.5678893588409879,-0.031689303286887106,-0.663160864101858,-0.02788345361664981,-0.8041545615774366,-0.009820523732125792,-0.660788960807552,-0.028235947145369446,-0.5709112142835557
A,0.0,0.0,-0.29694458505984145,-0.08841784202632134,-0.49002943201830057,-0.3170043121987064,-0.5045469953777835,-0.6157425138510076,-0.47079439222876596,-0.8249706069623486,-0.4423585313487729,-0.6197530656372947,-0.4525948280633166,-0.8917162786505229,-0.3962603550961768,-0.7009797175959448,-0.38816956944930364,-0.5406694858737147,-0.29947056025318525,-0.6762237670596893,-0.28782738245854195,-0.91547908542283,-0.2439116487729949,-0.7093262364554958,-0.2619188904133787,-0.5812746242093095,-0.16756587770862807,-0.7074169476196993,-0.1414727281665721,-0.9037775488909611,-0.11287938579866297,-0.7042213276923408,-0.13750015311077812,-0.5894166261807926,-0.03305090466082512,-0.7024047160153621,-0.009878827673389086,-0.8581681923895734,0.0092781681929305,-0.7043934424158597,-0.012956684895182103,-0.6067319248233859
A,0.0,0.0,-0.2823657907818394,-0.10032282084309763,-0.4467060778309225,-0.29235853284780994,-0.4160545830638585,-0.5456689396946277,-0.36500043883375144,-0.7151733707902914,-0.40741345667065837,-0.653020089485639,-0.4006684373954322,-0.9162231187189628,-0.32093326977090975,-0.7997654311262262,-0.2937188545796642,-0.6395724929732205,-0.2623556394824941,-0.7149085614931571,-0.2518880544439909,-0.9363896163293559,-0.18693577514387522,-0.7887631489589889,-0.18805595474599945,-0.6434125905341296,-0.13127068437147493,-0.7512628877126161,-0.11584935171425131,-0.9443781510437279,-0.08258349995479433,-0.795584346251199,-0.09758367700383587,-0.6639888170501572,-0.006380090298627426,-0.7472419580494857,0.0028534108647375106,-0.9044650417975073,0.014419773110117058,-0.789136058489748,-0.005505131360698762,-0.6804996767264807
A,0.0,0.0,-0.267676022609861,-0.08089668094085169,-0.4263238526443455,-0.2907887057090327,-0.39983099116902937,-0.5282083620057648,-0.37153705903925727,-0.6839601042508072,-0.3868232586646252,-0.6549583569909878,-0.3650849841380342,-0.9309741963969417,-0.2983935785721845,-0.8373467081344719,-0.2765059194686199,-0.6878650664179947,-0.2323360004921263,-0.7115756401471766,-0.21131963398020284,-0.9567779158143322,-0.15561292733153387,-0.8133620277994281,-0.15531521514393307,-0.6762553480679101,-0.08796919508747708,-0.733694951041685,-0.06335843835318279,-0.9396115492195777,-0.03285826513612521,-0.7950657641802525,-0.045225828356658795,-0.6784962928835727,0.05440734268669057,-0.7126854548110139,0.06940957068696235,-0.8836016693905177,0.08042421698396095,-0.7663666616176509,0.062413862761516815,-0.6673470595384516
A,0.0,0.0,-0.2741791682640421,-0.06030131542624526,-0.44081131514145355,-0.251430559465504,-0.40894679430256115,-0.4698758428909639,-0.3420759860464479,-0.6011330555435209,-0.4290439023239509,-0.6237414407432674,-0.43705835282785216,-0.8159697346108921,-0.4110597951167829,-0.6485734207995258,-0.39529859370667325,-0.5236472864059186,-0.27595418541631184,-0.7142654205955283,-0.29056810283630924,-0.9568543136831793,-0.2663114874237408,-0.7610634101759884,-0.25239283099234594,-0.642070594471786,-0.1194794639432515,-0.7550449926440738,-0.12710115055864585,-0.9539592303892113,-0.11629600926798507,-0.7710888806949904,-0.11564898244112898,-0.6725754287440184,0.043907557437803446,-0.7428486403167543,0.01792553715361871,-0.9197121142249071,0.009284731606466982,-0.7732533887033628,0.002383801179455455,-0.6757986766027256
A,0.0,0.0,-0.2702336896332951,-0.0837453442561509,-0.4362437989462114,-0.3369203893874352,-0.4576135809009783,-0.6272954866487342,-0.4452753653788265,-0.844555491794925,-0.3903966512197855,-0.6424517667878983,-0.4298077438216099,-0.902920430243428,-0.40598021372240856,-0.7269084154073903,-0.384828320785733,-0.5988623024423535,-0.24120913997261434,-0.6960871142565462,-0.2827366545735603,-0.9454181173530624,-0.2611832994552332,-0.7206799212281573,-0.23495499219339191,-0.6246158515225737,-0.08143751974801784,-0.7087986396330885,-0.10871895726396752,-0.9442273905171928,-0.10506848330184626,-0.7378821592573811,-0.090507566580617,-0.6496677579849033,0.08711562760020662,-0.6843574221159601,0.05190789401481946,-0.8815319911250326,0.036539055475743695,-0.7318665566416961,0.041547171255483274,-0.642553381696947
A,0.0,0.0,-0.2449359104236546,-0.1383936047745961,-0.3924142949466423,-0.3933254905223212,-0.4211968850169908,-0.6436604163896834,-0.41636842042338135,-0.8366963998028947,-0.331749887238652,-0.6674927584705024,-0.38890393942343277,-0.9212783107730991,-0.38527354441928047,-0.7329506071463066,-0.3501287165327203,-0.5845794834811505,-0.2026301316612447,-0.6976299344995277,-0.26178169312636135,-0.9642047779412066,-0.26107250103556184,-0.7403215544506819,-0.21664161654697128,-0.6139106801381319,-0.062119123451618,-0.6896282712783346,-0.11232759826025487,-0.9034621847117307,-0.12556914468347002,-0.7058350544680813,-0.09233884478957238,-0.6027272440407164,0.08678069710417918,-0.6460873647331982,0.026273532396648976,-0.8363909240293577,-0.00040429762225497787,-0.6982182151518957,0.02240349440935564,-0.603584668904593
A,0.0,0.0,-0.28916947548501637,0.01832776248433449,-0.5879128905923825,-0.19106060678360046,-0.7011318564705752,-0.4366405070332592,-0.7057126888257664,-0.708498130435294,-0.448661867167959,-0.8684075995157375,-0.45176353397878044,-0.8825860144989827,-0.414956915426783,-0.46838567525473446,-0.36755416667769275,-0.20963218776425965,-0.0986652181793932,-0.8527840058088224,-0.08654817775598411,-0.7509328926107866,-0.10340785735487264,-0.3400085873444283,-0.09327830709847396,-0.18164773513761073,0.22012746576514536,-0.7269840055202754,0.219864437326686,-0.6048841356244378,0.19276807510180158,-0.2387101294047284,0.19551066376349027,-0.13828498498822786,0.5059329848448092,-0.557307019708279,0.498159607875621,-0.44300047556769245,0.4583832061539959,-0.16403221820011565,0.4568227677775179,-0.09037243392864054
A,0.0,0.0,-0.28088023793083833,-0.06842391806511265,-0.4571523814226798,-0.38589246157948914,-0.44781106833796097,-0.6722756200810392,-0.38368603299165727,-0.8323901099860747,-0.29881388909808654,-0.8020361654436139,-0.25616281039203276,-0.9666336506516083,-0.23425132543389293,-0.6872551201248251,-0.24087812599674166,-0.5438276596721343,-0.08310616604559931,-0.7943034369093049,-0.05214394024439275,-0.9154837513660856,-0.0637384406684736,-0.6323411413411203,-0.07746213424259092,-0.5322431789805242,0.10248892102143116,-0.7312534353593432,0.12098242474048308,-0.8403666520105054,0.10007207805171331,-0.5835258397212846,0.08976845316094867,-0.49924486004348867,0.2825501933426316,-0.63160051611599,0.2763592511422609,-0.7522497847518202,0.2481441019934543,-0.5474280835399606,0.2365905154769624,-0.4684416974952554
A,0.0,0.0,-0.25131512640026915,-0.17506453976962774,-0.40227382807141737,-0.4327073297239336,-0.4299514471495598,-0.7036942639501461,-0.4068030157952852,-0.9026537606277215,-0.31718863948342996,-0.7235533170835485,-0.31477563069337067,-0.9491661089196088,-0.30031783728136285,-0.7731856019410336,-0.28755507434114075,-0.6373768874004511,-0.18258105754626966,-0.7662968163836603,-0.1785528277597351,-0.9620983135151054,-0.17465474880986065,-0.7670421140992517,-0.17077570135025252,-0.6381762099916372,-0.04625081878048543,-0.7770354882462013,-0.046425478747607135,-0.93860240398371,-0.05703185105684505,-0.7602951438403147,-0.062290988520283044,-0.6432324472120744,0.09165872671788437,-0.7426652307442371,0.08370141506991244,-0.9008936547376057,0.06063985325991808,-0.7620552497304305,0.049014682302390276,-0.6541178457253785
A,0.0,0.0,-0.239384945598834,-0.16741933645926546,-0.38864355003387957,-0.4184133159536211,-0.41114513842835926,-0.6645514009806681,-0.3849734336671364,-0.8511367962606434,-0.32448371292963096,-0.7046899113639264,-0.33920960450613663,-0.9407108185892147,-0.34610873405188297,-0.8355296381591997,-0.33883303772228474,-0.7153158615924536,-0.2054507019272259,-0.7488823104186023,-0.21052464172029228,-0.958956450445734,-0.22116876239263258,-0.8245597026322787,-0.22241625734545983,-0.707248184539413,-0.08468554637580473,-0.764897990222328,-0.08260722354379668,-0.9411751047569922,-0.10081839421377378,-0.80956470051723,-0.10839672241791529,-0.7035144716193238,0.03987973820067787,-0.7347707678130897,0.03698437196410591,-0.8996606531801584,0.01612219619849237,-0.7911542815323362,0.0034411061179946403,-0.6948528090237014
A,0.0,0.0,-0.24052814351997714,-0.14480394747604336,-0.41011798421361395,-0.3862522142147716,-0.44313584210964796,-0.6852638395144807,-0.3982102634592358,-0.9172941655083858,-0.36614213377612126,-0.6796116540278667,-0.34797295675514534,-0.9240689723738621,-0.32307397245982894,-0.7372833668675035,-0.32861839576767027,-0.6071842199948603,-0.24536500746719583,-0.7312818424497035,-0.2130553010316678,-0.9304820062106016,-0.20026179885177384,-0.7258546549187687,-0.22729707952627556,-0.6275039037922223,-0.12582004101555552,-0.7517684984141748,-0.08680480340090503,-0.9203541377056225,-0.09065286054290211,-0.7309508586149017,-0.12454110526748449,-0.6350881111982603,-0.004150620182397219,-0.7349291777312394,0.017602537432594427,-0.887922458694121,0.007977361728593115,-0.7471412378256678,-0.02180526240472787,-0.6586015817664996
A,0.0,0.0,-0.23480635772314812,-0.1508563842945974,-0.39591243815062327,-0.3919023555030334,-0.42345209471551065,-0.6858544447750959,-0.3766916971845889,-0.9020056954404975,-0.3799574647898845,-0.6406566535944341,-0.33953341893782096,-0.9405939918075142,-0.3060688325408481,-0.7761982437504495,-0.3200873348855874,-0.6257071883986296,-0.2560420983564332,-0.6852495465411824,-0.19613042793372057,-0.9206556810644667,-0.17777805451702947,-0.739960116438995,-0.21792099055954156,-0.6173228322570672,-0.13507098729670552,-0.7067282707547884,-0.0716192680375154,-0.8998956647242687,-0.06571653108513137,-0.7307017022661145,-0.1035514076386943,-0.613141466102038,-0.014320097889399757,-0.6958531906528882,0.030883383773236784,-0.8632324584093021,0.030964188617277903,-0.7258306496957485,-0.0042206304806547985,-0.6227982140131493
A,0.0,0.0,-0.204602893085981,-0.14564990111740406,-0.29542786685593264,-0.4250473058306,-0.2836920352103838,-0.6842380740726588,-0.2864098141100793,-0.8858261387872748,-0.19768628354224912,-0.6940139945619099,-0.23534387720496808,-0.9719121665367364,-0.25963172727415573,-0.7831337309457664,-0.2347538340218355,-0.6343401961069938,-0.09011577514903069,-0.7051032820890369,-0.13798647228049177,-0.9799133423011824,-0.17329675976030073,-0.7346233425320943,-0.13388511973520945,-0.6111762111763823,0.025443042459013493,-0.698633365583211,-0.02537423438930474,-0.9561170783397718,-0.07464430864577758,-0.7198701651467764,-0.04676347459511108,-0.6011361068585137,0.15445747389392467,-0.6679904189781789,0.08586044356970501,-0.888196940408622,0.03438585386034788,-0.7420291606689994,0.05794436636138281,-0.6401900008626396
A,0.0,0.0,-0.20035719267237634,-0.15196216474278323,-0.28905839702482805,-0.3905453118859764,-0.286476580428939,-0.629900512544415,-0.28844408616987083,-0.824140111655087,-0.20230653774547291,-0.6787588626360539,-0.2559069233764162,-0.9280188314965916,-0.26766783190181254,-0.757662461735451,-0.2313574526672085,-0.6198506090877977,-0.09169216128320848,-0.7109133006114922,-0.1442404288850166,-0.9895426714776208,-0.17282336891162475,-0.778181014626045,-0.13207563311049,-0.6439157452920097,0.030439530614397244,-0.7175120768267497,-0.031140742516268763,-0.9755724651792045,-0.07338530757625723,-0.7645148869477468,-0.042025436340653616,-0.6352882273649377,0.16840237195496222,-0.6911415864246039,0.0880139506498255,-0.9172073806962037,0.03992885477874369,-0.773719193688794,0.06523777159742691,-0.6564406025717995
A,0.0,0.0,-0.17735903239430725,-0.22614291599394784,-0.21441709918003898,-0.4828485461664828,-0.1891167825055115,-0.698674008702356,-0.1526652984468082,-0.8630394873722866,-0.11986395518270736,-0.6501598340315152,-0.17610883630911445,-0.8754222605652955,-0.2397533970346176,-0.76195081178342,-0.2346945930410139,-0.6403342732890561,-0.04875180038076167,-0.6897658181296168,-0.11197133341691098,-0.9611570170184321,-0.1876213147096369,-0.799495224186176,-0.16985455760831233,-0.6838451149522052,0.05322156247261186,-0.7135336363771337,-0.025332999579740587,-0.9996790680674938,-0.10915175819515521,-0.8291228774481847,-0.09277117605529998,-0.7054518135729019,0.18152685241689515,-0.7217863697866084,0.06554346750270092,-0.9498727192680673,-0.011202440565748638,-0.818515925412282,0.008896046924471945,-0.696610937791175
A,0.0,0.0,-0.1901201768389788,-0.1720002339147724,-0.23902270612865745,-0.42991280646895347,-0.2308475221696589,-0.6544511240177528,-0.21217751558774883,-0.8506874207812852,-0.131965315976063,-0.7008165700838116,-0.2031755454434602,-0.934284261243478,-0.2381520997924902,-0.7396695170867352,-0.18795283907740581,-0.5901242466598733,-0.06562491993740603,-0.7255162294264184,-0.16489909220498972,-0.9863104427055258,-0.20718864316646832,-0.7295244965816132,-0.13477463620001423,-0.5916723746359018,0.031086498089035994,-0.7496545767891277,-0.09956835384740938,-0.9870801591825082,-0.1393122645794275,-0.7232624245009885,-0.05343974362042217,-0.5941626013517335,0.15816341745433365,-0.7468285566021651,0.01721255526454699,-0.9365510396938919,-0.03209594874577779,-0.7514768049845013,0.03494211930133281,-0.6218667358579459
A,0.0,0.0,-0.20605667873531947,-0.17230160088990923,-0.3205940012458063,-0.4611564585479655,-0.370584795097574,-0.669276067545024,-0.38914922428000914,-0.8441282632045408,-0.14313975271114387,-0.798453904790188,-0.2789235872279644,-0.9507064201911656,-0.28606165411394685,-0.7029407518511953,-0.21705518307733318,-0.6134862690613179,-0.049429000884172986,-0.8077575302714721,-0.20161170598812697,-0.9794655277285449,-0.2259373558788537,-0.7010672449933391,-0.14510725157715773,-0.6251205508918958,0.05317673429366915,-0.7899125789646512,-0.10673634568029293,-0.955836253542974,-0.13620780612482725,-0.6928192663540584,-0.05701414154862048,-0.6182204147708208,0.15434970308682316,-0.7415068387022129,0.012126408439905654,-0.8850307639551221,-0.029148461874387625,-0.7264851021702838,0.03230619031996611,-0.6507635282843972
A,0.0,0.0,-0.17879836227486665,-0.18939189511409762,-0.25854108133252635,-0.4941112559540774,-0.2674330928952598,-0.7379145885076293,-0.2773770829558747,-0.9406951933829067,-0.16496613081206518,-0.7698345542244656,-0.23909470162597332,-0.9709962531618681,-0.2744765308345735,-0.8162099873307072,-0.2563945604413728,-0.6909941010743033,-0.06946885880776807,-0.7711031947731891,-0.15624954752651427,-0.9492061989653735,-0.20015568353489077,-0.7499864777551642,-0.18402884429488958,-0.626573054235507,0.03861964108435006,-0.7534713966902647,-0.06968803331076867,-0.8999059759640666,-0.10964075195214189,-0.6953684280735019,-0.08944122776326183,-0.5770357739834834,0.15905107947451105,-0.7123848231689046,0.02667943388817948,-0.8395822952218237,-0.009256760499621836,-0.7058923512088129,0.02048919514362124,-0.6194657704531075
A,0.0,0.0,-0.20578349574525776,-0.17638077362934593,-0.30306110309254425,-0.46932272052640117,-0.2680453968436843,-0.6925639831505102,-0.23875629028051373,-0.8442812197939393,-0.22765044227457684,-0.759392766912179,-0.2908897840442968,-0.9567565696344407,-0.32123366502013045,-0.8439389276452225,-0.29904813238617806,-0.7447326023332705,-0.10840542680871532,-0.7828773618520933,-0.18462122583122342,-0.9626697821427624,-0.20365443279827744,-0.7458612413101204,-0.15456687660111595,-0.6380626314103212,0.02064637435712126,-0.7611033603614672,-0.07176860297207723,-0.9118237867609981,-0.09810558430161488,-0.6932954013399134,-0.05703327288753835,-0.6039929986890589,0.16114935120764656,-0.6972479505436767,0.058912121430199096,-0.8047291307312371,0.020109374639011964,-0.6479411134387436,0.05097970325235684,-0.5775783945200529
A,0.0,0.0,-0.2094110273068026,-0.17289178892809426,-0.30866235036686523,-0.4786018538854321,-0.3239863223970688,-0.7363814225030656,-0.36327468199796714,-0.917175519760971,-0.222342677112573,-0.7244931057424734,-0.25241430660389486,-0.967619252506726,-0.26990799254314574,-0.8142570402579512,-0.24831125668770473,-0.6756191058598515,-0.10676851326692861,-0.727594705105813,-0.14074181247160444,-0.9196408494805919,-0.16279294468216288,-0.7072360845715129,-0.13005431840199816,-0.6135604400191779,0.0172472677138431,-0.695582998247282,-0.019432615840916875,-0.8595039015584359,-0.05535259033967548,-0.6650348836891355,-0.03550975556705534,-0.584410799091838,0.1500302591776325,-0.6345527483997245,0.09751850665659861,-0.7621850539063586,0.05750667003069635,-0.6264938110232631,0.07296044910047733,-0.5603097196883065
A,0.0,0.0,-0.22052494370121267,-0.16126948051844253,-0.3244041227977895,-0.45305644741449913,-0.31809133204145884,-0.724133417584537,-0.3145067591841996,-0.9191997408969012,-0.22353153978525747,-0.7313377444939466,-0.23635787748146525,-0.9716660711131456,-0.2460893868905675,-0.7593986564414222,-0.2315425212346751,-0.6541499236865765,-0.10212486602116323,-0.7323714015057533,-0.1224057080126745,-0.9248220308995317,-0.14671367995591106,-0.6708766273465678,-0.11836740942765037,-0.6306921639532133,0.021451314761228545,-0.6978022477192175,0.010208689266794722,-0.8581302124505688,-0.030457700653404318,-0.6284637423942644,-0.011858296405031778,-0.5929480469356528,0.1493106664137213,-0.6378682900635434,0.13246948426241692,-0.777394954491658,0.08654294727430184,-0.6246499333385468,0.09718497951309113,-0.576469566150728
A,0.0,0.0,-0.2108434857937588,-0.1679926392545106,-0.31124940770850584,-0.4332691338655815,-0.3097687844072034,-0.6943248149781209,-0.3004869725891941,-0.8866080867462268,-0.2330653372179695,-0.7227177770300398,-0.2524952860210714,-0.9675981245006303,-0.24672821422169788,-0.747739202698682,-0.22671919992482234,-0.6309725495783516,-0.11170366586147265,-0.7342422600660841,-0.12537705583049527,-0.9358954252533129,-0.1366034820937385,-0.6882875315572662,-0.11457768326555519,-0.6292921799364589,0.01565408945729345,-0.7115984693591187,0.009623625257170093,-0.8718163445772567,-0.01870029218484351,-0.646989194271197,-0.006407510279729636,-0.5982428472754676,0.14833424655690722,-0.6568736547213427,0.13230282688581035,-0.8026796751920882,0.09725203232648047,-0.6520706502528691,0.10605053187515272,-0.5986448971644223
A,0.0,0.0,-0.2291974889281601,-0.16226416229549434,-0.3444161998546919,-0.41686377030635985,-0.3526241744748586,-0.6684093640451112,-0.34816132661432697,-0.8587703722688265,-0.25638523094804866,-0.7303051252267374,-0.2871937364757515,-0.9578725164285155,-0.2892250977835232,-0.7433848950595328,-0.2684931460784007,-0.631244672637739,-0.13564843431716098,-0.744346362442316,-0.16845272814010098,-0.9461238887247622,-0.17879337600773765,-0.6849215027113379,-0.14584536721415817,-0.6307127849543227,-0.005909958010436232,-0.731113344071522,-0.03400922290350951,-0.9027454457799088,-0.059352006201307324,-0.6594929173073069,-0.03212015364587597,-0.6039448044823416,0.13077863119323432,-0.6886847005613405,0.09478927212000289,-0.8443317133572121,0.05549418413796291,-0.6802408057220448,0.07511654243610845,-0.6165026470752303
A,0.0,0.0,-0.2318575997363542,-0.1625274263923864,-0.33713740173518564,-0.40705093873551546,-0.3390633791444686,-0.6322361338723775,-0.3463670531290858,-0.8234337463210708,-0.26647088137607106,-0.6971284820463077,-0.2991339542204446,-0.9228808169517386,-0.3168476544739497,-0.8314385986322057,-0.3008566108041633,-0.7204815499924314,-0.1467683912810863,-0.7352522509263142,-0.1942719347398958,-0.9809477128636458,-0.21334370669949837,-0.7988358257313043,-0.18114994288399572,-0.6780211985726512,-0.014407369403816326,-0.7419956785539144,-0.05428276112214249,-0.9719391380523369,-0.0822803173240143,-0.788689559492292,-0.05596308241067527,-0.6763600952799593,0.128916544274869,-0.7091329056658018,0.08525242215907701,-0.9191330988714842,0.049382450704365956,-0.7975061632364501,0.06614082159939813,-0.702418583553642
A,0.0,0.0,-0.2152107706785865,-0.12458753179155782,-0.32385029000865795,-0.3252995975531644,-0.2946105314087591,-0.5040458861129901,-0.26532207787679585,-0.6425586907385902,-0.27898818389755314,-0.6571597113076245,-0.31506915824210735,-0.9061380248473123,-0.31526027881362023,-0.7886306798831998,-0.2880462856823198,-0.6519762343051271,-0.15409778651697048,-0.7101777259607246,-0.19893230821569194,-0.9800132329453398,-0.21086791456979048,-0.8184450668288182,-0.17915090685371343,-0.6869252625843806,-0.020910391954523773,-0.732781955646061,-0.06565709389137186,-0.9641443145642585,-0.0871934831228392,-0.8009548605362286,-0.062258863169906156,-0.6878152117257369,0.12703015965545902,-0.718364807703449,0.07186555699278567,-0.9259594658282859,0.037598398499231675,-0.8112311096749936,0.05278671372579419,-0.7162389783715623
A,0.0,0.0,-0.20687728156853377,-0.15233660687382666,-0.29398625445390486,-0.3720442890954942,-0.26952059839517784,-0.5717402232142692,-0.23347265694861888,-0.718523683602116,-0.2245102479824327,-0.6778066342807674,-0.2708473571687438,-0.9008989383337106,-0.2831316797279088,-0.7651101502536548,-0.25082941201641956,-0.6249911738832045,-0.11946907972488952,-0.731572751570911,-0.1730552612583201,-0.9849121161559616,-0.19453010322227593,-0.8186955940431054,-0.15837858252093012,-0.6819124008524571,0.0016569729789975807,-0.7558215108995289,-0.058290332247268595,-0.9902890156051283,-0.08951372316245952,-0.8272124794197918,-0.05952738135287106,-0.7104689948288767,0.13468077039654888,-0.7425262577646201,0.054663287744177,-0.9458456214409848,0.0089644746493301,-0.8240456396114013,0.030831501313034415,-0.7150703778063058
A,0.0,0.0,-0.18158524330338568,-0.1872262569932881,-0.23349264736091793,-0.42694887768229633,-0.22837768535874844,-0.623384730238616,-0.225046292135549,-0.7854860011627025,-0.13451228314242283,-0.6932775494271098,-0.1833864648235548,-0.9418977935983219,-0.2455438528186068,-0.8294971736024157,-0.235143178663033,-0.6858569789448735,-0.05481192190264458,-0.7332200859793633,-0.12960129054083558,-0.9915661881539476,-0.19263120538951903,-0.835123423181497,-0.16143239251210648,-0.6861925415071217,0.04732138237347371,-0.759325762061907,-0.05878475154923285,-0.9971017668350518,-0.11127886853243671,-0.8286039448977417,-0.06693775031176598,-0.6862323404145524,0.17114428880198485,-0.7619358000879254,0.0390034107204618,-0.9633426645659092,-0.013862376704715669,-0.840581971719187,0.024183132086497243,-0.7113387108657622
A,0.0,0.0,-0.2125878811089425,-0.07216225170247388,-0.3570639191321986,-0.34758200700756703,-0.35315736365537204,-0.6936669986326526,-0.3332797926408718,-0.942827969365174,-0.3852558175625216,-0.6142455753128071,-0.3380213597298743,-0.9232585303798376,-0.2477325649180068,-0.7427481536916426,-0.2395783264941066,-0.6046426799042035,-0.255695115541328,-0.6606347213691307,-0.1801755340638686,-0.9403360279576475,-0.11616734620624157,-0.7150283170215797,-0.15943414589338956,-0.625994745603303,-0.1391960691337203,-0.6795185884119592,-0.05214920734257356,-0.880288689662439,-0.01337135885422978,-0.6587384436916364,-0.06345843841862596,-0.5888561944259214,-0.02888724679981843,-0.679688802988976,0.03537809600339404,-0.828431029338961,0.06202374775819066,-0.6690745711243125,0.02268934124776514,-0.5980060571910801
A,0.0,0.0,-0.19368938790362117,-0.1180186918376743,-0.33445636799588463,-0.3914588757181532,-0.32565542854915497,-0.7216061946567579,-0.27526983381022013,-0.9613670051515674,-0.37708825364277804,-0.6272422247696756,-0.3248609962102493,-0.9382463212175446,-0.24760708853183344,-0.741850704939519,-0.25203485196130476,-0.6077967399414109,-0.24697359189689552,-0.678404762676613,-0.17328553184151985,-0.9512501380880913,-0.11369268358436703,-0.7191615972127336,-0.1595210243658301,-0.6357656340397495,-0.12573830587936907,-0.699781299294199,-0.04122886549221495,-0.8979783001752536,-0.008462992134226502,-0.6773449895831961,-0.06111104961818364,-0.5993014193397573,-0.010107327515710664,-0.6945645799328725,0.053625331155032596,-0.8390097623218572,0.07403466362418443,-0.6752093674917949,0.03231468808034443,-0.595972470486224
A,0.0,0.0,-0.20951925174761155,-0.20484914340166366,-0.32945723532025,-0.44071893819314834,-0.32381611280770517,-0.7369905743253509,-0.28418762772764455,-0.9587686854745172,-0.30411768571897757,-0.6383512778112866,-0.25188779506708875,-0.8450097556845442,-0.18785686217037284,-0.7424526456834976,-0.1634511475646277,-0.6564930021180315,-0.196872733374067,-0.6714121167683808,-0.13825907015655198,-0.8576642076887353,-0.0860271572066552,-0.7299546884328463,-0.09369680018258103,-0.6472534336423786,-0.09377193633164645,-0.6814377369235938,-0.03170963276499852,-0.8542521242651312,-0.005743326342640038,-0.7230023390042095,-0.03350418890499569,-0.6353946781236317,0.0004383719835742044,-0.6672978292518547,0.04944891976815708,-0.811035771396158,0.05696409028855091,-0.7141799861637398,0.02430553307365791,-0.6384965721450901
A,0.0,0.0,-0.23126984588524835,-0.12225901612667889,-0.3692997441734996,-0.3676762171978293,-0.348191232242822,-0.6648896005754537,-0.30647152890777096,-0.8813632459995115,-0.3157983678751629,-0.6675362106806546,-0.28491160296090967,-0.9585537953074125,-0.22825282346831527,-0.8266930833003927,-0.2161401579139443,-0.66852120471302,-0.19084567083761622,-0.6873031214858576,-0.12635367723589433,-0.9148410674886026,-0.09287801800996108,-0.7431984557557979,-0.12657389542212397,-0.6313232926248262,-0.07927056330177913,-0.6730488174376099,-0.004516801408800639,-0.8550312884272565,0.0008783778258902701,-0.6890490658218489,-0.044029000387628324,-0.5917169520346647,0.027372588298951287,-0.6247789536857089,0.09109880808692601,-0.7532752673830913,0.08773698786028444,-0.6246136237181015,0.043976274432163974,-0.5398104943071407
A,0.0,0.0,-0.22957422417233936,-0.12503441140226496,-0.36564962632040066,-0.382151643688127,-0.35406572274568426,-0.6982479314322069,-0.30605873198766625,-0.9138460373682407,-0.31631348493427375,-0.680842822574036,-0.29274302144405345,-0.9561911542133228,-0.2639792208578248,-0.7493899352129643,-0.2726958009357235,-0.6196001075439231,-0.18181921421357208,-0.6982102625468227,-0.13586349463113415,-0.9159612655024092,-0.12474989109776745,-0.675409526663474,-0.1537491622909295,-0.5950515353787486,-0.0557747958036233,-0.6818188474383094,-0.0043101219535963756,-0.8516781103958405,-0.013410604076155066,-0.6273348922048938,-0.047043789344088136,-0.5523771764460957,0.0733228861331247,-0.6355285960950342,0.10047654223559137,-0.7740883814540289,0.09087498379085847,-0.6142084878469776,0.06940981026079049,-0.5467954490978071
A,0.0,0.0,-0.2431247421491995,-0.06829225615510609,-0.38585814618729475,-0.3450502967861286,-0.387136106147157,-0.6638734975149142,-0.3758945206400172,-0.8830928803109197,-0.30287896308184437,-0.6818522809631196,-0.2845838740607096,-0.9586511454249653,-0.2500885281745246,-0.7356777107441419,-0.25116861914041577,-0.6066975072002345,-0.17203874352503773,-0.7009915371836433,-0.13527403569440344,-0.9293291915882692,-0.12149773334246283,-0.6554179011136118,-0.14996887423986852,-0.5812155251713682,-0.047931607879833776,-0.6876233149080334,-0.008973331186007438,-0.8593696458774065,-0.00870924214087525,-0.605639726932584,-0.040851046710525696,-0.550155393886633,0.08152202551610208,-0.6505734731892456,0.10028294925794932,-0.7979957631916321,0.09396190122023772,-0.6089383874022489,0.06954339580750886,-0.5408178128612642
A,0.0,0.0,-0.23086420153474355,-0.1026333937041483,-0.3713197654094093,-0.355467999521791,-0.37063863680029235,-0.6636933861564319,-0.3304305131784269,-0.8923923332646443,-0.293312175903997,-0.6993878641398916,-0.28073266537601144,-0.9597860024978905,-0.2336312865092812,-0.7470545129748742,-0.22765054326868925,-0.5938212768910901,-0.1646571651822826,-0.7315788703118492,-0.14000882363986258,-0.9541269589704771,-0.10633703051622177,-0.7032075265361162,-0.12292151048850047,-0.5877515528787679,-0.04584863644447196,-0.7324633358439819,-0.008247165298771316,-0.9006410010529946,0.004359056155062,-0.6647952118476506,-0.021429674977769278,-0.5658689607645933,0.07523199042326069,-0.6994472959499028,0.10750062522346325,-0.8313251468184316,0.10649712912802156,-0.6582356762325957,0.07676720088635862,-0.5802541298798849
A,0.0,0.0,-0.213519505350834,-0.12005483508312116,-0.3533270187689103,-0.38265395353530834,-0.3430067493197818,-0.7003301369983919,-0.2619034676537626,-0.9178282576708408,-0.24928990563764006,-0.7124681564765288,-0.2092363616458462,-0.97786509548363,-0.17813751009314835,-0.7353764445140252,-0.19159563565673327,-0.6020321429541247,-0.11557259756889673,-0.7368644850500303,-0.07054533152742898,-0.9644897596114201,-0.05419790008257473,-0.7101380886199306,-0.08996848152844288,-0.631595852614674,0.008969366323125274,-0.7277405900469425,0.07372123104492427,-0.8921746852064364,0.07021489739817728,-0.663038181749094,0.02341680152478229,-0.5939919414604576,0.13076387187949423,-0.683075098652468,0.18397536086899033,-0.8117502065460674,0.17505744371949852,-0.6514541466828275,0.13344665642998124,-0.5884553582048709
A,0.0,0.0,-0.17035023676037764,-0.1867508178875879,-0.2619410305879006,-0.4744042943307296,-0.2345810463092761,-0.787721220594274,-0.12901965027320847,-0.9821748883864205,-0.20103877227598294,-0.7340110939764427,-0.08606976353540631,-0.9962891125596823,-0.062483221970406094,-0.8049921358670491,-0.11079162925118526,-0.6997782002612478,-0.07722298712280729,-0.7485180344594782,0.046579333471176126,-0.9365502295635272,0.05943144222793239,-0.736061821144527,-0.009928242326608801,-0.6886991121392358,0.03968061696282053,-0.7404755784508487,0.15602244971770557,-0.8875833679366945,0.15105197029033818,-0.715590454954864,0.07992524934958252,-0.6672582976877318,0.14855317251357897,-0.7094240608603527,0.23349901937196665,-0.8304726920917572,0.2203634068411072,-0.6989448936534616,0.16154909024281897,-0.6432255555917221
A,0.0,0.0,-0.16416008772874144,-0.1895103074547676,-0.2379937894174313,-0.47778608059381794,-0.16994163986397987,-0.7820211261781926,-0.08302733613066807,-0.9965472700554876,-0.17024876158686275,-0.6947135312504008,-0.05562182199471,-0.915649006178796,-0.045892487961607706,-0.7618925476624471,-0.0948441828053393,-0.6408972647103299,-0.05161303516120211,-0.6999542365030702,0.05950059205912656,-0.8734324468705884,0.06990002718219368,-0.7034078784222174,0.012229773832811704,-0.6239584817670714,0.0599663266146839,-0.6754752435142102,0.16312147869940194,-0.8250559141857257,0.15761311429159441,-0.6685027606509462,0.09795314683809783,-0.5936683873772703,0.15696379300783334,-0.6225759574130386,0.2359564152073448,-0.7544278312247054,0.22671569258066637,-0.6369494828124661,0.17800210762637036,-0.5701692861671925
A,0.0,0.0,-0.1570646173370142,-0.19483013127632207,-0.23549227468386102,-0.4792490258957475,-0.1488082236346454,-0.7835048763241929,-0.055638768525629094,-0.9947461215667289,-0.14891585283944236,-0.7845986102591058,-0.0058409050666489845,-0.9999829417685095,-0.018319511644945757,-0.7957333407190089,-0.07151131105598163,-0.7065142602967298,-0.02965120780374612,-0.7644345127169284,0.11627740283773491,-0.9239227015153191,0.09195532961300641,-0.7215338520143635,0.028315839922885878,-0.6861149099867552,0.07164531579713199,-0.7258845392770451,0.20568196283824114,-0.8582216658708663,0.17058590842502377,-0.6841507833521799,0.10283396212315556,-0.6455757106115733,0.1588709161653457,-0.666505124119876,0.2592638649401814,-0.7871783078792194,0.2345716833827519,-0.653916761277399,0.17942256392716746,-0.6061264164644142
A,0.0,0.0,-0.11792021705727478,-0.22480826774248483,-0.17107265717538778,-0.5145856638426658,-0.0996232442203998,-0.800287959413527,-0.010333543935545308,-0.999946607509487,-0.15499212607873938,-0.7229634982191118,-0.007187181749641427,-0.9595648121559507,0.022108858595977568,-0.8104839854526565,-0.010864307850938235,-0.6793675668166815,-0.05246682080646957,-0.7041664961256417,0.09754353230841474,-0.8929620184729249,0.11390264550467917,-0.7551509606962478,0.06639356158274844,-0.6671887612510062,0.04459559588153332,-0.6681986706163753,0.17266022051252072,-0.8262717492225514,0.1723402648337538,-0.7048749694143399,0.12120527924185595,-0.62693975538484,0.12850121439955117,-0.621833467649445,0.22036395727350425,-0.7608967657550894,0.21732240815478265,-0.6658088538778021,0.17328555260883,-0.5960139900547629
A,0.0,0.0,-0.12417866804689097,-0.24044325236413808,-0.2058472175499876,-0.5285773778835245,-0.16240079761619353,-0.8083869397160571,-0.0709448077376,-0.9974802425387057,-0.21227580861538464,-0.7097686588301847,-0.09677074414550049,-0.919005068790874,-0.03858549291067124,-0.7836458162712884,-0.04509625535409563,-0.6888181613630862,-0.11144361218435773,-0.7055230748099501,0.014871888624171206,-0.8857722119062461,0.05758630481425371,-0.7354877347533569,0.0265666096089269,-0.6555131218229894,-0.012351338143121077,-0.683502276297399,0.10528641282620702,-0.8363872137118054,0.12171804990119106,-0.6988668162568076,0.08234062091145801,-0.61539615043101,0.07840280262589935,-0.645014409014751,0.17021009399220619,-0.7754528021758635,0.1716081382174514,-0.6739579576596436,0.13180816741685294,-0.6001441249502306
A,0.0,0.0,-0.15948139899369093,-0.27470537743398155,-0.2511411627344789,-0.5333795326298632,-0.23285069666355376,-0.7989445813203492,-0.1511186729876391,-0.9885156279363797,-0.21605876424923,-0.7167342983574247,-0.13913948575698928,-0.9093351075664383,-0.07041146469239656,-0.8912815006334778,-0.04381567099547852,-0.8400548995544433,-0.12008431342008939,-0.7202323300130403,-0.04019848320910763,-0.8993519671663815,0.02204461075148724,-0.8548533281043793,0.026180926924593492,-0.784026088437442,-0.022871438049044752,-0.6978415125767674,0.06021199052445952,-0.8605657384033437,0.09401673013206793,-0.7975572116150011,0.0749546554583255,-0.7110705676972444,0.0682590254401873,-0.6455572191968373,0.1327101406286181,-0.7954879636857887,0.14819353528995322,-0.7368580614218138,0.12345120067569705,-0.6535846369446968
A,0.0,0.0,-0.20634876105647668,-0.19115730959034744,-0.31563467643662896,-0.45967102241625546,-0.27270685928038246,-0.7429482310251221,-0.18820219172342237,-0.9444921459815351,-0.23465430390406503,-0.7102195691841084,-0.17824802835808112,-0.9839855895217453,-0.14210040242654193,-0.8572675996432942,-0.15448380921859503,-0.7088510472729306,-0.11007628749875163,-0.7054176489433189,-0.03255311028456263,-0.9185072971815864,-0.018782065967406888,-0.7501015668359302,-0.06326644025751885,-0.6393517465322616,0.00398814124799669,-0.6728817036998316,0.08918253136452423,-0.8534208749268831,0.07645972489666587,-0.6873225747334903,0.023455248400132345,-0.5898413311809577,0.11304544949019277,-0.6044152312829494,0.18468023738644554,-0.741705521062734,0.16423862403872194,-0.6149395470921865,0.1107390921529966,-0.5306742148238546
A,0.0,0.0,-0.17677650390728017,0.3213807891322589,-0.46272784494712216,0.44743901410733883,-0.7083481985129418,0.3930148057952622,-0.9024262203671629,0.31809606736002727,-0.6952254170242101,0.21928441457707157,-0.9516466784812384,0.23991763751209924,-0.8211367425121621,0.33878099234918374,-0.7127813419041658,0.30213654598473955,-0.7056710784601645,0.03144715892320919,-0.9987667406463308,0.049648743979130716,-0.790944794569747,0.18874286226864254,-0.6689107128076934,0.12137877874265894,-0.6922074121978811,-0.17481695502242167,-0.9715503279857817,-0.13853237136806457,-0.7528865432251374,0.004249006115110405,-0.631427646815267,-0.05896742373520578,-0.6470297674830451,-0.4090773209450446,-0.8901948889783904,-0.33040361824526354,-0.7475674892397538,-0.2083367097821758,-0.63057015183419,-0.2545226471359645
A,0.0,0.0,-0.2188383944951217,0.2678720741808438,-0.48740117847153097,0.34145810604275817,-0.7074948169321942,0.26241518188317364,-0.8871857990246743,0.17736711198182536,-0.724536768504248,0.07533620989428416,-0.9734748672564169,0.032710013388697286,-0.8559898931430504,0.1724059677872776,-0.7199866108836968,0.20407604981022956,-0.712350848690263,-0.0975801586494101,-0.9919750630948596,-0.1264336750946879,-0.7960143446098406,0.04762356531522323,-0.63465912302439,0.04338243622282945,-0.6760285492463839,-0.29188248169422204,-0.944338676708004,-0.3018365174987885,-0.7467309592908955,-0.12913993875450808,-0.5897984986459655,-0.13511577918968326,-0.6065375269620678,-0.5085020167606312,-0.8325789216057587,-0.48532436837614334,-0.7139198018926531,-0.35084353749587793,-0.5958857602988991,-0.3594185958181958
A,0.0,0.0,-0.21532832203062077,0.2778369615671618,-0.4897194542128571,0.3350962047752102,-0.695641491878498,0.2141726107795735,-0.8335938702881566,0.07886998852915852,-0.7266961592817701,0.06956708107471385,-0.9728722934452202,-0.04128461922324268,-0.9397097109810053,0.04551668124472157,-0.8320253615405756,0.08216384675414119,-0.6965315072230764,-0.13304598240944804,-0.9666379251595278,-0.2561466799380442,-0.859471271866754,-0.11445031243780453,-0.7118533044961116,-0.0726377506802878,-0.6344205492265726,-0.3335371308192679,-0.8929287676567058,-0.446609760779086,-0.7790628036042623,-0.28593180989437067,-0.6383525240043193,-0.2416739124631142,-0.5342913374518726,-0.5322212630068569,-0.7556776073094804,-0.6023235909706618,-0.6910344729764124,-0.46532473521274065,-0.5789444816382274,-0.4150391218674898
A,0.0,0.0,-0.2628430458439402,0.20908846841735382,-0.5343971544386936,0.1823095617016781,-0.7087724158818138,0.022977442163873252,-0.8523450062922157,-0.0948077816235407,-0.7197910016632646,-0.09377368191417723,-0.937679314171334,-0.24817482446878072,-0.9102460780932347,-0.149906451130253,-0.8102919480309437,-0.0747445844675635,-0.6648606900820526,-0.2767210440108724,-0.8978186700239701,-0.4403653435005865,-0.8095318134819476,-0.29146092390341116,-0.6830473050701956,-0.22601413104166734,-0.5755203345635308,-0.4498496056129568,-0.7997407262261023,-0.5937209051469093,-0.7057005023405127,-0.43388242514651804,-0.5864263848004232,-0.37302890365844765,-0.44980595726190115,-0.6111790578589311,-0.6462075029241221,-0.7164010787071295,-0.594750847870458,-0.588526256492025,-0.50168890131329,-0.5319203826998813
A,0.0,0.0,-0.2694495880470333,0.14343583050777103,-0.5328733283041327,0.04089846768009185,-0.6909558755678139,-0.16155475602280345,-0.8154805402710084,-0.305402130066631,-0.6221356596118537,-0.35173304835320995,-0.7860504317841138,-0.5607379388473659,-0.7086990398145697,-0.39322795043841685,-0.6078714429597967,-0.28854896668186814,-0.5377727465078308,-0.4919543593777797,-0.7167677988291529,-0.6973119263009997,-0.6229789631906963,-0.4846054218985868,-0.5172640970188985,-0.40726902621102995,-0.4292497790773229,-0.6184679297078338,-0.6011707624804344,-0.7979309039924304,-0.5173553085821251,-0.5878041397445412,-0.42162606795032476,-0.5145326856073134,-0.28873044067654985,-0.7295038184161625,-0.45181690555195464,-0.8621681422772599,-0.4123409965707591,-0.7062584423777255,-0.33429066396479434,-0.641444511628625
A,0.0,0.0,-0.2892733020854053,0.08777512581242577,-0.5235508077798409,-0.030975423655793054,-0.6468204534469183,-0.2502490346675995,-0.7230911935682899,-0.4287084701729886,-0.575523464842482,-0.4011224583950385,-0.7143860741014393,-0.6373818915940486,-0.6649161299126479,-0.4900873867568421,-0.581259641115229,-0.374350824289649,-0.48667374813025616,-0.532616995531661,-0.6385932290311979,-0.7626986078012093,-0.5645460558009373,-0.5548655853754338,-0.4701130605191424,-0.4641220547410988,-0.37398015503388127,-0.6472375124400939,-0.5193096013619343,-0.8545861793484076,-0.4532798668490196,-0.6407246445483865,-0.36451790480446283,-0.5485162031733921,-0.23045308908360743,-0.7399207980904507,-0.37733914888274694,-0.9050025818547585,-0.3458111758982157,-0.7490042137524882,-0.26964873831659514,-0.6696558689824658
A,0.0,0.0,-0.3221953485411226,0.03157645414673839,-0.5475996774460421,-0.07515900739790797,-0.6553520897790016,-0.3110043583399866,-0.7343752647146411,-0.507774139936769,-0.572514216504765,-0.4241472140549645,-0.6920044236216594,-0.641754857311571,-0.6265487429898485,-0.5262578719217532,-0.5449500542725557,-0.4074230372865214,-0.45970480584960155,-0.5694108739208967,-0.5857868781580272,-0.8102950970664125,-0.5059409473627379,-0.644954494901388,-0.4310247544308103,-0.5301389382889601,-0.32354895422278185,-0.6825029387405801,-0.43863829075408356,-0.8986637023293731,-0.37007586889113575,-0.7187693373044944,-0.3042899530330421,-0.6076280960170893,-0.15805163665591937,-0.7565277420194021,-0.27051967207430777,-0.927069218574342,-0.2378418673987483,-0.7865504479230977,-0.1892895477719401,-0.6889258156373583
A,0.0,0.0,-0.2939487790863967,-0.043858387125823003,-0.4631096390555265,-0.24759274323691818,-0.5150178471524647,-0.5176757869443074,-0.5562923563661354,-0.7274380747109688,-0.40247412012611444,-0.5446470074738584,-0.47598335712381196,-0.7948230996095025,-0.4673465075872457,-0.6832656299476966,-0.4275532359673837,-0.5573311623976981,-0.28056756080442297,-0.6351319326478388,-0.36344703628543085,-0.9316148623843099,-0.3447047959407223,-0.7441450240666607,-0.2967735344453517,-0.6203472417457313,-0.14277966574777914,-0.6910814506465517,-0.21435147924033665,-0.9731085594943026,-0.20459858771195905,-0.7702490152525985,-0.16468664074678352,-0.6490335238035423,0.01816667373682861,-0.7092165599156075,-0.05542420766633718,-0.9365417407618117,-0.06707537570630415,-0.7967917349067978,-0.0446450300908207,-0.6956851018205474
A,0.0,0.0,-0.285585817785022,-0.08683439773400313,-0.4112634971552945,-0.3326983493377697,-0.40906145371928593,-0.604625002315779,-0.42089511132385554,-0.7932589986462152,-0.32543471842782623,-0.611085152942957,-0.3643432934091793,-0.8646295302812426,-0.3745645775284183,-0.7988683059423806,-0.35692031967263266,-0.6970644785023539,-0.19918496109622472,-0.6815180653764329,-0.2399845057788483,-0.9707767183992836,-0.24275016948899888,-0.8361924178061201,-0.2207865707868099,-0.7216195125586411,-0.06901557321467772,-0.7046143175467056,-0.09772654560091537,-0.993796343923642,-0.11318736693250385,-0.8494701409209989,-0.09568316837653501,-0.7356125868557968,0.08478036382376715,-0.6852607611104263,0.0521353828193661,-0.9332947860926345,0.021697181555798327,-0.8251292555042866,0.0172990150648121,-0.717472539377109
A,0.0,0.0,-0.1542465658953486,-0.23464664400094887,-0.17622517748000177,-0.5209417488484005,-0.10849360123861494,-0.7237201354101349,-0.067536472833885,-0.8809022174499757,-0.03152606672761462,-0.7751724292012756,0.024400537762356976,-0.9997022625546608,-0.019718055982313056,-0.8732124992697224,-0.045227522613788686,-0.7479049046065631,0.09261318673594847,-0.7451344058300983,0.14775269180936285,-0.9759230470923622,0.0833169044376915,-0.8263477186996782,0.0618157187925794,-0.7188730921111467,0.20761053879067973,-0.6802155703801961,0.2620434777855244,-0.8880681650339214,0.18913224036429144,-0.7437633637382844,0.16324031635222228,-0.6458655185837174,0.31538754527090007,-0.5697285411018487,0.3564230797178971,-0.7617368852801547,0.290691769252487,-0.6655153491532826,0.2615086148615318,-0.5777230703688999
A,0.0,0.0,-0.07725893167977096,-0.3222517638546054,-0.021287406106661647,-0.6368701953837171,0.1064532247115815,-0.8164153674323231,0.21012263842469786,-0.93942761572768,0.20737756644092564,-0.7653541707379939,0.3205485173397466,-0.9472320982902185,0.23045173021707094,-0.8261656916509121,0.18265032634927791,-0.7324377569665907,0.32127852549367286,-0.6666841538841606,0.43671920161400957,-0.8504156797828595,0.31262226090725126,-0.7137301469654419,0.2793968876170268,-0.6373555444325542,0.41521650819618566,-0.5354112870049016,0.5290437996144349,-0.6983345639540831,0.39943131230754664,-0.575740188964758,0.3581552096851578,-0.5080396328611018,0.49182989547537725,-0.3677556583714922,0.5828722955960487,-0.5144976171301543,0.47621108683017327,-0.44136153271901246,0.42616631297217195,-0.3815008640970608
A,0.0,0.0,-0.015195242308325526,-0.37205061892404123,0.11084707990969402,-0.6715443493943234,0.28236283084200814,-0.8109053793346928,0.420269931300775,-0.8951769652429605,0.3570575833626758,-0.7302066956871577,0.5153714726859354,-0.856966886840752,0.3992708655805669,-0.758225274171647,0.3140823525377274,-0.6799919035791775,0.45010802066924266,-0.5895533617272891,0.601752935568107,-0.7119647084665908,0.4620448656744775,-0.620296833554464,0.39915262011262137,-0.57187531443077,0.5225435151070931,-0.419022756468746,0.6578628589788982,-0.5282805193344265,0.5134704493935804,-0.4513408521161067,0.45039523821120503,-0.41493734056736176,0.5714537588423844,-0.22156087128895238,0.6867906681473829,-0.3360011441018077,0.5726187215887116,-0.29770430571128403,0.5094749420284743,-0.2640186907319734
A,0.0,0.0,0.043400299150000446,-0.40061857015768976,0.20851025274347854,-0.6611897251621873,0.40468400038698327,-0.7346049672964705,0.5554621505331129,-0.7944796721460338,0.48195435113241974,-0.6393017040294102,0.6689448425052205,-0.7433120459710482,0.5892991178290662,-0.7028337994146466,0.4903896659183893,-0.6353776697943346,0.5625343134082528,-0.45049315162789233,0.765600623443991,-0.5359467463060967,0.6458047381813057,-0.5114218277324051,0.5468078491934244,-0.4718730924471848,0.6054379542053042,-0.24115618525805388,0.794283135652678,-0.2995420966308946,0.6637600601434283,-0.29239667566404304,0.5705493788186501,-0.2719883892117015,0.6119957349956293,-0.009278964422778972,0.7707531092277168,-0.076340051752839,0.6691772203230157,-0.0983489881230113,0.5839851491550082,-0.10005952517840962
A,0.0,0.0,0.08670943523734678,-0.4115699325427553,0.3023702080244978,-0.6545397596559434,0.5303749876343031,-0.6967726461036514,0.7002789588373958,-0.7138693016299361,0.5992823832604451,-0.49744260966597603,0.8320982000313059,-0.5426005002345363,0.720547910774803,-0.5613809758345011,0.5915407607289308,-0.5423751036158004,0.6517697425434028,-0.27865633709902105,0.9076133658649976,-0.3272144966587966,0.756653873134931,-0.35480561875342304,0.6329175693523353,-0.32970072869517636,0.6626518912959702,-0.04597962224143731,0.912394350143555,-0.07764248058766551,0.7636561947569918,-0.11676231773546168,0.6421073114933661,-0.10584754013903919,0.6328214001283414,0.19911837827951012,0.8405885686639162,0.1706497120159387,0.7410237982745543,0.10377947249627605,0.6373696892309847,0.0817404057797299
A,0.0,0.0,0.1277560962374032,-0.43004862552177636,0.3549252740159425,-0.6312318593175891,0.5906233967340241,-0.6395849635603922,0.7651924923022713,-0.6438015608277433,0.6229485544353235,-0.4093191103056924,0.8540542371754667,-0.4440496613547507,0.7195692141231554,-0.4961548839961028,0.5880399255305345,-0.49193604956976017,0.658394996361691,-0.19075941519039266,0.9280693001168663,-0.22012660127301023,0.7550322110260607,-0.29499491665380273,0.6294197605344002,-0.27783322259750837,0.6525654074614027,0.0314459542176041,0.9161456901234836,0.034764555865730476,0.7525109328425374,-0.04865955036250336,0.6308524371526152,-0.04039145816138064,0.6107994388155884,0.26963895664310816,0.8247255302275044,0.2699172592216621,0.7214605083346466,0.17345185836784657,0.6240461046365982,0.14937555330034216
